module_id,title,subtitle,domain,category,status,dependencies,related_modules,difficulty,content_type
SLP-001,Why Sleep Matters,"Core concepts, physiology, evidence, and practical implications of why sleep matters.",Sleep,Sleep Foundations,pending,,,Foundation,foundational
SLP-002,What Happens During Sleep,"Core concepts, physiology, evidence, and practical implications of what happens during sleep.",Sleep,Sleep Foundations,pending,,,Foundation,foundational
SLP-003,Sleep Architecture,"Core concepts, physiology, evidence, and practical implications of sleep architecture.",Sleep,Sleep Foundations,pending,,,Foundation,foundational
SLP-004,Non-REM Sleep,"Core concepts, physiology, evidence, and practical implications of non-rem sleep.",Sleep,Sleep Foundations,pending,,,Foundation,foundational
SLP-005,REM Sleep,"Core concepts, physiology, evidence, and practical implications of rem sleep.",Sleep,Sleep Foundations,pending,,,Foundation,foundational
SLP-006,Deep Sleep,"Core concepts, physiology, evidence, and practical implications of deep sleep.",Sleep,Sleep Foundations,pending,,,Foundation,foundational
SLP-007,Sleep Cycles,"Core concepts, physiology, evidence, and practical implications of sleep cycles.",Sleep,Sleep Foundations,pending,,,Foundation,foundational
SLP-008,Circadian Rhythm,"Core concepts, physiology, evidence, and practical implications of circadian rhythm.",Sleep,Sleep Foundations,pending,,,Foundation,foundational
SLP-009,Sleep Pressure and Adenosine,"Core concepts, physiology, evidence, and practical implications of sleep pressure and adenosine.",Sleep,Sleep Foundations,pending,,,Foundation,foundational
SLP-010,Chronotypes,"Core concepts, physiology, evidence, and practical implications of chronotypes.",Sleep,Sleep Foundations,pending,,,Foundation,foundational
SLP-011,Sleep Need Across Adulthood,"Core concepts, physiology, evidence, and practical implications of sleep need across adulthood.",Sleep,Sleep Foundations,pending,,,Foundation,foundational
SLP-012,Sleep Quantity vs Sleep Quality,"Core concepts, physiology, evidence, and practical implications of sleep quantity vs sleep quality.",Sleep,Sleep Foundations,pending,,,Foundation,foundational
SLP-013,Sleep Efficiency,"Core concepts, physiology, evidence, and practical implications of sleep efficiency.",Sleep,Sleep Foundations,pending,,,Foundation,foundational
SLP-014,Sleep Continuity,"Core concepts, physiology, evidence, and practical implications of sleep continuity.",Sleep,Sleep Foundations,pending,,,Foundation,foundational
SLP-015,Sleep Timing,"Core concepts, physiology, evidence, and practical implications of sleep timing.",Sleep,Sleep Foundations,pending,,,Foundation,foundational
SLP-016,Sleep Regularity,"Core concepts, physiology, evidence, and practical implications of sleep regularity.",Sleep,Sleep Foundations,pending,,,Foundation,foundational
SLP-017,Sleep Inertia,"Core concepts, physiology, evidence, and practical implications of sleep inertia.",Sleep,Sleep Foundations,pending,,,Foundation,foundational
SLP-018,Dreaming,"Core concepts, physiology, evidence, and practical implications of dreaming.",Sleep,Sleep Foundations,pending,,,Foundation,foundational
SLP-019,Body Temperature and Sleep,"Core concepts, physiology, evidence, and practical implications of body temperature and sleep.",Sleep,Sleep Foundations,pending,,,Foundation,foundational
SLP-020,Hormones and Sleep,"Core concepts, physiology, evidence, and practical implications of hormones and sleep.",Sleep,Sleep Foundations,pending,,,Foundation,foundational
SLP-021,Sleep and Brain Health,"How sleep and brain health are connected, what the evidence shows, and what matters in practice.",Sleep,Sleep and Health,pending,,,Foundation,foundational
SLP-022,Sleep and Memory,"How sleep and memory are connected, what the evidence shows, and what matters in practice.",Sleep,Sleep and Health,pending,,,Foundation,foundational
SLP-023,Sleep and Learning,"How sleep and learning are connected, what the evidence shows, and what matters in practice.",Sleep,Sleep and Health,pending,,,Foundation,foundational
SLP-024,Sleep and Attention,"How sleep and attention are connected, what the evidence shows, and what matters in practice.",Sleep,Sleep and Health,pending,,,Foundation,foundational
SLP-025,Sleep and Mood,"How sleep and mood are connected, what the evidence shows, and what matters in practice.",Sleep,Sleep and Health,pending,,,Foundation,foundational
SLP-026,Sleep and Stress,"How sleep and stress are connected, what the evidence shows, and what matters in practice.",Sleep,Sleep and Health,pending,,,Foundation,foundational
SLP-027,Sleep and Anxiety,"How sleep and anxiety are connected, what the evidence shows, and what matters in practice.",Sleep,Sleep and Health,pending,,,Foundation,foundational
SLP-028,Sleep and Depression,"How sleep and depression are connected, what the evidence shows, and what matters in practice.",Sleep,Sleep and Health,pending,,,Foundation,foundational
SLP-029,Sleep and Immunity,"How sleep and immunity are connected, what the evidence shows, and what matters in practice.",Sleep,Sleep and Health,pending,,,Foundation,foundational
SLP-030,Sleep and Inflammation,"How sleep and inflammation are connected, what the evidence shows, and what matters in practice.",Sleep,Sleep and Health,pending,,,Foundation,foundational
SLP-031,Sleep and Cardiovascular Health,"How sleep and cardiovascular health are connected, what the evidence shows, and what matters in practice.",Sleep,Sleep and Health,pending,,,Foundation,foundational
SLP-032,Sleep and Blood Pressure,"How sleep and blood pressure are connected, what the evidence shows, and what matters in practice.",Sleep,Sleep and Health,pending,,,Foundation,foundational
SLP-033,Sleep and Glucose Regulation,"How sleep and glucose regulation are connected, what the evidence shows, and what matters in practice.",Sleep,Sleep and Health,pending,,,Foundation,foundational
SLP-034,Sleep and Diabetes Risk,"How sleep and diabetes risk are connected, what the evidence shows, and what matters in practice.",Sleep,Sleep and Health,pending,,,Foundation,foundational
SLP-035,Sleep and Appetite,"How sleep and appetite are connected, what the evidence shows, and what matters in practice.",Sleep,Sleep and Health,pending,,,Foundation,foundational
SLP-036,Sleep and Weight Regulation,"How sleep and weight regulation are connected, what the evidence shows, and what matters in practice.",Sleep,Sleep and Health,pending,,,Foundation,foundational
SLP-037,Sleep and Exercise Recovery,"How sleep and exercise recovery are connected, what the evidence shows, and what matters in practice.",Sleep,Sleep and Health,pending,,,Foundation,foundational
SLP-038,Sleep and Muscle Adaptation,"How sleep and muscle adaptation are connected, what the evidence shows, and what matters in practice.",Sleep,Sleep and Health,pending,,,Foundation,foundational
SLP-039,Sleep and Athletic Performance,"How sleep and athletic performance are connected, what the evidence shows, and what matters in practice.",Sleep,Sleep and Health,pending,,,Foundation,foundational
SLP-040,Sleep and Pain,"How sleep and pain are connected, what the evidence shows, and what matters in practice.",Sleep,Sleep and Health,pending,,,Foundation,foundational
SLP-041,Sleep Hygiene,Evidence-based ways to understand and improve sleep hygiene.,Sleep,Healthy Sleep Habits,pending,,,Foundation,foundational
SLP-042,Building a Bedtime Routine,Evidence-based ways to understand and improve building a bedtime routine.,Sleep,Healthy Sleep Habits,pending,,,Foundation,foundational
SLP-043,Keeping a Consistent Sleep Schedule,Evidence-based ways to understand and improve keeping a consistent sleep schedule.,Sleep,Healthy Sleep Habits,pending,,,Foundation,foundational
SLP-044,Morning Light Exposure,Evidence-based ways to understand and improve morning light exposure.,Sleep,Healthy Sleep Habits,pending,,,Foundation,foundational
SLP-045,Evening Light Exposure,Evidence-based ways to understand and improve evening light exposure.,Sleep,Healthy Sleep Habits,pending,,,Foundation,foundational
SLP-046,Bedroom Darkness,Evidence-based ways to understand and improve bedroom darkness.,Sleep,Healthy Sleep Habits,pending,,,Foundation,foundational
SLP-047,Bedroom Temperature,Evidence-based ways to understand and improve bedroom temperature.,Sleep,Healthy Sleep Habits,pending,,,Foundation,foundational
SLP-048,Noise and Sleep,Evidence-based ways to understand and improve noise and sleep.,Sleep,Healthy Sleep Habits,pending,,,Foundation,foundational
SLP-049,Mattresses and Sleep,Evidence-based ways to understand and improve mattresses and sleep.,Sleep,Healthy Sleep Habits,pending,,,Foundation,foundational
SLP-050,Pillows and Sleep,Evidence-based ways to understand and improve pillows and sleep.,Sleep,Healthy Sleep Habits,pending,,,Foundation,foundational
SLP-051,Screen Use Before Bed,Evidence-based ways to understand and improve screen use before bed.,Sleep,Healthy Sleep Habits,pending,,,Foundation,foundational
SLP-052,Caffeine and Sleep,Evidence-based ways to understand and improve caffeine and sleep.,Sleep,Healthy Sleep Habits,pending,,,Foundation,foundational
SLP-053,Alcohol and Sleep,Evidence-based ways to understand and improve alcohol and sleep.,Sleep,Healthy Sleep Habits,pending,,,Foundation,foundational
SLP-054,Nicotine and Sleep,Evidence-based ways to understand and improve nicotine and sleep.,Sleep,Healthy Sleep Habits,pending,,,Foundation,foundational
SLP-055,Cannabis and Sleep,Evidence-based ways to understand and improve cannabis and sleep.,Sleep,Healthy Sleep Habits,pending,,,Foundation,foundational
SLP-056,Meal Timing and Sleep,Evidence-based ways to understand and improve meal timing and sleep.,Sleep,Healthy Sleep Habits,pending,,,Foundation,foundational
SLP-057,Exercise Timing and Sleep,Evidence-based ways to understand and improve exercise timing and sleep.,Sleep,Healthy Sleep Habits,pending,,,Foundation,foundational
SLP-058,Relaxation Before Bed,Evidence-based ways to understand and improve relaxation before bed.,Sleep,Healthy Sleep Habits,pending,,,Foundation,foundational
SLP-059,Breathing Exercises for Sleep,Evidence-based ways to understand and improve breathing exercises for sleep.,Sleep,Healthy Sleep Habits,pending,,,Foundation,foundational
SLP-060,Meditation and Sleep,Evidence-based ways to understand and improve meditation and sleep.,Sleep,Healthy Sleep Habits,pending,,,Foundation,foundational
SLP-061,Napping,"Practical guidance, tradeoffs, and evidence related to napping.",Sleep,Sleep Timing and Real Life,pending,,,Foundation,foundational
SLP-062,Power Naps,"Practical guidance, tradeoffs, and evidence related to power naps.",Sleep,Sleep Timing and Real Life,pending,,,Foundation,foundational
SLP-063,Long Naps,"Practical guidance, tradeoffs, and evidence related to long naps.",Sleep,Sleep Timing and Real Life,pending,,,Foundation,foundational
SLP-064,Weekend Catch-Up Sleep,"Practical guidance, tradeoffs, and evidence related to weekend catch-up sleep.",Sleep,Sleep Timing and Real Life,pending,,,Foundation,foundational
SLP-065,Sleep Debt,"Practical guidance, tradeoffs, and evidence related to sleep debt.",Sleep,Sleep Timing and Real Life,pending,,,Foundation,foundational
SLP-066,Social Jet Lag,"Practical guidance, tradeoffs, and evidence related to social jet lag.",Sleep,Sleep Timing and Real Life,pending,,,Foundation,foundational
SLP-067,Jet Lag,"Practical guidance, tradeoffs, and evidence related to jet lag.",Sleep,Sleep Timing and Real Life,pending,,,Foundation,foundational
SLP-068,Shift Work and Sleep,"Practical guidance, tradeoffs, and evidence related to shift work and sleep.",Sleep,Sleep Timing and Real Life,pending,,,Foundation,foundational
SLP-069,Night Shift Sleep Strategies,"Practical guidance, tradeoffs, and evidence related to night shift sleep strategies.",Sleep,Sleep Timing and Real Life,pending,,,Foundation,foundational
SLP-070,Travel and Sleep,"Practical guidance, tradeoffs, and evidence related to travel and sleep.",Sleep,Sleep Timing and Real Life,pending,,,Foundation,foundational
SLP-071,Sleeping in Hotels,"Practical guidance, tradeoffs, and evidence related to sleeping in hotels.",Sleep,Sleep Timing and Real Life,pending,,,Foundation,foundational
SLP-072,Daylight Saving Time,"Practical guidance, tradeoffs, and evidence related to daylight saving time.",Sleep,Sleep Timing and Real Life,pending,,,Foundation,foundational
SLP-073,Early Morning Schedules,"Practical guidance, tradeoffs, and evidence related to early morning schedules.",Sleep,Sleep Timing and Real Life,pending,,,Foundation,foundational
SLP-074,Late-Night Schedules,"Practical guidance, tradeoffs, and evidence related to late-night schedules.",Sleep,Sleep Timing and Real Life,pending,,,Foundation,foundational
SLP-075,Sleep for Busy Professionals,"Practical guidance, tradeoffs, and evidence related to sleep for busy professionals.",Sleep,Sleep Timing and Real Life,pending,,,Foundation,foundational
SLP-076,Insomnia,"Definitions, symptoms, evaluation, management, safety, and evidence related to insomnia.",Sleep,Sleep Problems and Disorders,pending,,,Foundation,foundational
SLP-077,Acute Insomnia,"Definitions, symptoms, evaluation, management, safety, and evidence related to acute insomnia.",Sleep,Sleep Problems and Disorders,pending,,,Foundation,foundational
SLP-078,Chronic Insomnia,"Definitions, symptoms, evaluation, management, safety, and evidence related to chronic insomnia.",Sleep,Sleep Problems and Disorders,pending,,,Foundation,foundational
SLP-079,Cognitive Behavioral Therapy for Insomnia,"Definitions, symptoms, evaluation, management, safety, and evidence related to cognitive behavioral therapy for insomnia.",Sleep,Sleep Problems and Disorders,pending,,,Foundation,foundational
SLP-080,Stimulus Control for Insomnia,"Definitions, symptoms, evaluation, management, safety, and evidence related to stimulus control for insomnia.",Sleep,Sleep Problems and Disorders,pending,,,Foundation,foundational
SLP-081,Sleep Restriction Therapy,"Definitions, symptoms, evaluation, management, safety, and evidence related to sleep restriction therapy.",Sleep,Sleep Problems and Disorders,pending,,,Foundation,foundational
SLP-082,Relaxation Therapy for Insomnia,"Definitions, symptoms, evaluation, management, safety, and evidence related to relaxation therapy for insomnia.",Sleep,Sleep Problems and Disorders,pending,,,Foundation,foundational
SLP-083,Sleep Medications,"Definitions, symptoms, evaluation, management, safety, and evidence related to sleep medications.",Sleep,Sleep Problems and Disorders,pending,,,Foundation,foundational
SLP-084,Melatonin,"Definitions, symptoms, evaluation, management, safety, and evidence related to melatonin.",Sleep,Sleep Problems and Disorders,pending,,,Foundation,foundational
SLP-085,Sleep Apnea,"Definitions, symptoms, evaluation, management, safety, and evidence related to sleep apnea.",Sleep,Sleep Problems and Disorders,pending,,,Foundation,foundational
SLP-086,Obstructive Sleep Apnea,"Definitions, symptoms, evaluation, management, safety, and evidence related to obstructive sleep apnea.",Sleep,Sleep Problems and Disorders,pending,,,Foundation,foundational
SLP-087,Central Sleep Apnea,"Definitions, symptoms, evaluation, management, safety, and evidence related to central sleep apnea.",Sleep,Sleep Problems and Disorders,pending,,,Foundation,foundational
SLP-088,Snoring,"Definitions, symptoms, evaluation, management, safety, and evidence related to snoring.",Sleep,Sleep Problems and Disorders,pending,,,Foundation,foundational
SLP-089,CPAP Therapy,"Definitions, symptoms, evaluation, management, safety, and evidence related to cpap therapy.",Sleep,Sleep Problems and Disorders,pending,,,Foundation,foundational
SLP-090,Oral Appliances for Sleep Apnea,"Definitions, symptoms, evaluation, management, safety, and evidence related to oral appliances for sleep apnea.",Sleep,Sleep Problems and Disorders,pending,,,Foundation,foundational
SLP-091,Restless Legs Syndrome,"Definitions, symptoms, evaluation, management, safety, and evidence related to restless legs syndrome.",Sleep,Sleep Problems and Disorders,pending,,,Foundation,foundational
SLP-092,Periodic Limb Movements,"Definitions, symptoms, evaluation, management, safety, and evidence related to periodic limb movements.",Sleep,Sleep Problems and Disorders,pending,,,Foundation,foundational
SLP-093,Parasomnias,"Definitions, symptoms, evaluation, management, safety, and evidence related to parasomnias.",Sleep,Sleep Problems and Disorders,pending,,,Foundation,foundational
SLP-094,Sleepwalking,"Definitions, symptoms, evaluation, management, safety, and evidence related to sleepwalking.",Sleep,Sleep Problems and Disorders,pending,,,Foundation,foundational
SLP-095,Nightmares,"Definitions, symptoms, evaluation, management, safety, and evidence related to nightmares.",Sleep,Sleep Problems and Disorders,pending,,,Foundation,foundational
SLP-096,Sleep Paralysis,"Evidence, common questions, limitations, and practical considerations for sleep paralysis.",Sleep,Special Sleep Topics,pending,,,Foundation,foundational
SLP-097,REM Sleep Behavior Disorder,"Evidence, common questions, limitations, and practical considerations for rem sleep behavior disorder.",Sleep,Special Sleep Topics,pending,,,Foundation,foundational
SLP-098,Sleep Tracking Devices,"Evidence, common questions, limitations, and practical considerations for sleep tracking devices.",Sleep,Special Sleep Topics,pending,,,Foundation,foundational
SLP-099,Sleep Scores,"Evidence, common questions, limitations, and practical considerations for sleep scores.",Sleep,Special Sleep Topics,pending,,,Foundation,foundational
SLP-100,Smartwatches and Sleep,"Evidence, common questions, limitations, and practical considerations for smartwatches and sleep.",Sleep,Special Sleep Topics,pending,,,Foundation,foundational
STR-001,What Is Stress,"Core mechanisms, evidence, and practical implications of what is stress.",Stress and Mental Well-Being,Stress Foundations,pending,,,Foundation,foundational
STR-002,Acute Stress,"Core mechanisms, evidence, and practical implications of acute stress.",Stress and Mental Well-Being,Stress Foundations,pending,,,Foundation,foundational
STR-003,Chronic Stress,"Core mechanisms, evidence, and practical implications of chronic stress.",Stress and Mental Well-Being,Stress Foundations,pending,,,Foundation,foundational
STR-004,The Stress Response,"Core mechanisms, evidence, and practical implications of the stress response.",Stress and Mental Well-Being,Stress Foundations,pending,,,Foundation,foundational
STR-005,Fight Flight Freeze Response,"Core mechanisms, evidence, and practical implications of fight flight freeze response.",Stress and Mental Well-Being,Stress Foundations,pending,,,Foundation,foundational
STR-006,Stress and the Autonomic Nervous System,"Core mechanisms, evidence, and practical implications of stress and the autonomic nervous system.",Stress and Mental Well-Being,Stress Foundations,pending,,,Foundation,foundational
STR-007,Stress and the HPA Axis,"Core mechanisms, evidence, and practical implications of stress and the hpa axis.",Stress and Mental Well-Being,Stress Foundations,pending,,,Foundation,foundational
STR-008,Cortisol,"Core mechanisms, evidence, and practical implications of cortisol.",Stress and Mental Well-Being,Stress Foundations,pending,,,Foundation,foundational
STR-009,Adrenaline and Noradrenaline,"Core mechanisms, evidence, and practical implications of adrenaline and noradrenaline.",Stress and Mental Well-Being,Stress Foundations,pending,,,Foundation,foundational
STR-010,Stress Appraisal,"Core mechanisms, evidence, and practical implications of stress appraisal.",Stress and Mental Well-Being,Stress Foundations,pending,,,Foundation,foundational
STR-011,Stress Resilience,"Core mechanisms, evidence, and practical implications of stress resilience.",Stress and Mental Well-Being,Stress Foundations,pending,,,Foundation,foundational
STR-012,Allostatic Load,"Core mechanisms, evidence, and practical implications of allostatic load.",Stress and Mental Well-Being,Stress Foundations,pending,,,Foundation,foundational
STR-013,Stress Recovery,"Core mechanisms, evidence, and practical implications of stress recovery.",Stress and Mental Well-Being,Stress Foundations,pending,,,Foundation,foundational
STR-014,Eustress and Distress,"Core mechanisms, evidence, and practical implications of eustress and distress.",Stress and Mental Well-Being,Stress Foundations,pending,,,Foundation,foundational
STR-015,Stress Triggers,"Core mechanisms, evidence, and practical implications of stress triggers.",Stress and Mental Well-Being,Stress Foundations,pending,,,Foundation,foundational
STR-016,Stress Reactivity,"Core mechanisms, evidence, and practical implications of stress reactivity.",Stress and Mental Well-Being,Stress Foundations,pending,,,Foundation,foundational
STR-017,Stress Tolerance,"Core mechanisms, evidence, and practical implications of stress tolerance.",Stress and Mental Well-Being,Stress Foundations,pending,,,Foundation,foundational
STR-018,Psychological Flexibility,"Core mechanisms, evidence, and practical implications of psychological flexibility.",Stress and Mental Well-Being,Stress Foundations,pending,,,Foundation,foundational
STR-019,Emotional Regulation,"Core mechanisms, evidence, and practical implications of emotional regulation.",Stress and Mental Well-Being,Stress Foundations,pending,,,Foundation,foundational
STR-020,Mental Well-Being,"Core mechanisms, evidence, and practical implications of mental well-being.",Stress and Mental Well-Being,Stress Foundations,pending,,,Foundation,foundational
STR-021,Stress and Sleep,"How stress and sleep are linked, including mechanisms, evidence, and practical relevance.",Stress and Mental Well-Being,Stress and the Body,pending,,,Foundation,foundational
STR-022,Stress and Appetite,"How stress and appetite are linked, including mechanisms, evidence, and practical relevance.",Stress and Mental Well-Being,Stress and the Body,pending,,,Foundation,foundational
STR-023,Stress and Weight,"How stress and weight are linked, including mechanisms, evidence, and practical relevance.",Stress and Mental Well-Being,Stress and the Body,pending,,,Foundation,foundational
STR-024,Stress and Blood Sugar,"How stress and blood sugar are linked, including mechanisms, evidence, and practical relevance.",Stress and Mental Well-Being,Stress and the Body,pending,,,Foundation,foundational
STR-025,Stress and Blood Pressure,"How stress and blood pressure are linked, including mechanisms, evidence, and practical relevance.",Stress and Mental Well-Being,Stress and the Body,pending,,,Foundation,foundational
STR-026,Stress and Heart Health,"How stress and heart health are linked, including mechanisms, evidence, and practical relevance.",Stress and Mental Well-Being,Stress and the Body,pending,,,Foundation,foundational
STR-027,Stress and Immunity,"How stress and immunity are linked, including mechanisms, evidence, and practical relevance.",Stress and Mental Well-Being,Stress and the Body,pending,,,Foundation,foundational
STR-028,Stress and Inflammation,"How stress and inflammation are linked, including mechanisms, evidence, and practical relevance.",Stress and Mental Well-Being,Stress and the Body,pending,,,Foundation,foundational
STR-029,Stress and Digestion,"How stress and digestion are linked, including mechanisms, evidence, and practical relevance.",Stress and Mental Well-Being,Stress and the Body,pending,,,Foundation,foundational
STR-030,Stress and the Gut,"How stress and the gut are linked, including mechanisms, evidence, and practical relevance.",Stress and Mental Well-Being,Stress and the Body,pending,,,Foundation,foundational
STR-031,Stress and Headaches,"How stress and headaches are linked, including mechanisms, evidence, and practical relevance.",Stress and Mental Well-Being,Stress and the Body,pending,,,Foundation,foundational
STR-032,Stress and Muscle Tension,"How stress and muscle tension are linked, including mechanisms, evidence, and practical relevance.",Stress and Mental Well-Being,Stress and the Body,pending,,,Foundation,foundational
STR-033,Stress and Pain,"How stress and pain are linked, including mechanisms, evidence, and practical relevance.",Stress and Mental Well-Being,Stress and the Body,pending,,,Foundation,foundational
STR-034,Stress and Fatigue,"How stress and fatigue are linked, including mechanisms, evidence, and practical relevance.",Stress and Mental Well-Being,Stress and the Body,pending,,,Foundation,foundational
STR-035,Stress and Sexual Health,"How stress and sexual health are linked, including mechanisms, evidence, and practical relevance.",Stress and Mental Well-Being,Stress and the Body,pending,,,Foundation,foundational
STR-036,Stress and Skin,"How stress and skin are linked, including mechanisms, evidence, and practical relevance.",Stress and Mental Well-Being,Stress and the Body,pending,,,Foundation,foundational
STR-037,Stress and Memory,"How stress and memory are linked, including mechanisms, evidence, and practical relevance.",Stress and Mental Well-Being,Stress and the Body,pending,,,Foundation,foundational
STR-038,Stress and Attention,"How stress and attention are linked, including mechanisms, evidence, and practical relevance.",Stress and Mental Well-Being,Stress and the Body,pending,,,Foundation,foundational
STR-039,Stress and Decision Making,"How stress and decision making are linked, including mechanisms, evidence, and practical relevance.",Stress and Mental Well-Being,Stress and the Body,pending,,,Foundation,foundational
STR-040,Stress and Exercise Recovery,"How stress and exercise recovery are linked, including mechanisms, evidence, and practical relevance.",Stress and Mental Well-Being,Stress and the Body,pending,,,Foundation,foundational
STR-041,Breathing for Stress Relief,"How to use breathing for stress relief, what evidence supports it, and common limitations.",Stress and Mental Well-Being,Stress Management Skills,pending,,,Foundation,foundational
STR-042,Diaphragmatic Breathing,"How to use diaphragmatic breathing, what evidence supports it, and common limitations.",Stress and Mental Well-Being,Stress Management Skills,pending,,,Foundation,foundational
STR-043,Box Breathing,"How to use box breathing, what evidence supports it, and common limitations.",Stress and Mental Well-Being,Stress Management Skills,pending,,,Foundation,foundational
STR-044,Slow Breathing,"How to use slow breathing, what evidence supports it, and common limitations.",Stress and Mental Well-Being,Stress Management Skills,pending,,,Foundation,foundational
STR-045,Progressive Muscle Relaxation,"How to use progressive muscle relaxation, what evidence supports it, and common limitations.",Stress and Mental Well-Being,Stress Management Skills,pending,,,Foundation,foundational
STR-046,Mindfulness,"How to use mindfulness, what evidence supports it, and common limitations.",Stress and Mental Well-Being,Stress Management Skills,pending,,,Foundation,foundational
STR-047,Mindfulness Meditation,"How to use mindfulness meditation, what evidence supports it, and common limitations.",Stress and Mental Well-Being,Stress Management Skills,pending,,,Foundation,foundational
STR-048,Body Scan Meditation,"How to use body scan meditation, what evidence supports it, and common limitations.",Stress and Mental Well-Being,Stress Management Skills,pending,,,Foundation,foundational
STR-049,Focused Attention Meditation,"How to use focused attention meditation, what evidence supports it, and common limitations.",Stress and Mental Well-Being,Stress Management Skills,pending,,,Foundation,foundational
STR-050,Open Monitoring Meditation,"How to use open monitoring meditation, what evidence supports it, and common limitations.",Stress and Mental Well-Being,Stress Management Skills,pending,,,Foundation,foundational
STR-051,Guided Imagery,"How to use guided imagery, what evidence supports it, and common limitations.",Stress and Mental Well-Being,Stress Management Skills,pending,,,Foundation,foundational
STR-052,Yoga for Stress,"How to use yoga for stress, what evidence supports it, and common limitations.",Stress and Mental Well-Being,Stress Management Skills,pending,,,Foundation,foundational
STR-053,Tai Chi for Stress,"How to use tai chi for stress, what evidence supports it, and common limitations.",Stress and Mental Well-Being,Stress Management Skills,pending,,,Foundation,foundational
STR-054,Walking for Stress Relief,"How to use walking for stress relief, what evidence supports it, and common limitations.",Stress and Mental Well-Being,Stress Management Skills,pending,,,Foundation,foundational
STR-055,Exercise for Stress Management,"How to use exercise for stress management, what evidence supports it, and common limitations.",Stress and Mental Well-Being,Stress Management Skills,pending,,,Foundation,foundational
STR-056,Time in Nature,"How to use time in nature, what evidence supports it, and common limitations.",Stress and Mental Well-Being,Stress Management Skills,pending,,,Foundation,foundational
STR-057,Music and Stress,"How to use music and stress, what evidence supports it, and common limitations.",Stress and Mental Well-Being,Stress Management Skills,pending,,,Foundation,foundational
STR-058,Journaling,"How to use journaling, what evidence supports it, and common limitations.",Stress and Mental Well-Being,Stress Management Skills,pending,,,Foundation,foundational
STR-059,Gratitude Practices,"How to use gratitude practices, what evidence supports it, and common limitations.",Stress and Mental Well-Being,Stress Management Skills,pending,,,Foundation,foundational
STR-060,Self-Compassion,"How to use self-compassion, what evidence supports it, and common limitations.",Stress and Mental Well-Being,Stress Management Skills,pending,,,Foundation,foundational
STR-061,Healthy Coping,Evidence-based approaches for understanding and improving healthy coping.,Stress and Mental Well-Being,Behavior and Coping,pending,,,Foundation,foundational
STR-062,Avoidant Coping,Evidence-based approaches for understanding and improving avoidant coping.,Stress and Mental Well-Being,Behavior and Coping,pending,,,Foundation,foundational
STR-063,Problem-Focused Coping,Evidence-based approaches for understanding and improving problem-focused coping.,Stress and Mental Well-Being,Behavior and Coping,pending,,,Foundation,foundational
STR-064,Emotion-Focused Coping,Evidence-based approaches for understanding and improving emotion-focused coping.,Stress and Mental Well-Being,Behavior and Coping,pending,,,Foundation,foundational
STR-065,Reframing Stress,Evidence-based approaches for understanding and improving reframing stress.,Stress and Mental Well-Being,Behavior and Coping,pending,,,Foundation,foundational
STR-066,Acceptance,Evidence-based approaches for understanding and improving acceptance.,Stress and Mental Well-Being,Behavior and Coping,pending,,,Foundation,foundational
STR-067,Setting Boundaries,Evidence-based approaches for understanding and improving setting boundaries.,Stress and Mental Well-Being,Behavior and Coping,pending,,,Foundation,foundational
STR-068,Saying No,Evidence-based approaches for understanding and improving saying no.,Stress and Mental Well-Being,Behavior and Coping,pending,,,Foundation,foundational
STR-069,Time Management and Stress,Evidence-based approaches for understanding and improving time management and stress.,Stress and Mental Well-Being,Behavior and Coping,pending,,,Foundation,foundational
STR-070,Prioritization,Evidence-based approaches for understanding and improving prioritization.,Stress and Mental Well-Being,Behavior and Coping,pending,,,Foundation,foundational
STR-071,Reducing Overcommitment,Evidence-based approaches for understanding and improving reducing overcommitment.,Stress and Mental Well-Being,Behavior and Coping,pending,,,Foundation,foundational
STR-072,Managing Uncertainty,Evidence-based approaches for understanding and improving managing uncertainty.,Stress and Mental Well-Being,Behavior and Coping,pending,,,Foundation,foundational
STR-073,Managing Worry,Evidence-based approaches for understanding and improving managing worry.,Stress and Mental Well-Being,Behavior and Coping,pending,,,Foundation,foundational
STR-074,Rumination,Evidence-based approaches for understanding and improving rumination.,Stress and Mental Well-Being,Behavior and Coping,pending,,,Foundation,foundational
STR-075,Perfectionism,Evidence-based approaches for understanding and improving perfectionism.,Stress and Mental Well-Being,Behavior and Coping,pending,,,Foundation,foundational
STR-076,Procrastination and Stress,Evidence-based approaches for understanding and improving procrastination and stress.,Stress and Mental Well-Being,Behavior and Coping,pending,,,Foundation,foundational
STR-077,Digital Overload,Evidence-based approaches for understanding and improving digital overload.,Stress and Mental Well-Being,Behavior and Coping,pending,,,Foundation,foundational
STR-078,News Overload,Evidence-based approaches for understanding and improving news overload.,Stress and Mental Well-Being,Behavior and Coping,pending,,,Foundation,foundational
STR-079,Social Media and Stress,Evidence-based approaches for understanding and improving social media and stress.,Stress and Mental Well-Being,Behavior and Coping,pending,,,Foundation,foundational
STR-080,Building Recovery Time,Evidence-based approaches for understanding and improving building recovery time.,Stress and Mental Well-Being,Behavior and Coping,pending,,,Foundation,foundational
STR-081,Workplace Stress,"Common causes, effects, warning signs, and practical strategies for workplace stress.",Stress and Mental Well-Being,Work and Life Stress,pending,,,Foundation,foundational
STR-082,Burnout,"Common causes, effects, warning signs, and practical strategies for burnout.",Stress and Mental Well-Being,Work and Life Stress,pending,,,Foundation,foundational
STR-083,Burnout Prevention,"Common causes, effects, warning signs, and practical strategies for burnout prevention.",Stress and Mental Well-Being,Work and Life Stress,pending,,,Foundation,foundational
STR-084,Workload Management,"Common causes, effects, warning signs, and practical strategies for workload management.",Stress and Mental Well-Being,Work and Life Stress,pending,,,Foundation,foundational
STR-085,Meeting Overload,"Common causes, effects, warning signs, and practical strategies for meeting overload.",Stress and Mental Well-Being,Work and Life Stress,pending,,,Foundation,foundational
STR-086,Email Stress,"Common causes, effects, warning signs, and practical strategies for email stress.",Stress and Mental Well-Being,Work and Life Stress,pending,,,Foundation,foundational
STR-087,Remote Work Stress,"Common causes, effects, warning signs, and practical strategies for remote work stress.",Stress and Mental Well-Being,Work and Life Stress,pending,,,Foundation,foundational
STR-088,Commuting Stress,"Common causes, effects, warning signs, and practical strategies for commuting stress.",Stress and Mental Well-Being,Work and Life Stress,pending,,,Foundation,foundational
STR-089,Career Uncertainty,"Common causes, effects, warning signs, and practical strategies for career uncertainty.",Stress and Mental Well-Being,Work and Life Stress,pending,,,Foundation,foundational
STR-090,Job Loss Stress,"Common causes, effects, warning signs, and practical strategies for job loss stress.",Stress and Mental Well-Being,Work and Life Stress,pending,,,Foundation,foundational
STR-091,Financial Stress,"Common causes, effects, warning signs, and practical strategies for financial stress.",Stress and Mental Well-Being,Work and Life Stress,pending,,,Foundation,foundational
STR-092,Caregiver Stress,"Common causes, effects, warning signs, and practical strategies for caregiver stress.",Stress and Mental Well-Being,Work and Life Stress,pending,,,Foundation,foundational
STR-093,Parenting Stress,"Common causes, effects, warning signs, and practical strategies for parenting stress.",Stress and Mental Well-Being,Work and Life Stress,pending,,,Foundation,foundational
STR-094,Relationship Stress,"Common causes, effects, warning signs, and practical strategies for relationship stress.",Stress and Mental Well-Being,Work and Life Stress,pending,,,Foundation,foundational
STR-095,Family Conflict,"Common causes, effects, warning signs, and practical strategies for family conflict.",Stress and Mental Well-Being,Work and Life Stress,pending,,,Foundation,foundational
STR-096,Loneliness,"Common causes, effects, warning signs, and practical strategies for loneliness.",Stress and Mental Well-Being,Work and Life Stress,pending,,,Foundation,foundational
STR-097,Social Isolation,"Common causes, effects, warning signs, and practical strategies for social isolation.",Stress and Mental Well-Being,Work and Life Stress,pending,,,Foundation,foundational
STR-098,Cultural Stress,"Common causes, effects, warning signs, and practical strategies for cultural stress.",Stress and Mental Well-Being,Work and Life Stress,pending,,,Foundation,foundational
STR-099,Immigration Stress,"Common causes, effects, warning signs, and practical strategies for immigration stress.",Stress and Mental Well-Being,Work and Life Stress,pending,,,Foundation,foundational
STR-100,Travel Stress,"Common causes, effects, warning signs, and practical strategies for travel stress.",Stress and Mental Well-Being,Work and Life Stress,pending,,,Foundation,foundational
STR-101,Stress vs Anxiety,"Definitions, evidence-based management, safety, and when professional care matters for stress vs anxiety.",Stress and Mental Well-Being,Anxiety and Mood,pending,,,Foundation,foundational
STR-102,Generalized Anxiety,"Definitions, evidence-based management, safety, and when professional care matters for generalized anxiety.",Stress and Mental Well-Being,Anxiety and Mood,pending,,,Foundation,foundational
STR-103,Panic Attacks,"Definitions, evidence-based management, safety, and when professional care matters for panic attacks.",Stress and Mental Well-Being,Anxiety and Mood,pending,,,Foundation,foundational
STR-104,Panic Disorder,"Definitions, evidence-based management, safety, and when professional care matters for panic disorder.",Stress and Mental Well-Being,Anxiety and Mood,pending,,,Foundation,foundational
STR-105,Social Anxiety,"Definitions, evidence-based management, safety, and when professional care matters for social anxiety.",Stress and Mental Well-Being,Anxiety and Mood,pending,,,Foundation,foundational
STR-106,Health Anxiety,"Definitions, evidence-based management, safety, and when professional care matters for health anxiety.",Stress and Mental Well-Being,Anxiety and Mood,pending,,,Foundation,foundational
STR-107,Phobias,"Definitions, evidence-based management, safety, and when professional care matters for phobias.",Stress and Mental Well-Being,Anxiety and Mood,pending,,,Foundation,foundational
STR-108,Obsessive Thoughts,"Definitions, evidence-based management, safety, and when professional care matters for obsessive thoughts.",Stress and Mental Well-Being,Anxiety and Mood,pending,,,Foundation,foundational
STR-109,Depression and Stress,"Definitions, evidence-based management, safety, and when professional care matters for depression and stress.",Stress and Mental Well-Being,Anxiety and Mood,pending,,,Foundation,foundational
STR-110,Low Mood,"Definitions, evidence-based management, safety, and when professional care matters for low mood.",Stress and Mental Well-Being,Anxiety and Mood,pending,,,Foundation,foundational
STR-111,Irritability,"Definitions, evidence-based management, safety, and when professional care matters for irritability.",Stress and Mental Well-Being,Anxiety and Mood,pending,,,Foundation,foundational
STR-112,Emotional Exhaustion,"Definitions, evidence-based management, safety, and when professional care matters for emotional exhaustion.",Stress and Mental Well-Being,Anxiety and Mood,pending,,,Foundation,foundational
STR-113,Feeling Overwhelmed,"Definitions, evidence-based management, safety, and when professional care matters for feeling overwhelmed.",Stress and Mental Well-Being,Anxiety and Mood,pending,,,Foundation,foundational
STR-114,Loss of Motivation,"Definitions, evidence-based management, safety, and when professional care matters for loss of motivation.",Stress and Mental Well-Being,Anxiety and Mood,pending,,,Foundation,foundational
STR-115,Anhedonia,"Definitions, evidence-based management, safety, and when professional care matters for anhedonia.",Stress and Mental Well-Being,Anxiety and Mood,pending,,,Foundation,foundational
STR-116,When Stress Needs Professional Help,"Definitions, evidence-based management, safety, and when professional care matters for when stress needs professional help.",Stress and Mental Well-Being,Anxiety and Mood,pending,,,Foundation,foundational
STR-117,Psychotherapy,"Definitions, evidence-based management, safety, and when professional care matters for psychotherapy.",Stress and Mental Well-Being,Anxiety and Mood,pending,,,Foundation,foundational
STR-118,Cognitive Behavioral Therapy,"Definitions, evidence-based management, safety, and when professional care matters for cognitive behavioral therapy.",Stress and Mental Well-Being,Anxiety and Mood,pending,,,Foundation,foundational
STR-119,Acceptance and Commitment Therapy,"Definitions, evidence-based management, safety, and when professional care matters for acceptance and commitment therapy.",Stress and Mental Well-Being,Anxiety and Mood,pending,,,Foundation,foundational
STR-120,Mindfulness-Based Stress Reduction,"Definitions, evidence-based management, safety, and when professional care matters for mindfulness-based stress reduction.",Stress and Mental Well-Being,Anxiety and Mood,pending,,,Foundation,foundational
STR-121,Social Connection,How social connection affects well-being and practical ways to strengthen it.,Stress and Mental Well-Being,Relationships and Connection,pending,,,Foundation,foundational
STR-122,Friendship and Health,How friendship and health affects well-being and practical ways to strengthen it.,Stress and Mental Well-Being,Relationships and Connection,pending,,,Foundation,foundational
STR-123,Family Support,How family support affects well-being and practical ways to strengthen it.,Stress and Mental Well-Being,Relationships and Connection,pending,,,Foundation,foundational
STR-124,Community Belonging,How community belonging affects well-being and practical ways to strengthen it.,Stress and Mental Well-Being,Relationships and Connection,pending,,,Foundation,foundational
STR-125,Healthy Communication,How healthy communication affects well-being and practical ways to strengthen it.,Stress and Mental Well-Being,Relationships and Connection,pending,,,Foundation,foundational
STR-126,Conflict Resolution,How conflict resolution affects well-being and practical ways to strengthen it.,Stress and Mental Well-Being,Relationships and Connection,pending,,,Foundation,foundational
STR-127,Active Listening,How active listening affects well-being and practical ways to strengthen it.,Stress and Mental Well-Being,Relationships and Connection,pending,,,Foundation,foundational
STR-128,Empathy,How empathy affects well-being and practical ways to strengthen it.,Stress and Mental Well-Being,Relationships and Connection,pending,,,Foundation,foundational
STR-129,Emotional Support,How emotional support affects well-being and practical ways to strengthen it.,Stress and Mental Well-Being,Relationships and Connection,pending,,,Foundation,foundational
STR-130,Asking for Help,How asking for help affects well-being and practical ways to strengthen it.,Stress and Mental Well-Being,Relationships and Connection,pending,,,Foundation,foundational
STR-131,Giving Support Without Burnout,How giving support without burnout affects well-being and practical ways to strengthen it.,Stress and Mental Well-Being,Relationships and Connection,pending,,,Foundation,foundational
STR-132,Healthy Relationships,How healthy relationships affects well-being and practical ways to strengthen it.,Stress and Mental Well-Being,Relationships and Connection,pending,,,Foundation,foundational
STR-133,Relationship Boundaries,How relationship boundaries affects well-being and practical ways to strengthen it.,Stress and Mental Well-Being,Relationships and Connection,pending,,,Foundation,foundational
STR-134,Work-Life Boundaries,How work-life boundaries affects well-being and practical ways to strengthen it.,Stress and Mental Well-Being,Relationships and Connection,pending,,,Foundation,foundational
STR-135,Social Recovery After Isolation,How social recovery after isolation affects well-being and practical ways to strengthen it.,Stress and Mental Well-Being,Relationships and Connection,pending,,,Foundation,foundational
STR-136,Building Resilience,"How building resilience supports long-term resilience, health, and sustainable behavior.",Stress and Mental Well-Being,Resilience and Meaning,pending,,,Foundation,foundational
STR-137,Optimism,"How optimism supports long-term resilience, health, and sustainable behavior.",Stress and Mental Well-Being,Resilience and Meaning,pending,,,Foundation,foundational
STR-138,Hope,"How hope supports long-term resilience, health, and sustainable behavior.",Stress and Mental Well-Being,Resilience and Meaning,pending,,,Foundation,foundational
STR-139,Purpose in Life,"How purpose in life supports long-term resilience, health, and sustainable behavior.",Stress and Mental Well-Being,Resilience and Meaning,pending,,,Foundation,foundational
STR-140,Meaningful Activities,"How meaningful activities supports long-term resilience, health, and sustainable behavior.",Stress and Mental Well-Being,Resilience and Meaning,pending,,,Foundation,foundational
STR-141,Values-Based Living,"How values-based living supports long-term resilience, health, and sustainable behavior.",Stress and Mental Well-Being,Resilience and Meaning,pending,,,Foundation,foundational
STR-142,Growth Mindset,"How growth mindset supports long-term resilience, health, and sustainable behavior.",Stress and Mental Well-Being,Resilience and Meaning,pending,,,Foundation,foundational
STR-143,Learning From Setbacks,"How learning from setbacks supports long-term resilience, health, and sustainable behavior.",Stress and Mental Well-Being,Resilience and Meaning,pending,,,Foundation,foundational
STR-144,Post-Traumatic Growth,"How post-traumatic growth supports long-term resilience, health, and sustainable behavior.",Stress and Mental Well-Being,Resilience and Meaning,pending,,,Foundation,foundational
STR-145,Psychological Recovery,"How psychological recovery supports long-term resilience, health, and sustainable behavior.",Stress and Mental Well-Being,Resilience and Meaning,pending,,,Foundation,foundational
STR-146,Creating a Stress Management Plan,"How creating a stress management plan supports long-term resilience, health, and sustainable behavior.",Stress and Mental Well-Being,Resilience and Meaning,pending,,,Foundation,foundational
STR-147,Daily Stress Check-Ins,"How daily stress check-ins supports long-term resilience, health, and sustainable behavior.",Stress and Mental Well-Being,Resilience and Meaning,pending,,,Foundation,foundational
STR-148,Tracking Stress,"How tracking stress supports long-term resilience, health, and sustainable behavior.",Stress and Mental Well-Being,Resilience and Meaning,pending,,,Foundation,foundational
STR-149,Stress Management for Older Adults,"How stress management for older adults supports long-term resilience, health, and sustainable behavior.",Stress and Mental Well-Being,Resilience and Meaning,pending,,,Foundation,foundational
STR-150,Stress Management for Busy Professionals,"How stress management for busy professionals supports long-term resilience, health, and sustainable behavior.",Stress and Mental Well-Being,Resilience and Meaning,pending,,,Foundation,foundational
LIF-001,Lifestyle Medicine,"Foundations, evidence, and practical application of lifestyle medicine.",Lifestyle and Healthy Habits,Lifestyle Foundations,pending,,,Foundation,foundational
LIF-002,Daily Routines and Health,"Foundations, evidence, and practical application of daily routines and health.",Lifestyle and Healthy Habits,Lifestyle Foundations,pending,,,Foundation,foundational
LIF-003,Health Behaviors,"Foundations, evidence, and practical application of health behaviors.",Lifestyle and Healthy Habits,Lifestyle Foundations,pending,,,Foundation,foundational
LIF-004,Preventive Health,"Foundations, evidence, and practical application of preventive health.",Lifestyle and Healthy Habits,Lifestyle Foundations,pending,,,Foundation,foundational
LIF-005,Healthspan,"Foundations, evidence, and practical application of healthspan.",Lifestyle and Healthy Habits,Lifestyle Foundations,pending,,,Foundation,foundational
LIF-006,Small Habits and Long-Term Health,"Foundations, evidence, and practical application of small habits and long-term health.",Lifestyle and Healthy Habits,Lifestyle Foundations,pending,,,Foundation,foundational
LIF-007,Consistency vs Perfection,"Foundations, evidence, and practical application of consistency vs perfection.",Lifestyle and Healthy Habits,Lifestyle Foundations,pending,,,Foundation,foundational
LIF-008,Lifestyle Risk Factors,"Foundations, evidence, and practical application of lifestyle risk factors.",Lifestyle and Healthy Habits,Lifestyle Foundations,pending,,,Foundation,foundational
LIF-009,Lifestyle Protective Factors,"Foundations, evidence, and practical application of lifestyle protective factors.",Lifestyle and Healthy Habits,Lifestyle Foundations,pending,,,Foundation,foundational
LIF-010,Creating a Healthy Environment,"Foundations, evidence, and practical application of creating a healthy environment.",Lifestyle and Healthy Habits,Lifestyle Foundations,pending,,,Foundation,foundational
LIF-011,Health Priorities,"Foundations, evidence, and practical application of health priorities.",Lifestyle and Healthy Habits,Lifestyle Foundations,pending,,,Foundation,foundational
LIF-012,Health Goals,"Foundations, evidence, and practical application of health goals.",Lifestyle and Healthy Habits,Lifestyle Foundations,pending,,,Foundation,foundational
LIF-013,Self-Monitoring,"Foundations, evidence, and practical application of self-monitoring.",Lifestyle and Healthy Habits,Lifestyle Foundations,pending,,,Foundation,foundational
LIF-014,Personal Health Planning,"Foundations, evidence, and practical application of personal health planning.",Lifestyle and Healthy Habits,Lifestyle Foundations,pending,,,Foundation,foundational
LIF-015,Sustainable Change,"Foundations, evidence, and practical application of sustainable change.",Lifestyle and Healthy Habits,Lifestyle Foundations,pending,,,Foundation,foundational
LIF-016,Sedentary Behavior,Practical ways to understand and improve sedentary behavior.,Lifestyle and Healthy Habits,Daily Movement,pending,,,Foundation,foundational
LIF-017,Breaking Up Sitting Time,Practical ways to understand and improve breaking up sitting time.,Lifestyle and Healthy Habits,Daily Movement,pending,,,Foundation,foundational
LIF-018,Desk Work and Health,Practical ways to understand and improve desk work and health.,Lifestyle and Healthy Habits,Daily Movement,pending,,,Foundation,foundational
LIF-019,Standing More,Practical ways to understand and improve standing more.,Lifestyle and Healthy Habits,Daily Movement,pending,,,Foundation,foundational
LIF-020,Active Commuting,Practical ways to understand and improve active commuting.,Lifestyle and Healthy Habits,Daily Movement,pending,,,Foundation,foundational
LIF-021,Walking Meetings,Practical ways to understand and improve walking meetings.,Lifestyle and Healthy Habits,Daily Movement,pending,,,Foundation,foundational
LIF-022,Movement Snacks,Practical ways to understand and improve movement snacks.,Lifestyle and Healthy Habits,Daily Movement,pending,,,Foundation,foundational
LIF-023,Household Activity,Practical ways to understand and improve household activity.,Lifestyle and Healthy Habits,Daily Movement,pending,,,Foundation,foundational
LIF-024,Gardening,Practical ways to understand and improve gardening.,Lifestyle and Healthy Habits,Daily Movement,pending,,,Foundation,foundational
LIF-025,Recreational Activity,Practical ways to understand and improve recreational activity.,Lifestyle and Healthy Habits,Daily Movement,pending,,,Foundation,foundational
LIF-026,Weekend Activity,Practical ways to understand and improve weekend activity.,Lifestyle and Healthy Habits,Daily Movement,pending,,,Foundation,foundational
LIF-027,Active Travel,Practical ways to understand and improve active travel.,Lifestyle and Healthy Habits,Daily Movement,pending,,,Foundation,foundational
LIF-028,Stairs vs Elevators,Practical ways to understand and improve stairs vs elevators.,Lifestyle and Healthy Habits,Daily Movement,pending,,,Foundation,foundational
LIF-029,Daily Step Habits,Practical ways to understand and improve daily step habits.,Lifestyle and Healthy Habits,Daily Movement,pending,,,Foundation,foundational
LIF-030,Movement at Home,Practical ways to understand and improve movement at home.,Lifestyle and Healthy Habits,Daily Movement,pending,,,Foundation,foundational
LIF-031,Home Cooking,How home cooking influences health and practical strategies for improvement.,Lifestyle and Healthy Habits,Food and Daily Life,pending,,,Foundation,foundational
LIF-032,Meal Routines,How meal routines influences health and practical strategies for improvement.,Lifestyle and Healthy Habits,Food and Daily Life,pending,,,Foundation,foundational
LIF-033,Eating at Work,How eating at work influences health and practical strategies for improvement.,Lifestyle and Healthy Habits,Food and Daily Life,pending,,,Foundation,foundational
LIF-034,Eating While Traveling,How eating while traveling influences health and practical strategies for improvement.,Lifestyle and Healthy Habits,Food and Daily Life,pending,,,Foundation,foundational
LIF-035,Eating at Social Events,How eating at social events influences health and practical strategies for improvement.,Lifestyle and Healthy Habits,Food and Daily Life,pending,,,Foundation,foundational
LIF-036,Restaurant Habits,How restaurant habits influences health and practical strategies for improvement.,Lifestyle and Healthy Habits,Food and Daily Life,pending,,,Foundation,foundational
LIF-037,Healthy Grocery Habits,How healthy grocery habits influences health and practical strategies for improvement.,Lifestyle and Healthy Habits,Food and Daily Life,pending,,,Foundation,foundational
LIF-038,Kitchen Environment,How kitchen environment influences health and practical strategies for improvement.,Lifestyle and Healthy Habits,Food and Daily Life,pending,,,Foundation,foundational
LIF-039,Food Availability at Home,How food availability at home influences health and practical strategies for improvement.,Lifestyle and Healthy Habits,Food and Daily Life,pending,,,Foundation,foundational
LIF-040,Mindless Eating,How mindless eating influences health and practical strategies for improvement.,Lifestyle and Healthy Habits,Food and Daily Life,pending,,,Foundation,foundational
LIF-041,Eating While Watching Screens,How eating while watching screens influences health and practical strategies for improvement.,Lifestyle and Healthy Habits,Food and Daily Life,pending,,,Foundation,foundational
LIF-042,Late-Night Eating Habits,How late-night eating habits influences health and practical strategies for improvement.,Lifestyle and Healthy Habits,Food and Daily Life,pending,,,Foundation,foundational
LIF-043,Weekend Eating Patterns,How weekend eating patterns influences health and practical strategies for improvement.,Lifestyle and Healthy Habits,Food and Daily Life,pending,,,Foundation,foundational
LIF-044,Celebration Foods,How celebration foods influences health and practical strategies for improvement.,Lifestyle and Healthy Habits,Food and Daily Life,pending,,,Foundation,foundational
LIF-045,Building a Healthy Pantry,How building a healthy pantry influences health and practical strategies for improvement.,Lifestyle and Healthy Habits,Food and Daily Life,pending,,,Foundation,foundational
LIF-046,Protecting Sleep Time,"How protecting sleep time supports recovery, energy, and sustainable health.",Lifestyle and Healthy Habits,Sleep and Recovery Lifestyle,pending,,,Foundation,foundational
LIF-047,Evening Routines,"How evening routines supports recovery, energy, and sustainable health.",Lifestyle and Healthy Habits,Sleep and Recovery Lifestyle,pending,,,Foundation,foundational
LIF-048,Morning Routines,"How morning routines supports recovery, energy, and sustainable health.",Lifestyle and Healthy Habits,Sleep and Recovery Lifestyle,pending,,,Foundation,foundational
LIF-049,Weekend Sleep Habits,"How weekend sleep habits supports recovery, energy, and sustainable health.",Lifestyle and Healthy Habits,Sleep and Recovery Lifestyle,pending,,,Foundation,foundational
LIF-050,Recovery Days,"How recovery days supports recovery, energy, and sustainable health.",Lifestyle and Healthy Habits,Sleep and Recovery Lifestyle,pending,,,Foundation,foundational
LIF-051,Rest and Productivity,"How rest and productivity supports recovery, energy, and sustainable health.",Lifestyle and Healthy Habits,Sleep and Recovery Lifestyle,pending,,,Foundation,foundational
LIF-052,Managing Fatigue,"How managing fatigue supports recovery, energy, and sustainable health.",Lifestyle and Healthy Habits,Sleep and Recovery Lifestyle,pending,,,Foundation,foundational
LIF-053,Energy Management,"How energy management supports recovery, energy, and sustainable health.",Lifestyle and Healthy Habits,Sleep and Recovery Lifestyle,pending,,,Foundation,foundational
LIF-054,Work-Rest Cycles,"How work-rest cycles supports recovery, energy, and sustainable health.",Lifestyle and Healthy Habits,Sleep and Recovery Lifestyle,pending,,,Foundation,foundational
LIF-055,Vacation and Recovery,"How vacation and recovery supports recovery, energy, and sustainable health.",Lifestyle and Healthy Habits,Sleep and Recovery Lifestyle,pending,,,Foundation,foundational
LIF-056,Microbreaks,"How microbreaks supports recovery, energy, and sustainable health.",Lifestyle and Healthy Habits,Sleep and Recovery Lifestyle,pending,,,Foundation,foundational
LIF-057,Downtime Without Screens,"How downtime without screens supports recovery, energy, and sustainable health.",Lifestyle and Healthy Habits,Sleep and Recovery Lifestyle,pending,,,Foundation,foundational
LIF-058,Relaxation Habits,"How relaxation habits supports recovery, energy, and sustainable health.",Lifestyle and Healthy Habits,Sleep and Recovery Lifestyle,pending,,,Foundation,foundational
LIF-059,Creating a Recovery-Friendly Home,"How creating a recovery-friendly home supports recovery, energy, and sustainable health.",Lifestyle and Healthy Habits,Sleep and Recovery Lifestyle,pending,,,Foundation,foundational
LIF-060,Balancing Activity and Rest,"How balancing activity and rest supports recovery, energy, and sustainable health.",Lifestyle and Healthy Habits,Sleep and Recovery Lifestyle,pending,,,Foundation,foundational
LIF-061,Screen Time,"Health effects, evidence, and practical boundaries related to screen time.",Lifestyle and Healthy Habits,Digital Lifestyle,pending,,,Foundation,foundational
LIF-062,Smartphone Habits,"Health effects, evidence, and practical boundaries related to smartphone habits.",Lifestyle and Healthy Habits,Digital Lifestyle,pending,,,Foundation,foundational
LIF-063,Social Media Use,"Health effects, evidence, and practical boundaries related to social media use.",Lifestyle and Healthy Habits,Digital Lifestyle,pending,,,Foundation,foundational
LIF-064,Digital Well-Being,"Health effects, evidence, and practical boundaries related to digital well-being.",Lifestyle and Healthy Habits,Digital Lifestyle,pending,,,Foundation,foundational
LIF-065,Notifications and Attention,"Health effects, evidence, and practical boundaries related to notifications and attention.",Lifestyle and Healthy Habits,Digital Lifestyle,pending,,,Foundation,foundational
LIF-066,Email Boundaries,"Health effects, evidence, and practical boundaries related to email boundaries.",Lifestyle and Healthy Habits,Digital Lifestyle,pending,,,Foundation,foundational
LIF-067,Video Streaming Habits,"Health effects, evidence, and practical boundaries related to video streaming habits.",Lifestyle and Healthy Habits,Digital Lifestyle,pending,,,Foundation,foundational
LIF-068,Gaming and Health,"Health effects, evidence, and practical boundaries related to gaming and health.",Lifestyle and Healthy Habits,Digital Lifestyle,pending,,,Foundation,foundational
LIF-069,Device-Free Meals,"Health effects, evidence, and practical boundaries related to device-free meals.",Lifestyle and Healthy Habits,Digital Lifestyle,pending,,,Foundation,foundational
LIF-070,Device-Free Bedrooms,"Health effects, evidence, and practical boundaries related to device-free bedrooms.",Lifestyle and Healthy Habits,Digital Lifestyle,pending,,,Foundation,foundational
LIF-071,Blue Light Exposure,"Health effects, evidence, and practical boundaries related to blue light exposure.",Lifestyle and Healthy Habits,Digital Lifestyle,pending,,,Foundation,foundational
LIF-072,Digital Detox,"Health effects, evidence, and practical boundaries related to digital detox.",Lifestyle and Healthy Habits,Digital Lifestyle,pending,,,Foundation,foundational
LIF-073,Online Comparison,"Health effects, evidence, and practical boundaries related to online comparison.",Lifestyle and Healthy Habits,Digital Lifestyle,pending,,,Foundation,foundational
LIF-074,Doomscrolling,"Health effects, evidence, and practical boundaries related to doomscrolling.",Lifestyle and Healthy Habits,Digital Lifestyle,pending,,,Foundation,foundational
LIF-075,Healthy Technology Use,"Health effects, evidence, and practical boundaries related to healthy technology use.",Lifestyle and Healthy Habits,Digital Lifestyle,pending,,,Foundation,foundational
LIF-076,Alcohol and Health,"Health effects, risk reduction, and evidence-based considerations for alcohol and health.",Lifestyle and Healthy Habits,Substances and Health,pending,,,Foundation,foundational
LIF-077,Low-Risk Alcohol Choices,"Health effects, risk reduction, and evidence-based considerations for low-risk alcohol choices.",Lifestyle and Healthy Habits,Substances and Health,pending,,,Foundation,foundational
LIF-078,Binge Drinking,"Health effects, risk reduction, and evidence-based considerations for binge drinking.",Lifestyle and Healthy Habits,Substances and Health,pending,,,Foundation,foundational
LIF-079,Smoking,"Health effects, risk reduction, and evidence-based considerations for smoking.",Lifestyle and Healthy Habits,Substances and Health,pending,,,Foundation,foundational
LIF-080,Secondhand Smoke,"Health effects, risk reduction, and evidence-based considerations for secondhand smoke.",Lifestyle and Healthy Habits,Substances and Health,pending,,,Foundation,foundational
LIF-081,Vaping,"Health effects, risk reduction, and evidence-based considerations for vaping.",Lifestyle and Healthy Habits,Substances and Health,pending,,,Foundation,foundational
LIF-082,Nicotine Dependence,"Health effects, risk reduction, and evidence-based considerations for nicotine dependence.",Lifestyle and Healthy Habits,Substances and Health,pending,,,Foundation,foundational
LIF-083,Cannabis and Health,"Health effects, risk reduction, and evidence-based considerations for cannabis and health.",Lifestyle and Healthy Habits,Substances and Health,pending,,,Foundation,foundational
LIF-084,Recreational Drug Use,"Health effects, risk reduction, and evidence-based considerations for recreational drug use.",Lifestyle and Healthy Habits,Substances and Health,pending,,,Foundation,foundational
LIF-085,Prescription Drug Misuse,"Health effects, risk reduction, and evidence-based considerations for prescription drug misuse.",Lifestyle and Healthy Habits,Substances and Health,pending,,,Foundation,foundational
LIF-086,Caffeine Habits,"Health effects, risk reduction, and evidence-based considerations for caffeine habits.",Lifestyle and Healthy Habits,Substances and Health,pending,,,Foundation,foundational
LIF-087,Energy Drink Habits,"Health effects, risk reduction, and evidence-based considerations for energy drink habits.",Lifestyle and Healthy Habits,Substances and Health,pending,,,Foundation,foundational
LIF-088,Reducing Alcohol,"Health effects, risk reduction, and evidence-based considerations for reducing alcohol.",Lifestyle and Healthy Habits,Substances and Health,pending,,,Foundation,foundational
LIF-089,Quitting Smoking,"Health effects, risk reduction, and evidence-based considerations for quitting smoking.",Lifestyle and Healthy Habits,Substances and Health,pending,,,Foundation,foundational
LIF-090,Substance Use and Sleep,"Health effects, risk reduction, and evidence-based considerations for substance use and sleep.",Lifestyle and Healthy Habits,Substances and Health,pending,,,Foundation,foundational
LIF-091,Social Connection and Health,How social connection and health can influence physical and mental well-being.,Lifestyle and Healthy Habits,Social and Environmental Health,pending,,,Foundation,foundational
LIF-092,Loneliness Prevention,How loneliness prevention can influence physical and mental well-being.,Lifestyle and Healthy Habits,Social and Environmental Health,pending,,,Foundation,foundational
LIF-093,Community Participation,How community participation can influence physical and mental well-being.,Lifestyle and Healthy Habits,Social and Environmental Health,pending,,,Foundation,foundational
LIF-094,Volunteering,How volunteering can influence physical and mental well-being.,Lifestyle and Healthy Habits,Social and Environmental Health,pending,,,Foundation,foundational
LIF-095,Hobbies,How hobbies can influence physical and mental well-being.,Lifestyle and Healthy Habits,Social and Environmental Health,pending,,,Foundation,foundational
LIF-096,Creative Activities,How creative activities can influence physical and mental well-being.,Lifestyle and Healthy Habits,Social and Environmental Health,pending,,,Foundation,foundational
LIF-097,Spiritual Practices and Well-Being,How spiritual practices and well-being can influence physical and mental well-being.,Lifestyle and Healthy Habits,Social and Environmental Health,pending,,,Foundation,foundational
LIF-098,Nature Exposure,How nature exposure can influence physical and mental well-being.,Lifestyle and Healthy Habits,Social and Environmental Health,pending,,,Foundation,foundational
LIF-099,Green Space,How green space can influence physical and mental well-being.,Lifestyle and Healthy Habits,Social and Environmental Health,pending,,,Foundation,foundational
LIF-100,Sunlight Exposure,How sunlight exposure can influence physical and mental well-being.,Lifestyle and Healthy Habits,Social and Environmental Health,pending,,,Foundation,foundational
LIF-101,Noise Exposure,How noise exposure can influence physical and mental well-being.,Lifestyle and Healthy Habits,Social and Environmental Health,pending,,,Foundation,foundational
LIF-102,Air Pollution,How air pollution can influence physical and mental well-being.,Lifestyle and Healthy Habits,Social and Environmental Health,pending,,,Foundation,foundational
LIF-103,Indoor Air Quality,How indoor air quality can influence physical and mental well-being.,Lifestyle and Healthy Habits,Social and Environmental Health,pending,,,Foundation,foundational
LIF-104,Household Chemicals,How household chemicals can influence physical and mental well-being.,Lifestyle and Healthy Habits,Social and Environmental Health,pending,,,Foundation,foundational
LIF-105,Healthy Home Design,How healthy home design can influence physical and mental well-being.,Lifestyle and Healthy Habits,Social and Environmental Health,pending,,,Foundation,foundational
LIF-106,Healthy Work Habits,Practical health considerations and strategies related to healthy work habits.,Lifestyle and Healthy Habits,Work and Productivity,pending,,,Foundation,foundational
LIF-107,Work-Life Balance,Practical health considerations and strategies related to work-life balance.,Lifestyle and Healthy Habits,Work and Productivity,pending,,,Foundation,foundational
LIF-108,Ergonomics,Practical health considerations and strategies related to ergonomics.,Lifestyle and Healthy Habits,Work and Productivity,pending,,,Foundation,foundational
LIF-109,Computer Workstation Setup,Practical health considerations and strategies related to computer workstation setup.,Lifestyle and Healthy Habits,Work and Productivity,pending,,,Foundation,foundational
LIF-110,Eye Strain,Practical health considerations and strategies related to eye strain.,Lifestyle and Healthy Habits,Work and Productivity,pending,,,Foundation,foundational
LIF-111,Work Breaks,Practical health considerations and strategies related to work breaks.,Lifestyle and Healthy Habits,Work and Productivity,pending,,,Foundation,foundational
LIF-112,Shift Work Lifestyle,Practical health considerations and strategies related to shift work lifestyle.,Lifestyle and Healthy Habits,Work and Productivity,pending,,,Foundation,foundational
LIF-113,Business Travel Health,Practical health considerations and strategies related to business travel health.,Lifestyle and Healthy Habits,Work and Productivity,pending,,,Foundation,foundational
LIF-114,Meeting Fatigue,Practical health considerations and strategies related to meeting fatigue.,Lifestyle and Healthy Habits,Work and Productivity,pending,,,Foundation,foundational
LIF-115,Productivity and Health,Practical health considerations and strategies related to productivity and health.,Lifestyle and Healthy Habits,Work and Productivity,pending,,,Foundation,foundational
LIF-116,Deep Work and Well-Being,Practical health considerations and strategies related to deep work and well-being.,Lifestyle and Healthy Habits,Work and Productivity,pending,,,Foundation,foundational
LIF-117,Managing Workload,Practical health considerations and strategies related to managing workload.,Lifestyle and Healthy Habits,Work and Productivity,pending,,,Foundation,foundational
LIF-118,Remote Work Health,Practical health considerations and strategies related to remote work health.,Lifestyle and Healthy Habits,Work and Productivity,pending,,,Foundation,foundational
LIF-119,Healthy Leadership Habits,Practical health considerations and strategies related to healthy leadership habits.,Lifestyle and Healthy Habits,Work and Productivity,pending,,,Foundation,foundational
LIF-120,Retirement Transition,Practical health considerations and strategies related to retirement transition.,Lifestyle and Healthy Habits,Work and Productivity,pending,,,Foundation,foundational
LIF-121,Primary Care Visits,"How primary care visits supports prevention, early detection, and informed health decisions.",Lifestyle and Healthy Habits,Preventive Care,pending,,,Foundation,foundational
LIF-122,Preventive Screenings,"How preventive screenings supports prevention, early detection, and informed health decisions.",Lifestyle and Healthy Habits,Preventive Care,pending,,,Foundation,foundational
LIF-123,Vaccinations for Adults,"How vaccinations for adults supports prevention, early detection, and informed health decisions.",Lifestyle and Healthy Habits,Preventive Care,pending,,,Foundation,foundational
LIF-124,Dental Care,"How dental care supports prevention, early detection, and informed health decisions.",Lifestyle and Healthy Habits,Preventive Care,pending,,,Foundation,foundational
LIF-125,Eye Care,"How eye care supports prevention, early detection, and informed health decisions.",Lifestyle and Healthy Habits,Preventive Care,pending,,,Foundation,foundational
LIF-126,Hearing Care,"How hearing care supports prevention, early detection, and informed health decisions.",Lifestyle and Healthy Habits,Preventive Care,pending,,,Foundation,foundational
LIF-127,Skin Health Checks,"How skin health checks supports prevention, early detection, and informed health decisions.",Lifestyle and Healthy Habits,Preventive Care,pending,,,Foundation,foundational
LIF-128,Medication Reviews,"How medication reviews supports prevention, early detection, and informed health decisions.",Lifestyle and Healthy Habits,Preventive Care,pending,,,Foundation,foundational
LIF-129,Family Health History,"How family health history supports prevention, early detection, and informed health decisions.",Lifestyle and Healthy Habits,Preventive Care,pending,,,Foundation,foundational
LIF-130,Home Blood Pressure Monitoring,"How home blood pressure monitoring supports prevention, early detection, and informed health decisions.",Lifestyle and Healthy Habits,Preventive Care,pending,,,Foundation,foundational
LIF-131,Weight Monitoring,"How weight monitoring supports prevention, early detection, and informed health decisions.",Lifestyle and Healthy Habits,Preventive Care,pending,,,Foundation,foundational
LIF-132,Waist Circumference,"How waist circumference supports prevention, early detection, and informed health decisions.",Lifestyle and Healthy Habits,Preventive Care,pending,,,Foundation,foundational
LIF-133,Health Records,"How health records supports prevention, early detection, and informed health decisions.",Lifestyle and Healthy Habits,Preventive Care,pending,,,Foundation,foundational
LIF-134,Preparing for Doctor Visits,"How preparing for doctor visits supports prevention, early detection, and informed health decisions.",Lifestyle and Healthy Habits,Preventive Care,pending,,,Foundation,foundational
LIF-135,Shared Decision Making,"How shared decision making supports prevention, early detection, and informed health decisions.",Lifestyle and Healthy Habits,Preventive Care,pending,,,Foundation,foundational
LIF-136,Fall Prevention at Home,Evidence-based safety and prevention principles related to fall prevention at home.,Lifestyle and Healthy Habits,Safety and Everyday Health,pending,,,Foundation,foundational
LIF-137,Driving and Health,Evidence-based safety and prevention principles related to driving and health.,Lifestyle and Healthy Habits,Safety and Everyday Health,pending,,,Foundation,foundational
LIF-138,Seat Belt Use,Evidence-based safety and prevention principles related to seat belt use.,Lifestyle and Healthy Habits,Safety and Everyday Health,pending,,,Foundation,foundational
LIF-139,Sun Protection,Evidence-based safety and prevention principles related to sun protection.,Lifestyle and Healthy Habits,Safety and Everyday Health,pending,,,Foundation,foundational
LIF-140,Heat Safety,Evidence-based safety and prevention principles related to heat safety.,Lifestyle and Healthy Habits,Safety and Everyday Health,pending,,,Foundation,foundational
LIF-141,Cold Weather Safety,Evidence-based safety and prevention principles related to cold weather safety.,Lifestyle and Healthy Habits,Safety and Everyday Health,pending,,,Foundation,foundational
LIF-142,Travel Health,Evidence-based safety and prevention principles related to travel health.,Lifestyle and Healthy Habits,Safety and Everyday Health,pending,,,Foundation,foundational
LIF-143,Food Safety Habits,Evidence-based safety and prevention principles related to food safety habits.,Lifestyle and Healthy Habits,Safety and Everyday Health,pending,,,Foundation,foundational
LIF-144,Hand Hygiene,Evidence-based safety and prevention principles related to hand hygiene.,Lifestyle and Healthy Habits,Safety and Everyday Health,pending,,,Foundation,foundational
LIF-145,Sleepiness and Driving,Evidence-based safety and prevention principles related to sleepiness and driving.,Lifestyle and Healthy Habits,Safety and Everyday Health,pending,,,Foundation,foundational
LIF-146,Home Emergency Preparedness,Evidence-based safety and prevention principles related to home emergency preparedness.,Lifestyle and Healthy Habits,Safety and Everyday Health,pending,,,Foundation,foundational
LIF-147,First Aid Basics,Evidence-based safety and prevention principles related to first aid basics.,Lifestyle and Healthy Habits,Safety and Everyday Health,pending,,,Foundation,foundational
LIF-148,Medication Storage,Evidence-based safety and prevention principles related to medication storage.,Lifestyle and Healthy Habits,Safety and Everyday Health,pending,,,Foundation,foundational
LIF-149,Safe Lifting at Home,Evidence-based safety and prevention principles related to safe lifting at home.,Lifestyle and Healthy Habits,Safety and Everyday Health,pending,,,Foundation,foundational
LIF-150,Healthy Aging at Home,Evidence-based safety and prevention principles related to healthy aging at home.,Lifestyle and Healthy Habits,Safety and Everyday Health,pending,,,Foundation,foundational
AGE-001,What Is Healthy Aging,"Science, evidence, and practical implications of what is healthy aging.",Healthy Aging and Longevity,Healthy Aging Foundations,pending,,,Foundation,foundational
AGE-002,Healthspan vs Lifespan,"Science, evidence, and practical implications of healthspan vs lifespan.",Healthy Aging and Longevity,Healthy Aging Foundations,pending,,,Foundation,foundational
AGE-003,Biology of Aging,"Science, evidence, and practical implications of biology of aging.",Healthy Aging and Longevity,Healthy Aging Foundations,pending,,,Foundation,foundational
AGE-004,Cellular Senescence,"Science, evidence, and practical implications of cellular senescence.",Healthy Aging and Longevity,Healthy Aging Foundations,pending,,,Foundation,foundational
AGE-005,Telomeres and Aging,"Science, evidence, and practical implications of telomeres and aging.",Healthy Aging and Longevity,Healthy Aging Foundations,pending,,,Foundation,foundational
AGE-006,Mitochondria and Aging,"Science, evidence, and practical implications of mitochondria and aging.",Healthy Aging and Longevity,Healthy Aging Foundations,pending,,,Foundation,foundational
AGE-007,Inflammaging,"Science, evidence, and practical implications of inflammaging.",Healthy Aging and Longevity,Healthy Aging Foundations,pending,,,Foundation,foundational
AGE-008,Oxidative Stress and Aging,"Science, evidence, and practical implications of oxidative stress and aging.",Healthy Aging and Longevity,Healthy Aging Foundations,pending,,,Foundation,foundational
AGE-009,Autophagy,"Science, evidence, and practical implications of autophagy.",Healthy Aging and Longevity,Healthy Aging Foundations,pending,,,Foundation,foundational
AGE-010,Proteostasis,"Science, evidence, and practical implications of proteostasis.",Healthy Aging and Longevity,Healthy Aging Foundations,pending,,,Foundation,foundational
AGE-011,Epigenetics and Aging,"Science, evidence, and practical implications of epigenetics and aging.",Healthy Aging and Longevity,Healthy Aging Foundations,pending,,,Foundation,foundational
AGE-012,Genetics and Longevity,"Science, evidence, and practical implications of genetics and longevity.",Healthy Aging and Longevity,Healthy Aging Foundations,pending,,,Foundation,foundational
AGE-013,Lifestyle and Longevity,"Science, evidence, and practical implications of lifestyle and longevity.",Healthy Aging and Longevity,Healthy Aging Foundations,pending,,,Foundation,foundational
AGE-014,Functional Reserve,"Science, evidence, and practical implications of functional reserve.",Healthy Aging and Longevity,Healthy Aging Foundations,pending,,,Foundation,foundational
AGE-015,Resilience With Aging,"Science, evidence, and practical implications of resilience with aging.",Healthy Aging and Longevity,Healthy Aging Foundations,pending,,,Foundation,foundational
AGE-016,Muscle Aging,"How muscle aging affects independence, function, and healthy aging.",Healthy Aging and Longevity,Physical Function,pending,,,Foundation,foundational
AGE-017,Sarcopenia,"How sarcopenia affects independence, function, and healthy aging.",Healthy Aging and Longevity,Physical Function,pending,,,Foundation,foundational
AGE-018,Preventing Muscle Loss,"How preventing muscle loss affects independence, function, and healthy aging.",Healthy Aging and Longevity,Physical Function,pending,,,Foundation,foundational
AGE-019,Strength After 50,"How strength after 50 affects independence, function, and healthy aging.",Healthy Aging and Longevity,Physical Function,pending,,,Foundation,foundational
AGE-020,Strength After 60,"How strength after 60 affects independence, function, and healthy aging.",Healthy Aging and Longevity,Physical Function,pending,,,Foundation,foundational
AGE-021,Power and Aging,"How power and aging affects independence, function, and healthy aging.",Healthy Aging and Longevity,Physical Function,pending,,,Foundation,foundational
AGE-022,Walking Speed and Aging,"How walking speed and aging affects independence, function, and healthy aging.",Healthy Aging and Longevity,Physical Function,pending,,,Foundation,foundational
AGE-023,Grip Strength and Aging,"How grip strength and aging affects independence, function, and healthy aging.",Healthy Aging and Longevity,Physical Function,pending,,,Foundation,foundational
AGE-024,Balance and Aging,"How balance and aging affects independence, function, and healthy aging.",Healthy Aging and Longevity,Physical Function,pending,,,Foundation,foundational
AGE-025,Mobility and Aging,"How mobility and aging affects independence, function, and healthy aging.",Healthy Aging and Longevity,Physical Function,pending,,,Foundation,foundational
AGE-026,Flexibility and Aging,"How flexibility and aging affects independence, function, and healthy aging.",Healthy Aging and Longevity,Physical Function,pending,,,Foundation,foundational
AGE-027,Joint Health With Aging,"How joint health with aging affects independence, function, and healthy aging.",Healthy Aging and Longevity,Physical Function,pending,,,Foundation,foundational
AGE-028,Endurance and Aging,"How endurance and aging affects independence, function, and healthy aging.",Healthy Aging and Longevity,Physical Function,pending,,,Foundation,foundational
AGE-029,VO2 Max and Aging,"How vo2 max and aging affects independence, function, and healthy aging.",Healthy Aging and Longevity,Physical Function,pending,,,Foundation,foundational
AGE-030,Physical Activity for Longevity,"How physical activity for longevity affects independence, function, and healthy aging.",Healthy Aging and Longevity,Physical Function,pending,,,Foundation,foundational
AGE-031,Bone Aging,"Prevention, evidence, practical actions, and safety related to bone aging.",Healthy Aging and Longevity,Bone and Falls,pending,,,Foundation,foundational
AGE-032,Osteopenia,"Prevention, evidence, practical actions, and safety related to osteopenia.",Healthy Aging and Longevity,Bone and Falls,pending,,,Foundation,foundational
AGE-033,Osteoporosis Prevention,"Prevention, evidence, practical actions, and safety related to osteoporosis prevention.",Healthy Aging and Longevity,Bone and Falls,pending,,,Foundation,foundational
AGE-034,Bone Density,"Prevention, evidence, practical actions, and safety related to bone density.",Healthy Aging and Longevity,Bone and Falls,pending,,,Foundation,foundational
AGE-035,Weight-Bearing Exercise,"Prevention, evidence, practical actions, and safety related to weight-bearing exercise.",Healthy Aging and Longevity,Bone and Falls,pending,,,Foundation,foundational
AGE-036,Resistance Training for Bone Health,"Prevention, evidence, practical actions, and safety related to resistance training for bone health.",Healthy Aging and Longevity,Bone and Falls,pending,,,Foundation,foundational
AGE-037,Calcium and Aging,"Prevention, evidence, practical actions, and safety related to calcium and aging.",Healthy Aging and Longevity,Bone and Falls,pending,,,Foundation,foundational
AGE-038,Vitamin D and Aging,"Prevention, evidence, practical actions, and safety related to vitamin d and aging.",Healthy Aging and Longevity,Bone and Falls,pending,,,Foundation,foundational
AGE-039,Fall Risk,"Prevention, evidence, practical actions, and safety related to fall risk.",Healthy Aging and Longevity,Bone and Falls,pending,,,Foundation,foundational
AGE-040,Fall Prevention,"Prevention, evidence, practical actions, and safety related to fall prevention.",Healthy Aging and Longevity,Bone and Falls,pending,,,Foundation,foundational
AGE-041,Home Fall Prevention,"Prevention, evidence, practical actions, and safety related to home fall prevention.",Healthy Aging and Longevity,Bone and Falls,pending,,,Foundation,foundational
AGE-042,Vision and Falls,"Prevention, evidence, practical actions, and safety related to vision and falls.",Healthy Aging and Longevity,Bone and Falls,pending,,,Foundation,foundational
AGE-043,Medications and Falls,"Prevention, evidence, practical actions, and safety related to medications and falls.",Healthy Aging and Longevity,Bone and Falls,pending,,,Foundation,foundational
AGE-044,Footwear and Falls,"Prevention, evidence, practical actions, and safety related to footwear and falls.",Healthy Aging and Longevity,Bone and Falls,pending,,,Foundation,foundational
AGE-045,Recovering After a Fall,"Prevention, evidence, practical actions, and safety related to recovering after a fall.",Healthy Aging and Longevity,Bone and Falls,pending,,,Foundation,foundational
AGE-046,Normal Cognitive Aging,Evidence and practical strategies related to normal cognitive aging.,Healthy Aging and Longevity,Brain and Cognitive Aging,pending,,,Foundation,foundational
AGE-047,Memory Changes With Age,Evidence and practical strategies related to memory changes with age.,Healthy Aging and Longevity,Brain and Cognitive Aging,pending,,,Foundation,foundational
AGE-048,Executive Function and Aging,Evidence and practical strategies related to executive function and aging.,Healthy Aging and Longevity,Brain and Cognitive Aging,pending,,,Foundation,foundational
AGE-049,Processing Speed and Aging,Evidence and practical strategies related to processing speed and aging.,Healthy Aging and Longevity,Brain and Cognitive Aging,pending,,,Foundation,foundational
AGE-050,Brain Plasticity With Age,Evidence and practical strategies related to brain plasticity with age.,Healthy Aging and Longevity,Brain and Cognitive Aging,pending,,,Foundation,foundational
AGE-051,Exercise and Brain Aging,Evidence and practical strategies related to exercise and brain aging.,Healthy Aging and Longevity,Brain and Cognitive Aging,pending,,,Foundation,foundational
AGE-052,Sleep and Brain Aging,Evidence and practical strategies related to sleep and brain aging.,Healthy Aging and Longevity,Brain and Cognitive Aging,pending,,,Foundation,foundational
AGE-053,Nutrition and Brain Aging,Evidence and practical strategies related to nutrition and brain aging.,Healthy Aging and Longevity,Brain and Cognitive Aging,pending,,,Foundation,foundational
AGE-054,Social Connection and Cognition,Evidence and practical strategies related to social connection and cognition.,Healthy Aging and Longevity,Brain and Cognitive Aging,pending,,,Foundation,foundational
AGE-055,Hearing and Cognitive Health,Evidence and practical strategies related to hearing and cognitive health.,Healthy Aging and Longevity,Brain and Cognitive Aging,pending,,,Foundation,foundational
AGE-056,Vision and Cognitive Health,Evidence and practical strategies related to vision and cognitive health.,Healthy Aging and Longevity,Brain and Cognitive Aging,pending,,,Foundation,foundational
AGE-057,Cognitive Stimulation,Evidence and practical strategies related to cognitive stimulation.,Healthy Aging and Longevity,Brain and Cognitive Aging,pending,,,Foundation,foundational
AGE-058,Learning New Skills,Evidence and practical strategies related to learning new skills.,Healthy Aging and Longevity,Brain and Cognitive Aging,pending,,,Foundation,foundational
AGE-059,Dementia Risk Reduction,Evidence and practical strategies related to dementia risk reduction.,Healthy Aging and Longevity,Brain and Cognitive Aging,pending,,,Foundation,foundational
AGE-060,Brain Health After 60,Evidence and practical strategies related to brain health after 60.,Healthy Aging and Longevity,Brain and Cognitive Aging,pending,,,Foundation,foundational
AGE-061,Blood Pressure and Aging,How blood pressure and aging changes with age and what supports healthy function.,Healthy Aging and Longevity,Cardiometabolic Aging,pending,,,Foundation,foundational
AGE-062,Arterial Stiffness,How arterial stiffness changes with age and what supports healthy function.,Healthy Aging and Longevity,Cardiometabolic Aging,pending,,,Foundation,foundational
AGE-063,Cholesterol and Aging,How cholesterol and aging changes with age and what supports healthy function.,Healthy Aging and Longevity,Cardiometabolic Aging,pending,,,Foundation,foundational
AGE-064,Blood Sugar and Aging,How blood sugar and aging changes with age and what supports healthy function.,Healthy Aging and Longevity,Cardiometabolic Aging,pending,,,Foundation,foundational
AGE-065,Insulin Resistance With Age,How insulin resistance with age changes with age and what supports healthy function.,Healthy Aging and Longevity,Cardiometabolic Aging,pending,,,Foundation,foundational
AGE-066,Body Composition With Aging,How body composition with aging changes with age and what supports healthy function.,Healthy Aging and Longevity,Cardiometabolic Aging,pending,,,Foundation,foundational
AGE-067,Visceral Fat With Aging,How visceral fat with aging changes with age and what supports healthy function.,Healthy Aging and Longevity,Cardiometabolic Aging,pending,,,Foundation,foundational
AGE-068,Metabolic Health After 50,How metabolic health after 50 changes with age and what supports healthy function.,Healthy Aging and Longevity,Cardiometabolic Aging,pending,,,Foundation,foundational
AGE-069,Heart Fitness With Aging,How heart fitness with aging changes with age and what supports healthy function.,Healthy Aging and Longevity,Cardiometabolic Aging,pending,,,Foundation,foundational
AGE-070,Stroke Risk Reduction,How stroke risk reduction changes with age and what supports healthy function.,Healthy Aging and Longevity,Cardiometabolic Aging,pending,,,Foundation,foundational
AGE-071,Cardiovascular Prevention After 60,How cardiovascular prevention after 60 changes with age and what supports healthy function.,Healthy Aging and Longevity,Cardiometabolic Aging,pending,,,Foundation,foundational
AGE-072,Kidney Function With Aging,How kidney function with aging changes with age and what supports healthy function.,Healthy Aging and Longevity,Cardiometabolic Aging,pending,,,Foundation,foundational
AGE-073,Liver Health With Aging,How liver health with aging changes with age and what supports healthy function.,Healthy Aging and Longevity,Cardiometabolic Aging,pending,,,Foundation,foundational
AGE-074,Hydration in Older Adults,How hydration in older adults changes with age and what supports healthy function.,Healthy Aging and Longevity,Cardiometabolic Aging,pending,,,Foundation,foundational
AGE-075,Medication Metabolism With Aging,How medication metabolism with aging changes with age and what supports healthy function.,Healthy Aging and Longevity,Cardiometabolic Aging,pending,,,Foundation,foundational
AGE-076,Protein Needs With Aging,Nutrition science and practical planning related to protein needs with aging.,Healthy Aging and Longevity,Nutrition and Aging,pending,,,Foundation,foundational
AGE-077,Protein Distribution for Older Adults,Nutrition science and practical planning related to protein distribution for older adults.,Healthy Aging and Longevity,Nutrition and Aging,pending,,,Foundation,foundational
AGE-078,Energy Needs With Aging,Nutrition science and practical planning related to energy needs with aging.,Healthy Aging and Longevity,Nutrition and Aging,pending,,,Foundation,foundational
AGE-079,Appetite Changes With Aging,Nutrition science and practical planning related to appetite changes with aging.,Healthy Aging and Longevity,Nutrition and Aging,pending,,,Foundation,foundational
AGE-080,Fiber for Older Adults,Nutrition science and practical planning related to fiber for older adults.,Healthy Aging and Longevity,Nutrition and Aging,pending,,,Foundation,foundational
AGE-081,Micronutrient Needs With Aging,Nutrition science and practical planning related to micronutrient needs with aging.,Healthy Aging and Longevity,Nutrition and Aging,pending,,,Foundation,foundational
AGE-082,Vitamin B12 and Aging,Nutrition science and practical planning related to vitamin b12 and aging.,Healthy Aging and Longevity,Nutrition and Aging,pending,,,Foundation,foundational
AGE-083,Iron and Aging,Nutrition science and practical planning related to iron and aging.,Healthy Aging and Longevity,Nutrition and Aging,pending,,,Foundation,foundational
AGE-084,Hydration and Aging,Nutrition science and practical planning related to hydration and aging.,Healthy Aging and Longevity,Nutrition and Aging,pending,,,Foundation,foundational
AGE-085,Healthy Weight in Older Adults,Nutrition science and practical planning related to healthy weight in older adults.,Healthy Aging and Longevity,Nutrition and Aging,pending,,,Foundation,foundational
AGE-086,Unintentional Weight Loss,Nutrition science and practical planning related to unintentional weight loss.,Healthy Aging and Longevity,Nutrition and Aging,pending,,,Foundation,foundational
AGE-087,Malnutrition in Older Adults,Nutrition science and practical planning related to malnutrition in older adults.,Healthy Aging and Longevity,Nutrition and Aging,pending,,,Foundation,foundational
AGE-088,Meal Planning for One or Two People,Nutrition science and practical planning related to meal planning for one or two people.,Healthy Aging and Longevity,Nutrition and Aging,pending,,,Foundation,foundational
AGE-089,Nutrition for Frailty Prevention,Nutrition science and practical planning related to nutrition for frailty prevention.,Healthy Aging and Longevity,Nutrition and Aging,pending,,,Foundation,foundational
AGE-090,Sleep Changes With Aging,"Evidence, practical strategies, and safety related to sleep changes with aging.",Healthy Aging and Longevity,Sleep and Recovery With Aging,pending,,,Foundation,foundational
AGE-091,Insomnia in Older Adults,"Evidence, practical strategies, and safety related to insomnia in older adults.",Healthy Aging and Longevity,Sleep and Recovery With Aging,pending,,,Foundation,foundational
AGE-092,Sleep Apnea and Aging,"Evidence, practical strategies, and safety related to sleep apnea and aging.",Healthy Aging and Longevity,Sleep and Recovery With Aging,pending,,,Foundation,foundational
AGE-093,Napping in Older Adults,"Evidence, practical strategies, and safety related to napping in older adults.",Healthy Aging and Longevity,Sleep and Recovery With Aging,pending,,,Foundation,foundational
AGE-094,Circadian Changes With Aging,"Evidence, practical strategies, and safety related to circadian changes with aging.",Healthy Aging and Longevity,Sleep and Recovery With Aging,pending,,,Foundation,foundational
AGE-095,Recovery After Exercise With Aging,"Evidence, practical strategies, and safety related to recovery after exercise with aging.",Healthy Aging and Longevity,Sleep and Recovery With Aging,pending,,,Foundation,foundational
AGE-096,Rest Days for Older Adults,"Evidence, practical strategies, and safety related to rest days for older adults.",Healthy Aging and Longevity,Sleep and Recovery With Aging,pending,,,Foundation,foundational
AGE-097,Fatigue in Older Adults,"Evidence, practical strategies, and safety related to fatigue in older adults.",Healthy Aging and Longevity,Sleep and Recovery With Aging,pending,,,Foundation,foundational
AGE-098,Pain and Sleep With Aging,"Evidence, practical strategies, and safety related to pain and sleep with aging.",Healthy Aging and Longevity,Sleep and Recovery With Aging,pending,,,Foundation,foundational
AGE-099,Medications and Sleep in Older Adults,"Evidence, practical strategies, and safety related to medications and sleep in older adults.",Healthy Aging and Longevity,Sleep and Recovery With Aging,pending,,,Foundation,foundational
AGE-100,Nighttime Urination and Sleep,"Evidence, practical strategies, and safety related to nighttime urination and sleep.",Healthy Aging and Longevity,Sleep and Recovery With Aging,pending,,,Foundation,foundational
AGE-101,Daytime Sleepiness,"Evidence, practical strategies, and safety related to daytime sleepiness.",Healthy Aging and Longevity,Sleep and Recovery With Aging,pending,,,Foundation,foundational
AGE-102,Building an Older-Adult Sleep Routine,"Evidence, practical strategies, and safety related to building an older-adult sleep routine.",Healthy Aging and Longevity,Sleep and Recovery With Aging,pending,,,Foundation,foundational
AGE-103,Sleep and Fall Risk,"Evidence, practical strategies, and safety related to sleep and fall risk.",Healthy Aging and Longevity,Sleep and Recovery With Aging,pending,,,Foundation,foundational
AGE-104,Sleep and Cognitive Aging,"Evidence, practical strategies, and safety related to sleep and cognitive aging.",Healthy Aging and Longevity,Sleep and Recovery With Aging,pending,,,Foundation,foundational
AGE-105,Purpose in Later Life,How purpose in later life influences well-being and healthy aging.,Healthy Aging and Longevity,Social and Emotional Aging,pending,,,Foundation,foundational
AGE-106,Retirement and Well-Being,How retirement and well-being influences well-being and healthy aging.,Healthy Aging and Longevity,Social and Emotional Aging,pending,,,Foundation,foundational
AGE-107,Social Connection in Older Adults,How social connection in older adults influences well-being and healthy aging.,Healthy Aging and Longevity,Social and Emotional Aging,pending,,,Foundation,foundational
AGE-108,Loneliness in Older Adults,How loneliness in older adults influences well-being and healthy aging.,Healthy Aging and Longevity,Social and Emotional Aging,pending,,,Foundation,foundational
AGE-109,Grief and Aging,How grief and aging influences well-being and healthy aging.,Healthy Aging and Longevity,Social and Emotional Aging,pending,,,Foundation,foundational
AGE-110,Caregiving in Later Life,How caregiving in later life influences well-being and healthy aging.,Healthy Aging and Longevity,Social and Emotional Aging,pending,,,Foundation,foundational
AGE-111,Resilience in Older Adults,How resilience in older adults influences well-being and healthy aging.,Healthy Aging and Longevity,Social and Emotional Aging,pending,,,Foundation,foundational
AGE-112,Depression in Older Adults,How depression in older adults influences well-being and healthy aging.,Healthy Aging and Longevity,Social and Emotional Aging,pending,,,Foundation,foundational
AGE-113,Anxiety in Older Adults,How anxiety in older adults influences well-being and healthy aging.,Healthy Aging and Longevity,Social and Emotional Aging,pending,,,Foundation,foundational
AGE-114,Maintaining Independence,How maintaining independence influences well-being and healthy aging.,Healthy Aging and Longevity,Social and Emotional Aging,pending,,,Foundation,foundational
AGE-115,Driving and Aging,How driving and aging influences well-being and healthy aging.,Healthy Aging and Longevity,Social and Emotional Aging,pending,,,Foundation,foundational
AGE-116,Volunteering in Later Life,How volunteering in later life influences well-being and healthy aging.,Healthy Aging and Longevity,Social and Emotional Aging,pending,,,Foundation,foundational
AGE-117,Intergenerational Relationships,How intergenerational relationships influences well-being and healthy aging.,Healthy Aging and Longevity,Social and Emotional Aging,pending,,,Foundation,foundational
AGE-118,Technology Use in Older Adults,How technology use in older adults influences well-being and healthy aging.,Healthy Aging and Longevity,Social and Emotional Aging,pending,,,Foundation,foundational
AGE-119,Planning for Life Transitions,How planning for life transitions influences well-being and healthy aging.,Healthy Aging and Longevity,Social and Emotional Aging,pending,,,Foundation,foundational
AGE-120,Preventive Care After 50,"Prevention, screening, safety, and practical planning for preventive care after 50.",Healthy Aging and Longevity,Preventive Aging,pending,,,Foundation,foundational
AGE-121,Cancer Screening With Aging,"Prevention, screening, safety, and practical planning for cancer screening with aging.",Healthy Aging and Longevity,Preventive Aging,pending,,,Foundation,foundational
AGE-122,Vaccines for Older Adults,"Prevention, screening, safety, and practical planning for vaccines for older adults.",Healthy Aging and Longevity,Preventive Aging,pending,,,Foundation,foundational
AGE-123,Vision Screening With Aging,"Prevention, screening, safety, and practical planning for vision screening with aging.",Healthy Aging and Longevity,Preventive Aging,pending,,,Foundation,foundational
AGE-124,Hearing Screening With Aging,"Prevention, screening, safety, and practical planning for hearing screening with aging.",Healthy Aging and Longevity,Preventive Aging,pending,,,Foundation,foundational
AGE-125,Dental Health With Aging,"Prevention, screening, safety, and practical planning for dental health with aging.",Healthy Aging and Longevity,Preventive Aging,pending,,,Foundation,foundational
AGE-126,Medication Review in Older Adults,"Prevention, screening, safety, and practical planning for medication review in older adults.",Healthy Aging and Longevity,Preventive Aging,pending,,,Foundation,foundational
AGE-127,Polypharmacy,"Prevention, screening, safety, and practical planning for polypharmacy.",Healthy Aging and Longevity,Preventive Aging,pending,,,Foundation,foundational
AGE-128,Advance Care Planning,"Prevention, screening, safety, and practical planning for advance care planning.",Healthy Aging and Longevity,Preventive Aging,pending,,,Foundation,foundational
AGE-129,Frailty Screening,"Prevention, screening, safety, and practical planning for frailty screening.",Healthy Aging and Longevity,Preventive Aging,pending,,,Foundation,foundational
AGE-130,Functional Assessment,"Prevention, screening, safety, and practical planning for functional assessment.",Healthy Aging and Longevity,Preventive Aging,pending,,,Foundation,foundational
AGE-131,Home Safety Assessment,"Prevention, screening, safety, and practical planning for home safety assessment.",Healthy Aging and Longevity,Preventive Aging,pending,,,Foundation,foundational
AGE-132,Healthy Aging Checkups,"Prevention, screening, safety, and practical planning for healthy aging checkups.",Healthy Aging and Longevity,Preventive Aging,pending,,,Foundation,foundational
AGE-133,Preparing for Surgery in Older Adults,"Prevention, screening, safety, and practical planning for preparing for surgery in older adults.",Healthy Aging and Longevity,Preventive Aging,pending,,,Foundation,foundational
AGE-134,Recovery After Hospitalization,"Prevention, screening, safety, and practical planning for recovery after hospitalization.",Healthy Aging and Longevity,Preventive Aging,pending,,,Foundation,foundational
AGE-135,Centenarians,"What evidence supports centenarians, what remains uncertain, and practical implications.",Healthy Aging and Longevity,Longevity and Evidence,pending,,,Foundation,foundational
AGE-136,Blue Zones,"What evidence supports blue zones, what remains uncertain, and practical implications.",Healthy Aging and Longevity,Longevity and Evidence,pending,,,Foundation,foundational
AGE-137,Calorie Restriction and Longevity,"What evidence supports calorie restriction and longevity, what remains uncertain, and practical implications.",Healthy Aging and Longevity,Longevity and Evidence,pending,,,Foundation,foundational
AGE-138,Fasting and Longevity,"What evidence supports fasting and longevity, what remains uncertain, and practical implications.",Healthy Aging and Longevity,Longevity and Evidence,pending,,,Foundation,foundational
AGE-139,Exercise and Longevity,"What evidence supports exercise and longevity, what remains uncertain, and practical implications.",Healthy Aging and Longevity,Longevity and Evidence,pending,,,Foundation,foundational
AGE-140,Sleep and Longevity,"What evidence supports sleep and longevity, what remains uncertain, and practical implications.",Healthy Aging and Longevity,Longevity and Evidence,pending,,,Foundation,foundational
AGE-141,Social Connection and Longevity,"What evidence supports social connection and longevity, what remains uncertain, and practical implications.",Healthy Aging and Longevity,Longevity and Evidence,pending,,,Foundation,foundational
AGE-142,Alcohol and Longevity,"What evidence supports alcohol and longevity, what remains uncertain, and practical implications.",Healthy Aging and Longevity,Longevity and Evidence,pending,,,Foundation,foundational
AGE-143,Supplements and Longevity,"What evidence supports supplements and longevity, what remains uncertain, and practical implications.",Healthy Aging and Longevity,Longevity and Evidence,pending,,,Foundation,foundational
AGE-144,Anti-Aging Claims,"What evidence supports anti-aging claims, what remains uncertain, and practical implications.",Healthy Aging and Longevity,Longevity and Evidence,pending,,,Foundation,foundational
AGE-145,Longevity Biomarkers,"What evidence supports longevity biomarkers, what remains uncertain, and practical implications.",Healthy Aging and Longevity,Longevity and Evidence,pending,,,Foundation,foundational
AGE-146,Biological Age Tests,"What evidence supports biological age tests, what remains uncertain, and practical implications.",Healthy Aging and Longevity,Longevity and Evidence,pending,,,Foundation,foundational
AGE-147,Healthy Aging Myths,"What evidence supports healthy aging myths, what remains uncertain, and practical implications.",Healthy Aging and Longevity,Longevity and Evidence,pending,,,Foundation,foundational
AGE-148,Building a Longevity Plan,"What evidence supports building a longevity plan, what remains uncertain, and practical implications.",Healthy Aging and Longevity,Longevity and Evidence,pending,,,Foundation,foundational
AGE-149,Maintaining Quality of Life With Aging,"What evidence supports maintaining quality of life with aging, what remains uncertain, and practical implications.",Healthy Aging and Longevity,Longevity and Evidence,pending,,,Foundation,foundational
AGE-150,Integrating Healthy Aging and Longevity: Practical Synthesis,"An integrated evidence-based synthesis of healthy aging and longevity concepts, priorities, practical application, and safety.",Healthy Aging and Longevity,Integrated Practice,pending,,,Foundation,foundational
DIS-001,Preventing Cardiovascular Disease,"Prevention, risk factors, screening, evidence, and practical actions related to preventing cardiovascular disease.",Disease Prevention,Cardiovascular Prevention,pending,,,Foundation,foundational
DIS-002,Preventing Heart Attack,"Prevention, risk factors, screening, evidence, and practical actions related to preventing heart attack.",Disease Prevention,Cardiovascular Prevention,pending,,,Foundation,foundational
DIS-003,Preventing Stroke,"Prevention, risk factors, screening, evidence, and practical actions related to preventing stroke.",Disease Prevention,Cardiovascular Prevention,pending,,,Foundation,foundational
DIS-004,Preventing High Blood Pressure,"Prevention, risk factors, screening, evidence, and practical actions related to preventing high blood pressure.",Disease Prevention,Cardiovascular Prevention,pending,,,Foundation,foundational
DIS-005,Preventing High LDL Cholesterol,"Prevention, risk factors, screening, evidence, and practical actions related to preventing high ldl cholesterol.",Disease Prevention,Cardiovascular Prevention,pending,,,Foundation,foundational
DIS-006,Preventing High Triglycerides,"Prevention, risk factors, screening, evidence, and practical actions related to preventing high triglycerides.",Disease Prevention,Cardiovascular Prevention,pending,,,Foundation,foundational
DIS-007,Preventing Atherosclerosis,"Prevention, risk factors, screening, evidence, and practical actions related to preventing atherosclerosis.",Disease Prevention,Cardiovascular Prevention,pending,,,Foundation,foundational
DIS-008,Preventing Peripheral Artery Disease,"Prevention, risk factors, screening, evidence, and practical actions related to preventing peripheral artery disease.",Disease Prevention,Cardiovascular Prevention,pending,,,Foundation,foundational
DIS-009,Preventing Heart Failure,"Prevention, risk factors, screening, evidence, and practical actions related to preventing heart failure.",Disease Prevention,Cardiovascular Prevention,pending,,,Foundation,foundational
DIS-010,Preventing Atrial Fibrillation,"Prevention, risk factors, screening, evidence, and practical actions related to preventing atrial fibrillation.",Disease Prevention,Cardiovascular Prevention,pending,,,Foundation,foundational
DIS-011,Blood Pressure Screening,"Prevention, risk factors, screening, evidence, and practical actions related to blood pressure screening.",Disease Prevention,Cardiovascular Prevention,pending,,,Foundation,foundational
DIS-012,Cholesterol Screening,"Prevention, risk factors, screening, evidence, and practical actions related to cholesterol screening.",Disease Prevention,Cardiovascular Prevention,pending,,,Foundation,foundational
DIS-013,Cardiovascular Risk Scores,"Prevention, risk factors, screening, evidence, and practical actions related to cardiovascular risk scores.",Disease Prevention,Cardiovascular Prevention,pending,,,Foundation,foundational
DIS-014,Coronary Artery Calcium Scoring,"Prevention, risk factors, screening, evidence, and practical actions related to coronary artery calcium scoring.",Disease Prevention,Cardiovascular Prevention,pending,,,Foundation,foundational
DIS-015,Smoking and Cardiovascular Risk,"Prevention, risk factors, screening, evidence, and practical actions related to smoking and cardiovascular risk.",Disease Prevention,Cardiovascular Prevention,pending,,,Foundation,foundational
DIS-016,Exercise for Cardiovascular Prevention,"Prevention, risk factors, screening, evidence, and practical actions related to exercise for cardiovascular prevention.",Disease Prevention,Cardiovascular Prevention,pending,,,Foundation,foundational
DIS-017,Nutrition for Cardiovascular Prevention,"Prevention, risk factors, screening, evidence, and practical actions related to nutrition for cardiovascular prevention.",Disease Prevention,Cardiovascular Prevention,pending,,,Foundation,foundational
DIS-018,Sleep and Cardiovascular Risk,"Prevention, risk factors, screening, evidence, and practical actions related to sleep and cardiovascular risk.",Disease Prevention,Cardiovascular Prevention,pending,,,Foundation,foundational
DIS-019,Stress and Cardiovascular Risk,"Prevention, risk factors, screening, evidence, and practical actions related to stress and cardiovascular risk.",Disease Prevention,Cardiovascular Prevention,pending,,,Foundation,foundational
DIS-020,Weight and Cardiovascular Risk,"Prevention, risk factors, screening, evidence, and practical actions related to weight and cardiovascular risk.",Disease Prevention,Cardiovascular Prevention,pending,,,Foundation,foundational
DIS-021,Diabetes and Cardiovascular Risk,"Prevention, risk factors, screening, evidence, and practical actions related to diabetes and cardiovascular risk.",Disease Prevention,Cardiovascular Prevention,pending,,,Foundation,foundational
DIS-022,Family History and Heart Disease,"Prevention, risk factors, screening, evidence, and practical actions related to family history and heart disease.",Disease Prevention,Cardiovascular Prevention,pending,,,Foundation,foundational
DIS-023,Menopause and Cardiovascular Risk,"Prevention, risk factors, screening, evidence, and practical actions related to menopause and cardiovascular risk.",Disease Prevention,Cardiovascular Prevention,pending,,,Foundation,foundational
DIS-024,South Asian Cardiovascular Risk,"Prevention, risk factors, screening, evidence, and practical actions related to south asian cardiovascular risk.",Disease Prevention,Cardiovascular Prevention,pending,,,Foundation,foundational
DIS-025,Building a Heart-Health Prevention Plan,"Prevention, risk factors, screening, evidence, and practical actions related to building a heart-health prevention plan.",Disease Prevention,Cardiovascular Prevention,pending,,,Foundation,foundational
DIS-026,Preventing Prediabetes,"Prevention, risk factors, screening, evidence, and practical actions related to preventing prediabetes.",Disease Prevention,Metabolic Prevention,pending,,,Foundation,foundational
DIS-027,Preventing Type 2 Diabetes,"Prevention, risk factors, screening, evidence, and practical actions related to preventing type 2 diabetes.",Disease Prevention,Metabolic Prevention,pending,,,Foundation,foundational
DIS-028,Preventing Insulin Resistance,"Prevention, risk factors, screening, evidence, and practical actions related to preventing insulin resistance.",Disease Prevention,Metabolic Prevention,pending,,,Foundation,foundational
DIS-029,Preventing Metabolic Syndrome,"Prevention, risk factors, screening, evidence, and practical actions related to preventing metabolic syndrome.",Disease Prevention,Metabolic Prevention,pending,,,Foundation,foundational
DIS-030,Preventing Obesity,"Prevention, risk factors, screening, evidence, and practical actions related to preventing obesity.",Disease Prevention,Metabolic Prevention,pending,,,Foundation,foundational
DIS-031,Preventing Abdominal Obesity,"Prevention, risk factors, screening, evidence, and practical actions related to preventing abdominal obesity.",Disease Prevention,Metabolic Prevention,pending,,,Foundation,foundational
DIS-032,Preventing Fatty Liver Disease,"Prevention, risk factors, screening, evidence, and practical actions related to preventing fatty liver disease.",Disease Prevention,Metabolic Prevention,pending,,,Foundation,foundational
DIS-033,Preventing Gout,"Prevention, risk factors, screening, evidence, and practical actions related to preventing gout.",Disease Prevention,Metabolic Prevention,pending,,,Foundation,foundational
DIS-034,Preventing Hyperuricemia,"Prevention, risk factors, screening, evidence, and practical actions related to preventing hyperuricemia.",Disease Prevention,Metabolic Prevention,pending,,,Foundation,foundational
DIS-035,Preventing Metabolic Complications,"Prevention, risk factors, screening, evidence, and practical actions related to preventing metabolic complications.",Disease Prevention,Metabolic Prevention,pending,,,Foundation,foundational
DIS-036,HbA1c Screening,"Prevention, risk factors, screening, evidence, and practical actions related to hba1c screening.",Disease Prevention,Metabolic Prevention,pending,,,Foundation,foundational
DIS-037,Fasting Glucose Screening,"Prevention, risk factors, screening, evidence, and practical actions related to fasting glucose screening.",Disease Prevention,Metabolic Prevention,pending,,,Foundation,foundational
DIS-038,Waist Circumference and Risk,"Prevention, risk factors, screening, evidence, and practical actions related to waist circumference and risk.",Disease Prevention,Metabolic Prevention,pending,,,Foundation,foundational
DIS-039,Weight Gain Prevention,"Prevention, risk factors, screening, evidence, and practical actions related to weight gain prevention.",Disease Prevention,Metabolic Prevention,pending,,,Foundation,foundational
DIS-040,Muscle and Metabolic Health,"Prevention, risk factors, screening, evidence, and practical actions related to muscle and metabolic health.",Disease Prevention,Metabolic Prevention,pending,,,Foundation,foundational
DIS-041,Walking and Diabetes Prevention,"Prevention, risk factors, screening, evidence, and practical actions related to walking and diabetes prevention.",Disease Prevention,Metabolic Prevention,pending,,,Foundation,foundational
DIS-042,Resistance Training and Diabetes Prevention,"Prevention, risk factors, screening, evidence, and practical actions related to resistance training and diabetes prevention.",Disease Prevention,Metabolic Prevention,pending,,,Foundation,foundational
DIS-043,Fiber and Diabetes Prevention,"Prevention, risk factors, screening, evidence, and practical actions related to fiber and diabetes prevention.",Disease Prevention,Metabolic Prevention,pending,,,Foundation,foundational
DIS-044,Protein and Weight Management,"Prevention, risk factors, screening, evidence, and practical actions related to protein and weight management.",Disease Prevention,Metabolic Prevention,pending,,,Foundation,foundational
DIS-045,Sleep and Diabetes Prevention,"Prevention, risk factors, screening, evidence, and practical actions related to sleep and diabetes prevention.",Disease Prevention,Metabolic Prevention,pending,,,Foundation,foundational
DIS-046,Stress and Diabetes Risk,"Prevention, risk factors, screening, evidence, and practical actions related to stress and diabetes risk.",Disease Prevention,Metabolic Prevention,pending,,,Foundation,foundational
DIS-047,Sugary Drinks and Metabolic Risk,"Prevention, risk factors, screening, evidence, and practical actions related to sugary drinks and metabolic risk.",Disease Prevention,Metabolic Prevention,pending,,,Foundation,foundational
DIS-048,Alcohol and Metabolic Health,"Prevention, risk factors, screening, evidence, and practical actions related to alcohol and metabolic health.",Disease Prevention,Metabolic Prevention,pending,,,Foundation,foundational
DIS-049,South Asian Diabetes Risk,"Prevention, risk factors, screening, evidence, and practical actions related to south asian diabetes risk.",Disease Prevention,Metabolic Prevention,pending,,,Foundation,foundational
DIS-050,Building a Metabolic Prevention Plan,"Prevention, risk factors, screening, evidence, and practical actions related to building a metabolic prevention plan.",Disease Prevention,Metabolic Prevention,pending,,,Foundation,foundational
DIS-051,Reducing Overall Cancer Risk,"Prevention, risk factors, screening, evidence, and practical actions related to reducing overall cancer risk.",Disease Prevention,Cancer Prevention,pending,,,Foundation,foundational
DIS-052,Lung Cancer Prevention,"Prevention, risk factors, screening, evidence, and practical actions related to lung cancer prevention.",Disease Prevention,Cancer Prevention,pending,,,Foundation,foundational
DIS-053,Colorectal Cancer Prevention,"Prevention, risk factors, screening, evidence, and practical actions related to colorectal cancer prevention.",Disease Prevention,Cancer Prevention,pending,,,Foundation,foundational
DIS-054,Breast Cancer Risk Reduction,"Prevention, risk factors, screening, evidence, and practical actions related to breast cancer risk reduction.",Disease Prevention,Cancer Prevention,pending,,,Foundation,foundational
DIS-055,Prostate Cancer Risk Reduction,"Prevention, risk factors, screening, evidence, and practical actions related to prostate cancer risk reduction.",Disease Prevention,Cancer Prevention,pending,,,Foundation,foundational
DIS-056,Skin Cancer Prevention,"Prevention, risk factors, screening, evidence, and practical actions related to skin cancer prevention.",Disease Prevention,Cancer Prevention,pending,,,Foundation,foundational
DIS-057,Liver Cancer Prevention,"Prevention, risk factors, screening, evidence, and practical actions related to liver cancer prevention.",Disease Prevention,Cancer Prevention,pending,,,Foundation,foundational
DIS-058,Stomach Cancer Risk Reduction,"Prevention, risk factors, screening, evidence, and practical actions related to stomach cancer risk reduction.",Disease Prevention,Cancer Prevention,pending,,,Foundation,foundational
DIS-059,Cervical Cancer Prevention,"Prevention, risk factors, screening, evidence, and practical actions related to cervical cancer prevention.",Disease Prevention,Cancer Prevention,pending,,,Foundation,foundational
DIS-060,Oral Cancer Prevention,"Prevention, risk factors, screening, evidence, and practical actions related to oral cancer prevention.",Disease Prevention,Cancer Prevention,pending,,,Foundation,foundational
DIS-061,Smoking and Cancer,"Prevention, risk factors, screening, evidence, and practical actions related to smoking and cancer.",Disease Prevention,Cancer Prevention,pending,,,Foundation,foundational
DIS-062,Alcohol and Cancer Risk,"Prevention, risk factors, screening, evidence, and practical actions related to alcohol and cancer risk.",Disease Prevention,Cancer Prevention,pending,,,Foundation,foundational
DIS-063,Body Weight and Cancer Risk,"Prevention, risk factors, screening, evidence, and practical actions related to body weight and cancer risk.",Disease Prevention,Cancer Prevention,pending,,,Foundation,foundational
DIS-064,Physical Activity and Cancer Prevention,"Prevention, risk factors, screening, evidence, and practical actions related to physical activity and cancer prevention.",Disease Prevention,Cancer Prevention,pending,,,Foundation,foundational
DIS-065,Diet and Cancer Prevention,"Prevention, risk factors, screening, evidence, and practical actions related to diet and cancer prevention.",Disease Prevention,Cancer Prevention,pending,,,Foundation,foundational
DIS-066,Fiber and Colorectal Cancer,"Prevention, risk factors, screening, evidence, and practical actions related to fiber and colorectal cancer.",Disease Prevention,Cancer Prevention,pending,,,Foundation,foundational
DIS-067,Processed Meat and Cancer Risk,"Prevention, risk factors, screening, evidence, and practical actions related to processed meat and cancer risk.",Disease Prevention,Cancer Prevention,pending,,,Foundation,foundational
DIS-068,Sun Protection,"Prevention, risk factors, screening, evidence, and practical actions related to sun protection.",Disease Prevention,Cancer Prevention,pending,,,Foundation,foundational
DIS-069,HPV Vaccination,"Prevention, risk factors, screening, evidence, and practical actions related to hpv vaccination.",Disease Prevention,Cancer Prevention,pending,,,Foundation,foundational
DIS-070,Hepatitis B Vaccination and Liver Cancer,"Prevention, risk factors, screening, evidence, and practical actions related to hepatitis b vaccination and liver cancer.",Disease Prevention,Cancer Prevention,pending,,,Foundation,foundational
DIS-071,Cancer Screening Principles,"Prevention, risk factors, screening, evidence, and practical actions related to cancer screening principles.",Disease Prevention,Cancer Prevention,pending,,,Foundation,foundational
DIS-072,Family History and Cancer Risk,"Prevention, risk factors, screening, evidence, and practical actions related to family history and cancer risk.",Disease Prevention,Cancer Prevention,pending,,,Foundation,foundational
DIS-073,Genetic Cancer Risk,"Prevention, risk factors, screening, evidence, and practical actions related to genetic cancer risk.",Disease Prevention,Cancer Prevention,pending,,,Foundation,foundational
DIS-074,Environmental Carcinogens,"Prevention, risk factors, screening, evidence, and practical actions related to environmental carcinogens.",Disease Prevention,Cancer Prevention,pending,,,Foundation,foundational
DIS-075,Building a Cancer Prevention Plan,"Prevention, risk factors, screening, evidence, and practical actions related to building a cancer prevention plan.",Disease Prevention,Cancer Prevention,pending,,,Foundation,foundational
DIS-076,Reducing Dementia Risk,"Prevention, risk factors, screening, evidence, and practical actions related to reducing dementia risk.",Disease Prevention,Brain and Neurologic Prevention,pending,,,Foundation,foundational
DIS-077,Reducing Alzheimer Disease Risk,"Prevention, risk factors, screening, evidence, and practical actions related to reducing alzheimer disease risk.",Disease Prevention,Brain and Neurologic Prevention,pending,,,Foundation,foundational
DIS-078,Reducing Vascular Dementia Risk,"Prevention, risk factors, screening, evidence, and practical actions related to reducing vascular dementia risk.",Disease Prevention,Brain and Neurologic Prevention,pending,,,Foundation,foundational
DIS-079,Stroke and Brain Health,"Prevention, risk factors, screening, evidence, and practical actions related to stroke and brain health.",Disease Prevention,Brain and Neurologic Prevention,pending,,,Foundation,foundational
DIS-080,Blood Pressure and Dementia Risk,"Prevention, risk factors, screening, evidence, and practical actions related to blood pressure and dementia risk.",Disease Prevention,Brain and Neurologic Prevention,pending,,,Foundation,foundational
DIS-081,Exercise and Dementia Prevention,"Prevention, risk factors, screening, evidence, and practical actions related to exercise and dementia prevention.",Disease Prevention,Brain and Neurologic Prevention,pending,,,Foundation,foundational
DIS-082,Sleep and Dementia Risk,"Prevention, risk factors, screening, evidence, and practical actions related to sleep and dementia risk.",Disease Prevention,Brain and Neurologic Prevention,pending,,,Foundation,foundational
DIS-083,Hearing and Dementia Risk,"Prevention, risk factors, screening, evidence, and practical actions related to hearing and dementia risk.",Disease Prevention,Brain and Neurologic Prevention,pending,,,Foundation,foundational
DIS-084,Social Connection and Brain Health,"Prevention, risk factors, screening, evidence, and practical actions related to social connection and brain health.",Disease Prevention,Brain and Neurologic Prevention,pending,,,Foundation,foundational
DIS-085,Diabetes and Cognitive Risk,"Prevention, risk factors, screening, evidence, and practical actions related to diabetes and cognitive risk.",Disease Prevention,Brain and Neurologic Prevention,pending,,,Foundation,foundational
DIS-086,Smoking and Brain Health,"Prevention, risk factors, screening, evidence, and practical actions related to smoking and brain health.",Disease Prevention,Brain and Neurologic Prevention,pending,,,Foundation,foundational
DIS-087,Alcohol and Brain Health,"Prevention, risk factors, screening, evidence, and practical actions related to alcohol and brain health.",Disease Prevention,Brain and Neurologic Prevention,pending,,,Foundation,foundational
DIS-088,Nutrition and Cognitive Prevention,"Prevention, risk factors, screening, evidence, and practical actions related to nutrition and cognitive prevention.",Disease Prevention,Brain and Neurologic Prevention,pending,,,Foundation,foundational
DIS-089,MIND-Style Eating,"Prevention, risk factors, screening, evidence, and practical actions related to mind-style eating.",Disease Prevention,Brain and Neurologic Prevention,pending,,,Foundation,foundational
DIS-090,Cognitive Activity,"Prevention, risk factors, screening, evidence, and practical actions related to cognitive activity.",Disease Prevention,Brain and Neurologic Prevention,pending,,,Foundation,foundational
DIS-091,Traumatic Brain Injury Prevention,"Prevention, risk factors, screening, evidence, and practical actions related to traumatic brain injury prevention.",Disease Prevention,Brain and Neurologic Prevention,pending,,,Foundation,foundational
DIS-092,Fall-Related Head Injury Prevention,"Prevention, risk factors, screening, evidence, and practical actions related to fall-related head injury prevention.",Disease Prevention,Brain and Neurologic Prevention,pending,,,Foundation,foundational
DIS-093,Migraine Trigger Management,"Prevention, risk factors, screening, evidence, and practical actions related to migraine trigger management.",Disease Prevention,Brain and Neurologic Prevention,pending,,,Foundation,foundational
DIS-094,Preventing Delirium in Older Adults,"Prevention, risk factors, screening, evidence, and practical actions related to preventing delirium in older adults.",Disease Prevention,Brain and Neurologic Prevention,pending,,,Foundation,foundational
DIS-095,Vision and Cognitive Health,"Prevention, risk factors, screening, evidence, and practical actions related to vision and cognitive health.",Disease Prevention,Brain and Neurologic Prevention,pending,,,Foundation,foundational
DIS-096,Depression and Cognitive Health,"Prevention, risk factors, screening, evidence, and practical actions related to depression and cognitive health.",Disease Prevention,Brain and Neurologic Prevention,pending,,,Foundation,foundational
DIS-097,Loneliness and Cognitive Health,"Prevention, risk factors, screening, evidence, and practical actions related to loneliness and cognitive health.",Disease Prevention,Brain and Neurologic Prevention,pending,,,Foundation,foundational
DIS-098,Healthy Brain Aging,"Prevention, risk factors, screening, evidence, and practical actions related to healthy brain aging.",Disease Prevention,Brain and Neurologic Prevention,pending,,,Foundation,foundational
DIS-099,Brain Health Screening,"Prevention, risk factors, screening, evidence, and practical actions related to brain health screening.",Disease Prevention,Brain and Neurologic Prevention,pending,,,Foundation,foundational
DIS-100,Building a Brain Health Prevention Plan,"Prevention, risk factors, screening, evidence, and practical actions related to building a brain health prevention plan.",Disease Prevention,Brain and Neurologic Prevention,pending,,,Foundation,foundational
DIS-101,Preventing Osteoporosis,"Prevention, risk factors, screening, evidence, and practical actions related to preventing osteoporosis.",Disease Prevention,Bone and Musculoskeletal Prevention,pending,,,Foundation,foundational
DIS-102,Preventing Osteopenia,"Prevention, risk factors, screening, evidence, and practical actions related to preventing osteopenia.",Disease Prevention,Bone and Musculoskeletal Prevention,pending,,,Foundation,foundational
DIS-103,Preventing Fragility Fractures,"Prevention, risk factors, screening, evidence, and practical actions related to preventing fragility fractures.",Disease Prevention,Bone and Musculoskeletal Prevention,pending,,,Foundation,foundational
DIS-104,Preventing Falls,"Prevention, risk factors, screening, evidence, and practical actions related to preventing falls.",Disease Prevention,Bone and Musculoskeletal Prevention,pending,,,Foundation,foundational
DIS-105,Preventing Sarcopenia,"Prevention, risk factors, screening, evidence, and practical actions related to preventing sarcopenia.",Disease Prevention,Bone and Musculoskeletal Prevention,pending,,,Foundation,foundational
DIS-106,Preventing Frailty,"Prevention, risk factors, screening, evidence, and practical actions related to preventing frailty.",Disease Prevention,Bone and Musculoskeletal Prevention,pending,,,Foundation,foundational
DIS-107,Preventing Low Back Pain,"Prevention, risk factors, screening, evidence, and practical actions related to preventing low back pain.",Disease Prevention,Bone and Musculoskeletal Prevention,pending,,,Foundation,foundational
DIS-108,Preventing Neck Pain,"Prevention, risk factors, screening, evidence, and practical actions related to preventing neck pain.",Disease Prevention,Bone and Musculoskeletal Prevention,pending,,,Foundation,foundational
DIS-109,Preventing Knee Pain,"Prevention, risk factors, screening, evidence, and practical actions related to preventing knee pain.",Disease Prevention,Bone and Musculoskeletal Prevention,pending,,,Foundation,foundational
DIS-110,Preventing Shoulder Pain,"Prevention, risk factors, screening, evidence, and practical actions related to preventing shoulder pain.",Disease Prevention,Bone and Musculoskeletal Prevention,pending,,,Foundation,foundational
DIS-111,Preventing Osteoarthritis Progression,"Prevention, risk factors, screening, evidence, and practical actions related to preventing osteoarthritis progression.",Disease Prevention,Bone and Musculoskeletal Prevention,pending,,,Foundation,foundational
DIS-112,Bone Density Screening,"Prevention, risk factors, screening, evidence, and practical actions related to bone density screening.",Disease Prevention,Bone and Musculoskeletal Prevention,pending,,,Foundation,foundational
DIS-113,Calcium and Bone Prevention,"Prevention, risk factors, screening, evidence, and practical actions related to calcium and bone prevention.",Disease Prevention,Bone and Musculoskeletal Prevention,pending,,,Foundation,foundational
DIS-114,Vitamin D and Bone Prevention,"Prevention, risk factors, screening, evidence, and practical actions related to vitamin d and bone prevention.",Disease Prevention,Bone and Musculoskeletal Prevention,pending,,,Foundation,foundational
DIS-115,Protein and Musculoskeletal Health,"Prevention, risk factors, screening, evidence, and practical actions related to protein and musculoskeletal health.",Disease Prevention,Bone and Musculoskeletal Prevention,pending,,,Foundation,foundational
DIS-116,Resistance Training for Prevention,"Prevention, risk factors, screening, evidence, and practical actions related to resistance training for prevention.",Disease Prevention,Bone and Musculoskeletal Prevention,pending,,,Foundation,foundational
DIS-117,Balance Training for Prevention,"Prevention, risk factors, screening, evidence, and practical actions related to balance training for prevention.",Disease Prevention,Bone and Musculoskeletal Prevention,pending,,,Foundation,foundational
DIS-118,Mobility Training for Prevention,"Prevention, risk factors, screening, evidence, and practical actions related to mobility training for prevention.",Disease Prevention,Bone and Musculoskeletal Prevention,pending,,,Foundation,foundational
DIS-119,Ergonomics and Musculoskeletal Prevention,"Prevention, risk factors, screening, evidence, and practical actions related to ergonomics and musculoskeletal prevention.",Disease Prevention,Bone and Musculoskeletal Prevention,pending,,,Foundation,foundational
DIS-120,Healthy Body Weight and Joint Health,"Prevention, risk factors, screening, evidence, and practical actions related to healthy body weight and joint health.",Disease Prevention,Bone and Musculoskeletal Prevention,pending,,,Foundation,foundational
DIS-121,Foot Health and Fall Prevention,"Prevention, risk factors, screening, evidence, and practical actions related to foot health and fall prevention.",Disease Prevention,Bone and Musculoskeletal Prevention,pending,,,Foundation,foundational
DIS-122,Vision and Fall Prevention,"Prevention, risk factors, screening, evidence, and practical actions related to vision and fall prevention.",Disease Prevention,Bone and Musculoskeletal Prevention,pending,,,Foundation,foundational
DIS-123,Medication-Related Fall Risk,"Prevention, risk factors, screening, evidence, and practical actions related to medication-related fall risk.",Disease Prevention,Bone and Musculoskeletal Prevention,pending,,,Foundation,foundational
DIS-124,Home Safety and Falls,"Prevention, risk factors, screening, evidence, and practical actions related to home safety and falls.",Disease Prevention,Bone and Musculoskeletal Prevention,pending,,,Foundation,foundational
DIS-125,Building a Musculoskeletal Prevention Plan,"Prevention, risk factors, screening, evidence, and practical actions related to building a musculoskeletal prevention plan.",Disease Prevention,Bone and Musculoskeletal Prevention,pending,,,Foundation,foundational
DIS-126,Preventing Chronic Kidney Disease,"Prevention, risk factors, screening, evidence, and practical actions related to preventing chronic kidney disease.",Disease Prevention,Kidney and Liver Prevention,pending,,,Foundation,foundational
DIS-127,Preventing Kidney Function Decline,"Prevention, risk factors, screening, evidence, and practical actions related to preventing kidney function decline.",Disease Prevention,Kidney and Liver Prevention,pending,,,Foundation,foundational
DIS-128,Blood Pressure and Kidney Protection,"Prevention, risk factors, screening, evidence, and practical actions related to blood pressure and kidney protection.",Disease Prevention,Kidney and Liver Prevention,pending,,,Foundation,foundational
DIS-129,Diabetes and Kidney Protection,"Prevention, risk factors, screening, evidence, and practical actions related to diabetes and kidney protection.",Disease Prevention,Kidney and Liver Prevention,pending,,,Foundation,foundational
DIS-130,Preventing Kidney Stones,"Prevention, risk factors, screening, evidence, and practical actions related to preventing kidney stones.",Disease Prevention,Kidney and Liver Prevention,pending,,,Foundation,foundational
DIS-131,Hydration and Kidney Stones,"Prevention, risk factors, screening, evidence, and practical actions related to hydration and kidney stones.",Disease Prevention,Kidney and Liver Prevention,pending,,,Foundation,foundational
DIS-132,Sodium and Kidney Health,"Prevention, risk factors, screening, evidence, and practical actions related to sodium and kidney health.",Disease Prevention,Kidney and Liver Prevention,pending,,,Foundation,foundational
DIS-133,NSAIDs and Kidney Risk,"Prevention, risk factors, screening, evidence, and practical actions related to nsaids and kidney risk.",Disease Prevention,Kidney and Liver Prevention,pending,,,Foundation,foundational
DIS-134,Preventing Acute Kidney Injury,"Prevention, risk factors, screening, evidence, and practical actions related to preventing acute kidney injury.",Disease Prevention,Kidney and Liver Prevention,pending,,,Foundation,foundational
DIS-135,Kidney Screening,"Prevention, risk factors, screening, evidence, and practical actions related to kidney screening.",Disease Prevention,Kidney and Liver Prevention,pending,,,Foundation,foundational
DIS-136,Preventing Alcohol-Related Liver Disease,"Prevention, risk factors, screening, evidence, and practical actions related to preventing alcohol-related liver disease.",Disease Prevention,Kidney and Liver Prevention,pending,,,Foundation,foundational
DIS-137,Preventing Viral Hepatitis,"Prevention, risk factors, screening, evidence, and practical actions related to preventing viral hepatitis.",Disease Prevention,Kidney and Liver Prevention,pending,,,Foundation,foundational
DIS-138,Weight and Liver Health,"Prevention, risk factors, screening, evidence, and practical actions related to weight and liver health.",Disease Prevention,Kidney and Liver Prevention,pending,,,Foundation,foundational
DIS-139,Exercise and Liver Health,"Prevention, risk factors, screening, evidence, and practical actions related to exercise and liver health.",Disease Prevention,Kidney and Liver Prevention,pending,,,Foundation,foundational
DIS-140,Nutrition and Liver Health,"Prevention, risk factors, screening, evidence, and practical actions related to nutrition and liver health.",Disease Prevention,Kidney and Liver Prevention,pending,,,Foundation,foundational
DIS-141,Alcohol and Liver Risk,"Prevention, risk factors, screening, evidence, and practical actions related to alcohol and liver risk.",Disease Prevention,Kidney and Liver Prevention,pending,,,Foundation,foundational
DIS-142,Medication Safety and Liver Health,"Prevention, risk factors, screening, evidence, and practical actions related to medication safety and liver health.",Disease Prevention,Kidney and Liver Prevention,pending,,,Foundation,foundational
DIS-143,Liver Enzyme Screening,"Prevention, risk factors, screening, evidence, and practical actions related to liver enzyme screening.",Disease Prevention,Kidney and Liver Prevention,pending,,,Foundation,foundational
DIS-144,Metabolic Health and Liver Risk,"Prevention, risk factors, screening, evidence, and practical actions related to metabolic health and liver risk.",Disease Prevention,Kidney and Liver Prevention,pending,,,Foundation,foundational
DIS-145,Vaccination and Liver Protection,"Prevention, risk factors, screening, evidence, and practical actions related to vaccination and liver protection.",Disease Prevention,Kidney and Liver Prevention,pending,,,Foundation,foundational
DIS-146,Kidney Health With Aging,"Prevention, risk factors, screening, evidence, and practical actions related to kidney health with aging.",Disease Prevention,Kidney and Liver Prevention,pending,,,Foundation,foundational
DIS-147,Liver Health With Aging,"Prevention, risk factors, screening, evidence, and practical actions related to liver health with aging.",Disease Prevention,Kidney and Liver Prevention,pending,,,Foundation,foundational
DIS-148,Family History and Kidney Disease,"Prevention, risk factors, screening, evidence, and practical actions related to family history and kidney disease.",Disease Prevention,Kidney and Liver Prevention,pending,,,Foundation,foundational
DIS-149,Building a Kidney and Liver Prevention Plan,"Prevention, risk factors, screening, evidence, and practical actions related to building a kidney and liver prevention plan.",Disease Prevention,Kidney and Liver Prevention,pending,,,Foundation,foundational
DIS-150,Preventing Chronic Lung Disease,"Prevention, risk factors, screening, evidence, and practical actions related to preventing chronic lung disease.",Disease Prevention,Respiratory and Infectious Prevention,pending,,,Foundation,foundational
DIS-151,Smoking Cessation and Lung Health,"Prevention, risk factors, screening, evidence, and practical actions related to smoking cessation and lung health.",Disease Prevention,Respiratory and Infectious Prevention,pending,,,Foundation,foundational
DIS-152,Avoiding Secondhand Smoke,"Prevention, risk factors, screening, evidence, and practical actions related to avoiding secondhand smoke.",Disease Prevention,Respiratory and Infectious Prevention,pending,,,Foundation,foundational
DIS-153,Air Pollution and Lung Health,"Prevention, risk factors, screening, evidence, and practical actions related to air pollution and lung health.",Disease Prevention,Respiratory and Infectious Prevention,pending,,,Foundation,foundational
DIS-154,Wildfire Smoke Safety,"Prevention, risk factors, screening, evidence, and practical actions related to wildfire smoke safety.",Disease Prevention,Respiratory and Infectious Prevention,pending,,,Foundation,foundational
DIS-155,Preventing Respiratory Infections,"Prevention, risk factors, screening, evidence, and practical actions related to preventing respiratory infections.",Disease Prevention,Respiratory and Infectious Prevention,pending,,,Foundation,foundational
DIS-156,Hand Hygiene,"Prevention, risk factors, screening, evidence, and practical actions related to hand hygiene.",Disease Prevention,Respiratory and Infectious Prevention,pending,,,Foundation,foundational
DIS-157,Vaccination and Infection Prevention,"Prevention, risk factors, screening, evidence, and practical actions related to vaccination and infection prevention.",Disease Prevention,Respiratory and Infectious Prevention,pending,,,Foundation,foundational
DIS-158,Flu Prevention,"Prevention, risk factors, screening, evidence, and practical actions related to flu prevention.",Disease Prevention,Respiratory and Infectious Prevention,pending,,,Foundation,foundational
DIS-159,COVID-19 Risk Reduction,"Prevention, risk factors, screening, evidence, and practical actions related to covid-19 risk reduction.",Disease Prevention,Respiratory and Infectious Prevention,pending,,,Foundation,foundational
DIS-160,Pneumococcal Disease Prevention,"Prevention, risk factors, screening, evidence, and practical actions related to pneumococcal disease prevention.",Disease Prevention,Respiratory and Infectious Prevention,pending,,,Foundation,foundational
DIS-161,RSV Prevention,"Prevention, risk factors, screening, evidence, and practical actions related to rsv prevention.",Disease Prevention,Respiratory and Infectious Prevention,pending,,,Foundation,foundational
DIS-162,Tuberculosis Prevention,"Prevention, risk factors, screening, evidence, and practical actions related to tuberculosis prevention.",Disease Prevention,Respiratory and Infectious Prevention,pending,,,Foundation,foundational
DIS-163,Travel Infection Prevention,"Prevention, risk factors, screening, evidence, and practical actions related to travel infection prevention.",Disease Prevention,Respiratory and Infectious Prevention,pending,,,Foundation,foundational
DIS-164,Foodborne Infection Prevention,"Prevention, risk factors, screening, evidence, and practical actions related to foodborne infection prevention.",Disease Prevention,Respiratory and Infectious Prevention,pending,,,Foundation,foundational
DIS-165,Waterborne Infection Prevention,"Prevention, risk factors, screening, evidence, and practical actions related to waterborne infection prevention.",Disease Prevention,Respiratory and Infectious Prevention,pending,,,Foundation,foundational
DIS-166,Sexually Transmitted Infection Prevention,"Prevention, risk factors, screening, evidence, and practical actions related to sexually transmitted infection prevention.",Disease Prevention,Respiratory and Infectious Prevention,pending,,,Foundation,foundational
DIS-167,HPV Prevention,"Prevention, risk factors, screening, evidence, and practical actions related to hpv prevention.",Disease Prevention,Respiratory and Infectious Prevention,pending,,,Foundation,foundational
DIS-168,Hepatitis Prevention,"Prevention, risk factors, screening, evidence, and practical actions related to hepatitis prevention.",Disease Prevention,Respiratory and Infectious Prevention,pending,,,Foundation,foundational
DIS-169,Antibiotic Stewardship,"Prevention, risk factors, screening, evidence, and practical actions related to antibiotic stewardship.",Disease Prevention,Respiratory and Infectious Prevention,pending,,,Foundation,foundational
DIS-170,Indoor Air Quality,"Prevention, risk factors, screening, evidence, and practical actions related to indoor air quality.",Disease Prevention,Respiratory and Infectious Prevention,pending,,,Foundation,foundational
DIS-171,Ventilation and Infection Risk,"Prevention, risk factors, screening, evidence, and practical actions related to ventilation and infection risk.",Disease Prevention,Respiratory and Infectious Prevention,pending,,,Foundation,foundational
DIS-172,Masking in High-Risk Situations,"Prevention, risk factors, screening, evidence, and practical actions related to masking in high-risk situations.",Disease Prevention,Respiratory and Infectious Prevention,pending,,,Foundation,foundational
DIS-173,Immune Health Basics,"Prevention, risk factors, screening, evidence, and practical actions related to immune health basics.",Disease Prevention,Respiratory and Infectious Prevention,pending,,,Foundation,foundational
DIS-174,Building an Infection Prevention Plan,"Prevention, risk factors, screening, evidence, and practical actions related to building an infection prevention plan.",Disease Prevention,Respiratory and Infectious Prevention,pending,,,Foundation,foundational
DIS-175,Preventing Constipation,"Prevention, risk factors, screening, evidence, and practical actions related to preventing constipation.",Disease Prevention,Digestive and Gastrointestinal Prevention,pending,,,Foundation,foundational
DIS-176,Preventing Diverticular Disease Complications,"Prevention, risk factors, screening, evidence, and practical actions related to preventing diverticular disease complications.",Disease Prevention,Digestive and Gastrointestinal Prevention,pending,,,Foundation,foundational
DIS-177,Preventing GERD,"Prevention, risk factors, screening, evidence, and practical actions related to preventing gerd.",Disease Prevention,Digestive and Gastrointestinal Prevention,pending,,,Foundation,foundational
DIS-178,Preventing Gallstones,"Prevention, risk factors, screening, evidence, and practical actions related to preventing gallstones.",Disease Prevention,Digestive and Gastrointestinal Prevention,pending,,,Foundation,foundational
DIS-179,Preventing Peptic Ulcer Complications,"Prevention, risk factors, screening, evidence, and practical actions related to preventing peptic ulcer complications.",Disease Prevention,Digestive and Gastrointestinal Prevention,pending,,,Foundation,foundational
DIS-180,H. pylori Awareness,"Prevention, risk factors, screening, evidence, and practical actions related to h. pylori awareness.",Disease Prevention,Digestive and Gastrointestinal Prevention,pending,,,Foundation,foundational
DIS-181,Preventing Colorectal Polyps,"Prevention, risk factors, screening, evidence, and practical actions related to preventing colorectal polyps.",Disease Prevention,Digestive and Gastrointestinal Prevention,pending,,,Foundation,foundational
DIS-182,Colorectal Cancer Screening,"Prevention, risk factors, screening, evidence, and practical actions related to colorectal cancer screening.",Disease Prevention,Digestive and Gastrointestinal Prevention,pending,,,Foundation,foundational
DIS-183,Fiber and Digestive Health,"Prevention, risk factors, screening, evidence, and practical actions related to fiber and digestive health.",Disease Prevention,Digestive and Gastrointestinal Prevention,pending,,,Foundation,foundational
DIS-184,Hydration and Digestive Health,"Prevention, risk factors, screening, evidence, and practical actions related to hydration and digestive health.",Disease Prevention,Digestive and Gastrointestinal Prevention,pending,,,Foundation,foundational
DIS-185,Physical Activity and Gut Health,"Prevention, risk factors, screening, evidence, and practical actions related to physical activity and gut health.",Disease Prevention,Digestive and Gastrointestinal Prevention,pending,,,Foundation,foundational
DIS-186,Food Safety and GI Prevention,"Prevention, risk factors, screening, evidence, and practical actions related to food safety and gi prevention.",Disease Prevention,Digestive and Gastrointestinal Prevention,pending,,,Foundation,foundational
DIS-187,Alcohol and Digestive Health,"Prevention, risk factors, screening, evidence, and practical actions related to alcohol and digestive health.",Disease Prevention,Digestive and Gastrointestinal Prevention,pending,,,Foundation,foundational
DIS-188,NSAIDs and Stomach Risk,"Prevention, risk factors, screening, evidence, and practical actions related to nsaids and stomach risk.",Disease Prevention,Digestive and Gastrointestinal Prevention,pending,,,Foundation,foundational
DIS-189,Healthy Weight and GERD Risk,"Prevention, risk factors, screening, evidence, and practical actions related to healthy weight and gerd risk.",Disease Prevention,Digestive and Gastrointestinal Prevention,pending,,,Foundation,foundational
DIS-190,Preventing Hemorrhoids,"Prevention, risk factors, screening, evidence, and practical actions related to preventing hemorrhoids.",Disease Prevention,Digestive and Gastrointestinal Prevention,pending,,,Foundation,foundational
DIS-191,Preventing Dehydration From GI Illness,"Prevention, risk factors, screening, evidence, and practical actions related to preventing dehydration from gi illness.",Disease Prevention,Digestive and Gastrointestinal Prevention,pending,,,Foundation,foundational
DIS-192,Celiac Disease Awareness,"Prevention, risk factors, screening, evidence, and practical actions related to celiac disease awareness.",Disease Prevention,Digestive and Gastrointestinal Prevention,pending,,,Foundation,foundational
DIS-193,Food Allergy Prevention and Safety,"Prevention, risk factors, screening, evidence, and practical actions related to food allergy prevention and safety.",Disease Prevention,Digestive and Gastrointestinal Prevention,pending,,,Foundation,foundational
DIS-194,Lactose Intolerance Management,"Prevention, risk factors, screening, evidence, and practical actions related to lactose intolerance management.",Disease Prevention,Digestive and Gastrointestinal Prevention,pending,,,Foundation,foundational
DIS-195,Gut Microbiome and Prevention,"Prevention, risk factors, screening, evidence, and practical actions related to gut microbiome and prevention.",Disease Prevention,Digestive and Gastrointestinal Prevention,pending,,,Foundation,foundational
DIS-196,Stress and Gut Symptoms,"Prevention, risk factors, screening, evidence, and practical actions related to stress and gut symptoms.",Disease Prevention,Digestive and Gastrointestinal Prevention,pending,,,Foundation,foundational
DIS-197,Medication Effects on the Gut,"Prevention, risk factors, screening, evidence, and practical actions related to medication effects on the gut.",Disease Prevention,Digestive and Gastrointestinal Prevention,pending,,,Foundation,foundational
DIS-198,Healthy Bowel Habits,"Prevention, risk factors, screening, evidence, and practical actions related to healthy bowel habits.",Disease Prevention,Digestive and Gastrointestinal Prevention,pending,,,Foundation,foundational
DIS-199,Building a Digestive Prevention Plan,"Prevention, risk factors, screening, evidence, and practical actions related to building a digestive prevention plan.",Disease Prevention,Digestive and Gastrointestinal Prevention,pending,,,Foundation,foundational
DIS-200,Preventing Burnout,"Prevention, risk factors, screening, evidence, and practical actions related to preventing burnout.",Disease Prevention,Mental Health and Substance Prevention,pending,,,Foundation,foundational
DIS-201,Preventing Chronic Stress,"Prevention, risk factors, screening, evidence, and practical actions related to preventing chronic stress.",Disease Prevention,Mental Health and Substance Prevention,pending,,,Foundation,foundational
DIS-202,Preventing Social Isolation,"Prevention, risk factors, screening, evidence, and practical actions related to preventing social isolation.",Disease Prevention,Mental Health and Substance Prevention,pending,,,Foundation,foundational
DIS-203,Reducing Depression Risk,"Prevention, risk factors, screening, evidence, and practical actions related to reducing depression risk.",Disease Prevention,Mental Health and Substance Prevention,pending,,,Foundation,foundational
DIS-204,Reducing Anxiety Risk,"Prevention, risk factors, screening, evidence, and practical actions related to reducing anxiety risk.",Disease Prevention,Mental Health and Substance Prevention,pending,,,Foundation,foundational
DIS-205,Sleep and Mental Health Prevention,"Prevention, risk factors, screening, evidence, and practical actions related to sleep and mental health prevention.",Disease Prevention,Mental Health and Substance Prevention,pending,,,Foundation,foundational
DIS-206,Exercise and Mental Health Prevention,"Prevention, risk factors, screening, evidence, and practical actions related to exercise and mental health prevention.",Disease Prevention,Mental Health and Substance Prevention,pending,,,Foundation,foundational
DIS-207,Social Connection and Mental Health,"Prevention, risk factors, screening, evidence, and practical actions related to social connection and mental health.",Disease Prevention,Mental Health and Substance Prevention,pending,,,Foundation,foundational
DIS-208,Alcohol Misuse Prevention,"Prevention, risk factors, screening, evidence, and practical actions related to alcohol misuse prevention.",Disease Prevention,Mental Health and Substance Prevention,pending,,,Foundation,foundational
DIS-209,Smoking Prevention,"Prevention, risk factors, screening, evidence, and practical actions related to smoking prevention.",Disease Prevention,Mental Health and Substance Prevention,pending,,,Foundation,foundational
DIS-210,Vaping Prevention,"Prevention, risk factors, screening, evidence, and practical actions related to vaping prevention.",Disease Prevention,Mental Health and Substance Prevention,pending,,,Foundation,foundational
DIS-211,Opioid Misuse Prevention,"Prevention, risk factors, screening, evidence, and practical actions related to opioid misuse prevention.",Disease Prevention,Mental Health and Substance Prevention,pending,,,Foundation,foundational
DIS-212,Prescription Drug Misuse Prevention,"Prevention, risk factors, screening, evidence, and practical actions related to prescription drug misuse prevention.",Disease Prevention,Mental Health and Substance Prevention,pending,,,Foundation,foundational
DIS-213,Cannabis Risk Reduction,"Prevention, risk factors, screening, evidence, and practical actions related to cannabis risk reduction.",Disease Prevention,Mental Health and Substance Prevention,pending,,,Foundation,foundational
DIS-214,Gambling Harm Prevention,"Prevention, risk factors, screening, evidence, and practical actions related to gambling harm prevention.",Disease Prevention,Mental Health and Substance Prevention,pending,,,Foundation,foundational
DIS-215,Digital Well-Being and Mental Health,"Prevention, risk factors, screening, evidence, and practical actions related to digital well-being and mental health.",Disease Prevention,Mental Health and Substance Prevention,pending,,,Foundation,foundational
DIS-216,Workplace Mental Health Prevention,"Prevention, risk factors, screening, evidence, and practical actions related to workplace mental health prevention.",Disease Prevention,Mental Health and Substance Prevention,pending,,,Foundation,foundational
DIS-217,Caregiver Burnout Prevention,"Prevention, risk factors, screening, evidence, and practical actions related to caregiver burnout prevention.",Disease Prevention,Mental Health and Substance Prevention,pending,,,Foundation,foundational
DIS-218,Suicide Risk Awareness,"Prevention, risk factors, screening, evidence, and practical actions related to suicide risk awareness.",Disease Prevention,Mental Health and Substance Prevention,pending,,,Foundation,foundational
DIS-219,Early Mental Health Support,"Prevention, risk factors, screening, evidence, and practical actions related to early mental health support.",Disease Prevention,Mental Health and Substance Prevention,pending,,,Foundation,foundational
DIS-220,Resilience Building,"Prevention, risk factors, screening, evidence, and practical actions related to resilience building.",Disease Prevention,Mental Health and Substance Prevention,pending,,,Foundation,foundational
DIS-221,Healthy Coping Skills,"Prevention, risk factors, screening, evidence, and practical actions related to healthy coping skills.",Disease Prevention,Mental Health and Substance Prevention,pending,,,Foundation,foundational
DIS-222,Stress Management Planning,"Prevention, risk factors, screening, evidence, and practical actions related to stress management planning.",Disease Prevention,Mental Health and Substance Prevention,pending,,,Foundation,foundational
DIS-223,When to Seek Mental Health Care,"Prevention, risk factors, screening, evidence, and practical actions related to when to seek mental health care.",Disease Prevention,Mental Health and Substance Prevention,pending,,,Foundation,foundational
DIS-224,Building a Mental Well-Being Prevention Plan,"Prevention, risk factors, screening, evidence, and practical actions related to building a mental well-being prevention plan.",Disease Prevention,Mental Health and Substance Prevention,pending,,,Foundation,foundational
DIS-225,Preventive Health Checkups,"Prevention, risk factors, screening, evidence, and practical actions related to preventive health checkups.",Disease Prevention,Preventive Care and Screening,pending,,,Foundation,foundational
DIS-226,Shared Decision Making in Screening,"Prevention, risk factors, screening, evidence, and practical actions related to shared decision making in screening.",Disease Prevention,Preventive Care and Screening,pending,,,Foundation,foundational
DIS-227,Understanding Screening Tests,"Prevention, risk factors, screening, evidence, and practical actions related to understanding screening tests.",Disease Prevention,Preventive Care and Screening,pending,,,Foundation,foundational
DIS-228,Screening Benefits and Harms,"Prevention, risk factors, screening, evidence, and practical actions related to screening benefits and harms.",Disease Prevention,Preventive Care and Screening,pending,,,Foundation,foundational
DIS-229,Overdiagnosis,"Prevention, risk factors, screening, evidence, and practical actions related to overdiagnosis.",Disease Prevention,Preventive Care and Screening,pending,,,Foundation,foundational
DIS-230,False Positive Screening Results,"Prevention, risk factors, screening, evidence, and practical actions related to false positive screening results.",Disease Prevention,Preventive Care and Screening,pending,,,Foundation,foundational
DIS-231,Diabetes Screening,"Prevention, risk factors, screening, evidence, and practical actions related to diabetes screening.",Disease Prevention,Preventive Care and Screening,pending,,,Foundation,foundational
DIS-232,Breast Cancer Screening,"Prevention, risk factors, screening, evidence, and practical actions related to breast cancer screening.",Disease Prevention,Preventive Care and Screening,pending,,,Foundation,foundational
DIS-233,Cervical Cancer Screening,"Prevention, risk factors, screening, evidence, and practical actions related to cervical cancer screening.",Disease Prevention,Preventive Care and Screening,pending,,,Foundation,foundational
DIS-234,Lung Cancer Screening,"Prevention, risk factors, screening, evidence, and practical actions related to lung cancer screening.",Disease Prevention,Preventive Care and Screening,pending,,,Foundation,foundational
DIS-235,Prostate Cancer Screening,"Prevention, risk factors, screening, evidence, and practical actions related to prostate cancer screening.",Disease Prevention,Preventive Care and Screening,pending,,,Foundation,foundational
DIS-236,Osteoporosis Screening,"Prevention, risk factors, screening, evidence, and practical actions related to osteoporosis screening.",Disease Prevention,Preventive Care and Screening,pending,,,Foundation,foundational
DIS-237,Vision Screening,"Prevention, risk factors, screening, evidence, and practical actions related to vision screening.",Disease Prevention,Preventive Care and Screening,pending,,,Foundation,foundational
DIS-238,Hearing Screening,"Prevention, risk factors, screening, evidence, and practical actions related to hearing screening.",Disease Prevention,Preventive Care and Screening,pending,,,Foundation,foundational
DIS-239,Dental Prevention,"Prevention, risk factors, screening, evidence, and practical actions related to dental prevention.",Disease Prevention,Preventive Care and Screening,pending,,,Foundation,foundational
DIS-240,Skin Cancer Checks,"Prevention, risk factors, screening, evidence, and practical actions related to skin cancer checks.",Disease Prevention,Preventive Care and Screening,pending,,,Foundation,foundational
DIS-241,Vaccination Schedules for Adults,"Prevention, risk factors, screening, evidence, and practical actions related to vaccination schedules for adults.",Disease Prevention,Preventive Care and Screening,pending,,,Foundation,foundational
DIS-242,Family Health History,"Prevention, risk factors, screening, evidence, and practical actions related to family health history.",Disease Prevention,Preventive Care and Screening,pending,,,Foundation,foundational
DIS-243,Genetic Risk Assessment,"Prevention, risk factors, screening, evidence, and practical actions related to genetic risk assessment.",Disease Prevention,Preventive Care and Screening,pending,,,Foundation,foundational
DIS-244,Medication Review,"Prevention, risk factors, screening, evidence, and practical actions related to medication review.",Disease Prevention,Preventive Care and Screening,pending,,,Foundation,foundational
DIS-245,Preparing for Preventive Care Visits,"Prevention, risk factors, screening, evidence, and practical actions related to preparing for preventive care visits.",Disease Prevention,Preventive Care and Screening,pending,,,Foundation,foundational
DIS-246,Building a Personal Prevention Schedule,"Prevention, risk factors, screening, evidence, and practical actions related to building a personal prevention schedule.",Disease Prevention,Preventive Care and Screening,pending,,,Foundation,foundational
DIS-247,Integrating Disease Prevention: Practical Synthesis 1,"An integrated evidence-based synthesis of disease prevention concepts, priorities, practical application, and safety.",Disease Prevention,Integrated Practice,pending,,,Foundation,foundational
DIS-248,Integrating Disease Prevention: Practical Synthesis 2,"An integrated evidence-based synthesis of disease prevention concepts, priorities, practical application, and safety.",Disease Prevention,Integrated Practice,pending,,,Foundation,foundational
DIS-249,Integrating Disease Prevention: Practical Synthesis 3,"An integrated evidence-based synthesis of disease prevention concepts, priorities, practical application, and safety.",Disease Prevention,Integrated Practice,pending,,,Foundation,foundational
DIS-250,Integrating Disease Prevention: Practical Synthesis 4,"An integrated evidence-based synthesis of disease prevention concepts, priorities, practical application, and safety.",Disease Prevention,Integrated Practice,pending,,,Foundation,foundational
WOM-001,Women's Health Across Adulthood,"Evidence, physiology, prevention, and practical implications of women's health across adulthood.",Women's Health,Women's Health Foundations,pending,,,Foundation,foundational
WOM-002,Female Reproductive Anatomy,"Evidence, physiology, prevention, and practical implications of female reproductive anatomy.",Women's Health,Women's Health Foundations,pending,,,Foundation,foundational
WOM-003,Female Reproductive Hormones,"Evidence, physiology, prevention, and practical implications of female reproductive hormones.",Women's Health,Women's Health Foundations,pending,,,Foundation,foundational
WOM-004,Menstrual Cycle,"Evidence, physiology, prevention, and practical implications of menstrual cycle.",Women's Health,Women's Health Foundations,pending,,,Foundation,foundational
WOM-005,Tracking the Menstrual Cycle,"Evidence, physiology, prevention, and practical implications of tracking the menstrual cycle.",Women's Health,Women's Health Foundations,pending,,,Foundation,foundational
WOM-006,Normal Menstrual Variation,"Evidence, physiology, prevention, and practical implications of normal menstrual variation.",Women's Health,Women's Health Foundations,pending,,,Foundation,foundational
WOM-007,Women's Preventive Care,"Evidence, physiology, prevention, and practical implications of women's preventive care.",Women's Health,Women's Health Foundations,pending,,,Foundation,foundational
WOM-008,Women's Health Screening,"Evidence, physiology, prevention, and practical implications of women's health screening.",Women's Health,Women's Health Foundations,pending,,,Foundation,foundational
WOM-009,Nutrition for Women,"Evidence, physiology, prevention, and practical implications of nutrition for women.",Women's Health,Women's Health Foundations,pending,,,Foundation,foundational
WOM-010,Exercise for Women,"Evidence, physiology, prevention, and practical implications of exercise for women.",Women's Health,Women's Health Foundations,pending,,,Foundation,foundational
WOM-011,Sleep in Women,"Evidence, physiology, prevention, and practical implications of sleep in women.",Women's Health,Women's Health Foundations,pending,,,Foundation,foundational
WOM-012,Stress in Women,"Evidence, physiology, prevention, and practical implications of stress in women.",Women's Health,Women's Health Foundations,pending,,,Foundation,foundational
WOM-013,Body Composition in Women,"Evidence, physiology, prevention, and practical implications of body composition in women.",Women's Health,Women's Health Foundations,pending,,,Foundation,foundational
WOM-014,Bone Health in Women,"Evidence, physiology, prevention, and practical implications of bone health in women.",Women's Health,Women's Health Foundations,pending,,,Foundation,foundational
WOM-015,Cardiovascular Health in Women,"Evidence, physiology, prevention, and practical implications of cardiovascular health in women.",Women's Health,Women's Health Foundations,pending,,,Foundation,foundational
WOM-016,Menstrual Cramps,"Definitions, common causes, evidence-based management, and safety related to menstrual cramps.",Women's Health,Menstrual Health,pending,,,Foundation,foundational
WOM-017,Heavy Menstrual Bleeding,"Definitions, common causes, evidence-based management, and safety related to heavy menstrual bleeding.",Women's Health,Menstrual Health,pending,,,Foundation,foundational
WOM-018,Irregular Periods,"Definitions, common causes, evidence-based management, and safety related to irregular periods.",Women's Health,Menstrual Health,pending,,,Foundation,foundational
WOM-019,Missed Periods,"Definitions, common causes, evidence-based management, and safety related to missed periods.",Women's Health,Menstrual Health,pending,,,Foundation,foundational
WOM-020,Premenstrual Syndrome,"Definitions, common causes, evidence-based management, and safety related to premenstrual syndrome.",Women's Health,Menstrual Health,pending,,,Foundation,foundational
WOM-021,Premenstrual Dysphoric Disorder,"Definitions, common causes, evidence-based management, and safety related to premenstrual dysphoric disorder.",Women's Health,Menstrual Health,pending,,,Foundation,foundational
WOM-022,Menstrual Migraines,"Definitions, common causes, evidence-based management, and safety related to menstrual migraines.",Women's Health,Menstrual Health,pending,,,Foundation,foundational
WOM-023,Iron Deficiency and Menstruation,"Definitions, common causes, evidence-based management, and safety related to iron deficiency and menstruation.",Women's Health,Menstrual Health,pending,,,Foundation,foundational
WOM-024,Exercise During the Menstrual Cycle,"Definitions, common causes, evidence-based management, and safety related to exercise during the menstrual cycle.",Women's Health,Menstrual Health,pending,,,Foundation,foundational
WOM-025,Nutrition During the Menstrual Cycle,"Definitions, common causes, evidence-based management, and safety related to nutrition during the menstrual cycle.",Women's Health,Menstrual Health,pending,,,Foundation,foundational
WOM-026,Sleep and the Menstrual Cycle,"Definitions, common causes, evidence-based management, and safety related to sleep and the menstrual cycle.",Women's Health,Menstrual Health,pending,,,Foundation,foundational
WOM-027,Stress and the Menstrual Cycle,"Definitions, common causes, evidence-based management, and safety related to stress and the menstrual cycle.",Women's Health,Menstrual Health,pending,,,Foundation,foundational
WOM-028,Period Products,"Definitions, common causes, evidence-based management, and safety related to period products.",Women's Health,Menstrual Health,pending,,,Foundation,foundational
WOM-029,Menstrual Health Myths,"Definitions, common causes, evidence-based management, and safety related to menstrual health myths.",Women's Health,Menstrual Health,pending,,,Foundation,foundational
WOM-030,When Menstrual Symptoms Need Evaluation,"Definitions, common causes, evidence-based management, and safety related to when menstrual symptoms need evaluation.",Women's Health,Menstrual Health,pending,,,Foundation,foundational
WOM-031,Female Fertility,"Evidence, practical guidance, and safety considerations for female fertility.",Women's Health,Fertility and Pregnancy,pending,,,Foundation,foundational
WOM-032,Age and Fertility,"Evidence, practical guidance, and safety considerations for age and fertility.",Women's Health,Fertility and Pregnancy,pending,,,Foundation,foundational
WOM-033,Ovulation,"Evidence, practical guidance, and safety considerations for ovulation.",Women's Health,Fertility and Pregnancy,pending,,,Foundation,foundational
WOM-034,Preconception Health,"Evidence, practical guidance, and safety considerations for preconception health.",Women's Health,Fertility and Pregnancy,pending,,,Foundation,foundational
WOM-035,Nutrition Before Pregnancy,"Evidence, practical guidance, and safety considerations for nutrition before pregnancy.",Women's Health,Fertility and Pregnancy,pending,,,Foundation,foundational
WOM-036,Exercise Before Pregnancy,"Evidence, practical guidance, and safety considerations for exercise before pregnancy.",Women's Health,Fertility and Pregnancy,pending,,,Foundation,foundational
WOM-037,Folic Acid and Pregnancy,"Evidence, practical guidance, and safety considerations for folic acid and pregnancy.",Women's Health,Fertility and Pregnancy,pending,,,Foundation,foundational
WOM-038,Healthy Weight Before Pregnancy,"Evidence, practical guidance, and safety considerations for healthy weight before pregnancy.",Women's Health,Fertility and Pregnancy,pending,,,Foundation,foundational
WOM-039,Pregnancy Nutrition,"Evidence, practical guidance, and safety considerations for pregnancy nutrition.",Women's Health,Fertility and Pregnancy,pending,,,Foundation,foundational
WOM-040,Exercise During Pregnancy,"Evidence, practical guidance, and safety considerations for exercise during pregnancy.",Women's Health,Fertility and Pregnancy,pending,,,Foundation,foundational
WOM-041,Sleep During Pregnancy,"Evidence, practical guidance, and safety considerations for sleep during pregnancy.",Women's Health,Fertility and Pregnancy,pending,,,Foundation,foundational
WOM-042,Pregnancy Weight Gain,"Evidence, practical guidance, and safety considerations for pregnancy weight gain.",Women's Health,Fertility and Pregnancy,pending,,,Foundation,foundational
WOM-043,Gestational Diabetes Prevention,"Evidence, practical guidance, and safety considerations for gestational diabetes prevention.",Women's Health,Fertility and Pregnancy,pending,,,Foundation,foundational
WOM-044,High Blood Pressure in Pregnancy,"Evidence, practical guidance, and safety considerations for high blood pressure in pregnancy.",Women's Health,Fertility and Pregnancy,pending,,,Foundation,foundational
WOM-045,Postpartum Recovery,"Evidence, practical guidance, and safety considerations for postpartum recovery.",Women's Health,Fertility and Pregnancy,pending,,,Foundation,foundational
WOM-046,Postpartum Nutrition,"Evidence-based information, recovery, and safety related to postpartum nutrition.",Women's Health,Postpartum and Parenting,pending,,,Foundation,foundational
WOM-047,Postpartum Exercise,"Evidence-based information, recovery, and safety related to postpartum exercise.",Women's Health,Postpartum and Parenting,pending,,,Foundation,foundational
WOM-048,Postpartum Sleep,"Evidence-based information, recovery, and safety related to postpartum sleep.",Women's Health,Postpartum and Parenting,pending,,,Foundation,foundational
WOM-049,Breastfeeding Nutrition,"Evidence-based information, recovery, and safety related to breastfeeding nutrition.",Women's Health,Postpartum and Parenting,pending,,,Foundation,foundational
WOM-050,Breastfeeding and Hydration,"Evidence-based information, recovery, and safety related to breastfeeding and hydration.",Women's Health,Postpartum and Parenting,pending,,,Foundation,foundational
WOM-051,Returning to Exercise After Birth,"Evidence-based information, recovery, and safety related to returning to exercise after birth.",Women's Health,Postpartum and Parenting,pending,,,Foundation,foundational
WOM-052,Pelvic Floor Recovery,"Evidence-based information, recovery, and safety related to pelvic floor recovery.",Women's Health,Postpartum and Parenting,pending,,,Foundation,foundational
WOM-053,Diastasis Recti,"Evidence-based information, recovery, and safety related to diastasis recti.",Women's Health,Postpartum and Parenting,pending,,,Foundation,foundational
WOM-054,Postpartum Mood Changes,"Evidence-based information, recovery, and safety related to postpartum mood changes.",Women's Health,Postpartum and Parenting,pending,,,Foundation,foundational
WOM-055,Postpartum Depression,"Evidence-based information, recovery, and safety related to postpartum depression.",Women's Health,Postpartum and Parenting,pending,,,Foundation,foundational
WOM-056,Postpartum Anxiety,"Evidence-based information, recovery, and safety related to postpartum anxiety.",Women's Health,Postpartum and Parenting,pending,,,Foundation,foundational
WOM-057,Body Image After Pregnancy,"Evidence-based information, recovery, and safety related to body image after pregnancy.",Women's Health,Postpartum and Parenting,pending,,,Foundation,foundational
WOM-058,Weight Change After Pregnancy,"Evidence-based information, recovery, and safety related to weight change after pregnancy.",Women's Health,Postpartum and Parenting,pending,,,Foundation,foundational
WOM-059,Balancing Health and Parenting,"Evidence-based information, recovery, and safety related to balancing health and parenting.",Women's Health,Postpartum and Parenting,pending,,,Foundation,foundational
WOM-060,When Postpartum Symptoms Need Care,"Evidence-based information, recovery, and safety related to when postpartum symptoms need care.",Women's Health,Postpartum and Parenting,pending,,,Foundation,foundational
WOM-061,Perimenopause,"Physiology, evidence, management options, and practical implications of perimenopause.",Women's Health,Perimenopause and Menopause,pending,,,Foundation,foundational
WOM-062,Menopause,"Physiology, evidence, management options, and practical implications of menopause.",Women's Health,Perimenopause and Menopause,pending,,,Foundation,foundational
WOM-063,Menopause Symptoms,"Physiology, evidence, management options, and practical implications of menopause symptoms.",Women's Health,Perimenopause and Menopause,pending,,,Foundation,foundational
WOM-064,Hot Flashes,"Physiology, evidence, management options, and practical implications of hot flashes.",Women's Health,Perimenopause and Menopause,pending,,,Foundation,foundational
WOM-065,Night Sweats,"Physiology, evidence, management options, and practical implications of night sweats.",Women's Health,Perimenopause and Menopause,pending,,,Foundation,foundational
WOM-066,Sleep During Menopause,"Physiology, evidence, management options, and practical implications of sleep during menopause.",Women's Health,Perimenopause and Menopause,pending,,,Foundation,foundational
WOM-067,Weight Change During Menopause,"Physiology, evidence, management options, and practical implications of weight change during menopause.",Women's Health,Perimenopause and Menopause,pending,,,Foundation,foundational
WOM-068,Body Composition During Menopause,"Physiology, evidence, management options, and practical implications of body composition during menopause.",Women's Health,Perimenopause and Menopause,pending,,,Foundation,foundational
WOM-069,Bone Loss During Menopause,"Physiology, evidence, management options, and practical implications of bone loss during menopause.",Women's Health,Perimenopause and Menopause,pending,,,Foundation,foundational
WOM-070,Cardiovascular Risk After Menopause,"Physiology, evidence, management options, and practical implications of cardiovascular risk after menopause.",Women's Health,Perimenopause and Menopause,pending,,,Foundation,foundational
WOM-071,Exercise During Menopause,"Physiology, evidence, management options, and practical implications of exercise during menopause.",Women's Health,Perimenopause and Menopause,pending,,,Foundation,foundational
WOM-072,Nutrition During Menopause,"Physiology, evidence, management options, and practical implications of nutrition during menopause.",Women's Health,Perimenopause and Menopause,pending,,,Foundation,foundational
WOM-073,Protein During Menopause,"Physiology, evidence, management options, and practical implications of protein during menopause.",Women's Health,Perimenopause and Menopause,pending,,,Foundation,foundational
WOM-074,Menopause Hormone Therapy,"Physiology, evidence, management options, and practical implications of menopause hormone therapy.",Women's Health,Perimenopause and Menopause,pending,,,Foundation,foundational
WOM-075,Nonhormonal Menopause Treatments,"Physiology, evidence, management options, and practical implications of nonhormonal menopause treatments.",Women's Health,Perimenopause and Menopause,pending,,,Foundation,foundational
WOM-076,Polycystic Ovary Syndrome,"Definitions, risk factors, symptoms, management, and safety considerations for polycystic ovary syndrome.",Women's Health,Common Women's Conditions,pending,,,Foundation,foundational
WOM-077,Endometriosis,"Definitions, risk factors, symptoms, management, and safety considerations for endometriosis.",Women's Health,Common Women's Conditions,pending,,,Foundation,foundational
WOM-078,Uterine Fibroids,"Definitions, risk factors, symptoms, management, and safety considerations for uterine fibroids.",Women's Health,Common Women's Conditions,pending,,,Foundation,foundational
WOM-079,Ovarian Cysts,"Definitions, risk factors, symptoms, management, and safety considerations for ovarian cysts.",Women's Health,Common Women's Conditions,pending,,,Foundation,foundational
WOM-080,Pelvic Pain,"Definitions, risk factors, symptoms, management, and safety considerations for pelvic pain.",Women's Health,Common Women's Conditions,pending,,,Foundation,foundational
WOM-081,Vaginal Dryness,"Definitions, risk factors, symptoms, management, and safety considerations for vaginal dryness.",Women's Health,Common Women's Conditions,pending,,,Foundation,foundational
WOM-082,Urinary Tract Infections,"Definitions, risk factors, symptoms, management, and safety considerations for urinary tract infections.",Women's Health,Common Women's Conditions,pending,,,Foundation,foundational
WOM-083,Recurrent Urinary Tract Infections,"Definitions, risk factors, symptoms, management, and safety considerations for recurrent urinary tract infections.",Women's Health,Common Women's Conditions,pending,,,Foundation,foundational
WOM-084,Urinary Incontinence,"Definitions, risk factors, symptoms, management, and safety considerations for urinary incontinence.",Women's Health,Common Women's Conditions,pending,,,Foundation,foundational
WOM-085,Pelvic Organ Prolapse,"Definitions, risk factors, symptoms, management, and safety considerations for pelvic organ prolapse.",Women's Health,Common Women's Conditions,pending,,,Foundation,foundational
WOM-086,Thyroid Disease in Women,"Definitions, risk factors, symptoms, management, and safety considerations for thyroid disease in women.",Women's Health,Common Women's Conditions,pending,,,Foundation,foundational
WOM-087,Iron Deficiency in Women,"Definitions, risk factors, symptoms, management, and safety considerations for iron deficiency in women.",Women's Health,Common Women's Conditions,pending,,,Foundation,foundational
WOM-088,Migraine in Women,"Definitions, risk factors, symptoms, management, and safety considerations for migraine in women.",Women's Health,Common Women's Conditions,pending,,,Foundation,foundational
WOM-089,Autoimmune Disease in Women,"Definitions, risk factors, symptoms, management, and safety considerations for autoimmune disease in women.",Women's Health,Common Women's Conditions,pending,,,Foundation,foundational
WOM-090,Depression and Anxiety in Women,"Definitions, risk factors, symptoms, management, and safety considerations for depression and anxiety in women.",Women's Health,Common Women's Conditions,pending,,,Foundation,foundational
WOM-091,Breast Cancer Risk,"Risk reduction, screening, evidence, and practical considerations for breast cancer risk.",Women's Health,Cancer and Screening,pending,,,Foundation,foundational
WOM-092,Breast Cancer Screening,"Risk reduction, screening, evidence, and practical considerations for breast cancer screening.",Women's Health,Cancer and Screening,pending,,,Foundation,foundational
WOM-093,Breast Self-Awareness,"Risk reduction, screening, evidence, and practical considerations for breast self-awareness.",Women's Health,Cancer and Screening,pending,,,Foundation,foundational
WOM-094,Dense Breasts,"Risk reduction, screening, evidence, and practical considerations for dense breasts.",Women's Health,Cancer and Screening,pending,,,Foundation,foundational
WOM-095,Cervical Cancer Prevention,"Risk reduction, screening, evidence, and practical considerations for cervical cancer prevention.",Women's Health,Cancer and Screening,pending,,,Foundation,foundational
WOM-096,Cervical Cancer Screening,"Risk reduction, screening, evidence, and practical considerations for cervical cancer screening.",Women's Health,Cancer and Screening,pending,,,Foundation,foundational
WOM-097,HPV and Women's Health,"Risk reduction, screening, evidence, and practical considerations for hpv and women's health.",Women's Health,Cancer and Screening,pending,,,Foundation,foundational
WOM-098,Ovarian Cancer Awareness,"Risk reduction, screening, evidence, and practical considerations for ovarian cancer awareness.",Women's Health,Cancer and Screening,pending,,,Foundation,foundational
WOM-099,Endometrial Cancer Awareness,"Risk reduction, screening, evidence, and practical considerations for endometrial cancer awareness.",Women's Health,Cancer and Screening,pending,,,Foundation,foundational
WOM-100,Genetic Cancer Risk in Women,"Risk reduction, screening, evidence, and practical considerations for genetic cancer risk in women.",Women's Health,Cancer and Screening,pending,,,Foundation,foundational
WOM-101,BRCA Genes,"Risk reduction, screening, evidence, and practical considerations for brca genes.",Women's Health,Cancer and Screening,pending,,,Foundation,foundational
WOM-102,Lifestyle and Breast Cancer Risk,"Risk reduction, screening, evidence, and practical considerations for lifestyle and breast cancer risk.",Women's Health,Cancer and Screening,pending,,,Foundation,foundational
WOM-103,Alcohol and Breast Cancer Risk,"Risk reduction, screening, evidence, and practical considerations for alcohol and breast cancer risk.",Women's Health,Cancer and Screening,pending,,,Foundation,foundational
WOM-104,Weight and Cancer Risk in Women,"Risk reduction, screening, evidence, and practical considerations for weight and cancer risk in women.",Women's Health,Cancer and Screening,pending,,,Foundation,foundational
WOM-105,Cancer Prevention for Women,"Risk reduction, screening, evidence, and practical considerations for cancer prevention for women.",Women's Health,Cancer and Screening,pending,,,Foundation,foundational
WOM-106,Healthy Aging for Women,"How healthy aging for women affects long-term health, function, and prevention.",Women's Health,Healthy Aging for Women,pending,,,Foundation,foundational
WOM-107,Sarcopenia in Women,"How sarcopenia in women affects long-term health, function, and prevention.",Women's Health,Healthy Aging for Women,pending,,,Foundation,foundational
WOM-108,Strength Training for Women Over 50,"How strength training for women over 50 affects long-term health, function, and prevention.",Women's Health,Healthy Aging for Women,pending,,,Foundation,foundational
WOM-109,Osteoporosis Prevention in Women,"How osteoporosis prevention in women affects long-term health, function, and prevention.",Women's Health,Healthy Aging for Women,pending,,,Foundation,foundational
WOM-110,Falls and Women,"How falls and women affects long-term health, function, and prevention.",Women's Health,Healthy Aging for Women,pending,,,Foundation,foundational
WOM-111,Heart Health After 50,"How heart health after 50 affects long-term health, function, and prevention.",Women's Health,Healthy Aging for Women,pending,,,Foundation,foundational
WOM-112,Metabolic Health After 50,"How metabolic health after 50 affects long-term health, function, and prevention.",Women's Health,Healthy Aging for Women,pending,,,Foundation,foundational
WOM-113,Brain Health in Women,"How brain health in women affects long-term health, function, and prevention.",Women's Health,Healthy Aging for Women,pending,,,Foundation,foundational
WOM-114,Sleep After 60,"How sleep after 60 affects long-term health, function, and prevention.",Women's Health,Healthy Aging for Women,pending,,,Foundation,foundational
WOM-115,Sexual Health With Aging,"How sexual health with aging affects long-term health, function, and prevention.",Women's Health,Healthy Aging for Women,pending,,,Foundation,foundational
WOM-116,Healthy Weight After Menopause,"How healthy weight after menopause affects long-term health, function, and prevention.",Women's Health,Healthy Aging for Women,pending,,,Foundation,foundational
WOM-117,Protein Needs in Older Women,"How protein needs in older women affects long-term health, function, and prevention.",Women's Health,Healthy Aging for Women,pending,,,Foundation,foundational
WOM-118,Vitamin D in Older Women,"How vitamin d in older women affects long-term health, function, and prevention.",Women's Health,Healthy Aging for Women,pending,,,Foundation,foundational
WOM-119,Calcium in Older Women,"How calcium in older women affects long-term health, function, and prevention.",Women's Health,Healthy Aging for Women,pending,,,Foundation,foundational
WOM-120,Building a Women's Healthy Aging Plan,"How building a women's healthy aging plan affects long-term health, function, and prevention.",Women's Health,Healthy Aging for Women,pending,,,Foundation,foundational
WOM-121,Women and Alcohol,"Evidence, prevention, safety, and practical strategies related to women and alcohol.",Women's Health,Lifestyle and Safety,pending,,,Foundation,foundational
WOM-122,Women and Smoking,"Evidence, prevention, safety, and practical strategies related to women and smoking.",Women's Health,Lifestyle and Safety,pending,,,Foundation,foundational
WOM-123,Women and Sleep Deprivation,"Evidence, prevention, safety, and practical strategies related to women and sleep deprivation.",Women's Health,Lifestyle and Safety,pending,,,Foundation,foundational
WOM-124,Caregiver Stress in Women,"Evidence, prevention, safety, and practical strategies related to caregiver stress in women.",Women's Health,Lifestyle and Safety,pending,,,Foundation,foundational
WOM-125,Workplace Stress in Women,"Evidence, prevention, safety, and practical strategies related to workplace stress in women.",Women's Health,Lifestyle and Safety,pending,,,Foundation,foundational
MEN-001,Men's Health Across Adulthood,"Evidence, physiology, prevention, and practical implications of men's health across adulthood.",Men's Health,Men's Health Foundations,pending,,,Foundation,foundational
MEN-002,Male Reproductive Anatomy,"Evidence, physiology, prevention, and practical implications of male reproductive anatomy.",Men's Health,Men's Health Foundations,pending,,,Foundation,foundational
MEN-003,Male Reproductive Hormones,"Evidence, physiology, prevention, and practical implications of male reproductive hormones.",Men's Health,Men's Health Foundations,pending,,,Foundation,foundational
MEN-004,Testosterone,"Evidence, physiology, prevention, and practical implications of testosterone.",Men's Health,Men's Health Foundations,pending,,,Foundation,foundational
MEN-005,Men's Preventive Care,"Evidence, physiology, prevention, and practical implications of men's preventive care.",Men's Health,Men's Health Foundations,pending,,,Foundation,foundational
MEN-006,Men's Health Screening,"Evidence, physiology, prevention, and practical implications of men's health screening.",Men's Health,Men's Health Foundations,pending,,,Foundation,foundational
MEN-007,Nutrition for Men,"Evidence, physiology, prevention, and practical implications of nutrition for men.",Men's Health,Men's Health Foundations,pending,,,Foundation,foundational
MEN-008,Exercise for Men,"Evidence, physiology, prevention, and practical implications of exercise for men.",Men's Health,Men's Health Foundations,pending,,,Foundation,foundational
MEN-009,Sleep in Men,"Evidence, physiology, prevention, and practical implications of sleep in men.",Men's Health,Men's Health Foundations,pending,,,Foundation,foundational
MEN-010,Stress in Men,"Evidence, physiology, prevention, and practical implications of stress in men.",Men's Health,Men's Health Foundations,pending,,,Foundation,foundational
MEN-011,Heart Disease Risk in Men,"Risk factors, prevention, evidence, and practical actions related to heart disease risk in men.",Men's Health,Cardiometabolic Health,pending,,,Foundation,foundational
MEN-012,High Blood Pressure in Men,"Risk factors, prevention, evidence, and practical actions related to high blood pressure in men.",Men's Health,Cardiometabolic Health,pending,,,Foundation,foundational
MEN-013,High Cholesterol in Men,"Risk factors, prevention, evidence, and practical actions related to high cholesterol in men.",Men's Health,Cardiometabolic Health,pending,,,Foundation,foundational
MEN-014,Diabetes Risk in Men,"Risk factors, prevention, evidence, and practical actions related to diabetes risk in men.",Men's Health,Cardiometabolic Health,pending,,,Foundation,foundational
MEN-015,Metabolic Syndrome in Men,"Risk factors, prevention, evidence, and practical actions related to metabolic syndrome in men.",Men's Health,Cardiometabolic Health,pending,,,Foundation,foundational
MEN-016,Abdominal Fat in Men,"Risk factors, prevention, evidence, and practical actions related to abdominal fat in men.",Men's Health,Cardiometabolic Health,pending,,,Foundation,foundational
MEN-017,Fatty Liver Disease in Men,"Risk factors, prevention, evidence, and practical actions related to fatty liver disease in men.",Men's Health,Cardiometabolic Health,pending,,,Foundation,foundational
MEN-018,Weight Management for Men,"Risk factors, prevention, evidence, and practical actions related to weight management for men.",Men's Health,Cardiometabolic Health,pending,,,Foundation,foundational
MEN-019,Exercise for Cardiovascular Health in Men,"Risk factors, prevention, evidence, and practical actions related to exercise for cardiovascular health in men.",Men's Health,Cardiometabolic Health,pending,,,Foundation,foundational
MEN-020,Building Metabolic Health After 40,"Risk factors, prevention, evidence, and practical actions related to building metabolic health after 40.",Men's Health,Cardiometabolic Health,pending,,,Foundation,foundational
MEN-021,Muscle Loss in Men,"Evidence-based training, nutrition, recovery, and safety for muscle loss in men.",Men's Health,Muscle and Fitness,pending,,,Foundation,foundational
MEN-022,Strength Training for Men,"Evidence-based training, nutrition, recovery, and safety for strength training for men.",Men's Health,Muscle and Fitness,pending,,,Foundation,foundational
MEN-023,Strength Training After 40,"Evidence-based training, nutrition, recovery, and safety for strength training after 40.",Men's Health,Muscle and Fitness,pending,,,Foundation,foundational
MEN-024,Strength Training After 60,"Evidence-based training, nutrition, recovery, and safety for strength training after 60.",Men's Health,Muscle and Fitness,pending,,,Foundation,foundational
MEN-025,Muscle Hypertrophy in Men,"Evidence-based training, nutrition, recovery, and safety for muscle hypertrophy in men.",Men's Health,Muscle and Fitness,pending,,,Foundation,foundational
MEN-026,Protein Needs in Men,"Evidence-based training, nutrition, recovery, and safety for protein needs in men.",Men's Health,Muscle and Fitness,pending,,,Foundation,foundational
MEN-027,Power Training for Men,"Evidence-based training, nutrition, recovery, and safety for power training for men.",Men's Health,Muscle and Fitness,pending,,,Foundation,foundational
MEN-028,Cardiorespiratory Fitness in Men,"Evidence-based training, nutrition, recovery, and safety for cardiorespiratory fitness in men.",Men's Health,Muscle and Fitness,pending,,,Foundation,foundational
MEN-029,Mobility for Men,"Evidence-based training, nutrition, recovery, and safety for mobility for men.",Men's Health,Muscle and Fitness,pending,,,Foundation,foundational
MEN-030,Recovery for Men,"Evidence-based training, nutrition, recovery, and safety for recovery for men.",Men's Health,Muscle and Fitness,pending,,,Foundation,foundational
MEN-031,Male Fertility,"Definitions, evaluation, evidence, treatment considerations, and safety related to male fertility.",Men's Health,Sexual and Reproductive Health,pending,,,Foundation,foundational
MEN-032,Age and Male Fertility,"Definitions, evaluation, evidence, treatment considerations, and safety related to age and male fertility.",Men's Health,Sexual and Reproductive Health,pending,,,Foundation,foundational
MEN-033,Sperm Health,"Definitions, evaluation, evidence, treatment considerations, and safety related to sperm health.",Men's Health,Sexual and Reproductive Health,pending,,,Foundation,foundational
MEN-034,Erectile Dysfunction,"Definitions, evaluation, evidence, treatment considerations, and safety related to erectile dysfunction.",Men's Health,Sexual and Reproductive Health,pending,,,Foundation,foundational
MEN-035,Sexual Desire in Men,"Definitions, evaluation, evidence, treatment considerations, and safety related to sexual desire in men.",Men's Health,Sexual and Reproductive Health,pending,,,Foundation,foundational
MEN-036,Testosterone Deficiency,"Definitions, evaluation, evidence, treatment considerations, and safety related to testosterone deficiency.",Men's Health,Sexual and Reproductive Health,pending,,,Foundation,foundational
MEN-037,Testosterone Testing,"Definitions, evaluation, evidence, treatment considerations, and safety related to testosterone testing.",Men's Health,Sexual and Reproductive Health,pending,,,Foundation,foundational
MEN-038,Testosterone Replacement Therapy,"Definitions, evaluation, evidence, treatment considerations, and safety related to testosterone replacement therapy.",Men's Health,Sexual and Reproductive Health,pending,,,Foundation,foundational
MEN-039,Peyronie Disease,"Definitions, evaluation, evidence, treatment considerations, and safety related to peyronie disease.",Men's Health,Sexual and Reproductive Health,pending,,,Foundation,foundational
MEN-040,Sexually Transmitted Infection Prevention for Men,"Definitions, evaluation, evidence, treatment considerations, and safety related to sexually transmitted infection prevention for men.",Men's Health,Sexual and Reproductive Health,pending,,,Foundation,foundational
MEN-041,Prostate Health,"Risk, symptoms, screening, evidence, and management related to prostate health.",Men's Health,Prostate and Urinary Health,pending,,,Foundation,foundational
MEN-042,Benign Prostatic Hyperplasia,"Risk, symptoms, screening, evidence, and management related to benign prostatic hyperplasia.",Men's Health,Prostate and Urinary Health,pending,,,Foundation,foundational
MEN-043,Lower Urinary Tract Symptoms,"Risk, symptoms, screening, evidence, and management related to lower urinary tract symptoms.",Men's Health,Prostate and Urinary Health,pending,,,Foundation,foundational
MEN-044,Prostate Cancer Risk,"Risk, symptoms, screening, evidence, and management related to prostate cancer risk.",Men's Health,Prostate and Urinary Health,pending,,,Foundation,foundational
MEN-045,Prostate Cancer Screening,"Risk, symptoms, screening, evidence, and management related to prostate cancer screening.",Men's Health,Prostate and Urinary Health,pending,,,Foundation,foundational
MEN-046,PSA Testing,"Risk, symptoms, screening, evidence, and management related to psa testing.",Men's Health,Prostate and Urinary Health,pending,,,Foundation,foundational
MEN-047,Prostatitis,"Risk, symptoms, screening, evidence, and management related to prostatitis.",Men's Health,Prostate and Urinary Health,pending,,,Foundation,foundational
MEN-048,Urinary Incontinence in Men,"Risk, symptoms, screening, evidence, and management related to urinary incontinence in men.",Men's Health,Prostate and Urinary Health,pending,,,Foundation,foundational
MEN-049,Nocturia in Men,"Risk, symptoms, screening, evidence, and management related to nocturia in men.",Men's Health,Prostate and Urinary Health,pending,,,Foundation,foundational
MEN-050,Preparing for a Prostate Health Visit,"Risk, symptoms, screening, evidence, and management related to preparing for a prostate health visit.",Men's Health,Prostate and Urinary Health,pending,,,Foundation,foundational
MEN-051,Depression in Men,"Recognition, prevention, evidence-based support, and safety related to depression in men.",Men's Health,Mental Health,pending,,,Foundation,foundational
MEN-052,Anxiety in Men,"Recognition, prevention, evidence-based support, and safety related to anxiety in men.",Men's Health,Mental Health,pending,,,Foundation,foundational
MEN-053,Burnout in Men,"Recognition, prevention, evidence-based support, and safety related to burnout in men.",Men's Health,Mental Health,pending,,,Foundation,foundational
MEN-054,Loneliness in Men,"Recognition, prevention, evidence-based support, and safety related to loneliness in men.",Men's Health,Mental Health,pending,,,Foundation,foundational
MEN-055,Suicide Risk in Men,"Recognition, prevention, evidence-based support, and safety related to suicide risk in men.",Men's Health,Mental Health,pending,,,Foundation,foundational
MEN-056,Healthy Coping for Men,"Recognition, prevention, evidence-based support, and safety related to healthy coping for men.",Men's Health,Mental Health,pending,,,Foundation,foundational
MEN-057,Social Connection for Men,"Recognition, prevention, evidence-based support, and safety related to social connection for men.",Men's Health,Mental Health,pending,,,Foundation,foundational
MEN-058,Work Stress in Men,"Recognition, prevention, evidence-based support, and safety related to work stress in men.",Men's Health,Mental Health,pending,,,Foundation,foundational
MEN-059,When Men Should Seek Mental Health Care,"Recognition, prevention, evidence-based support, and safety related to when men should seek mental health care.",Men's Health,Mental Health,pending,,,Foundation,foundational
MEN-060,Prostate Cancer Prevention,"Risk reduction, screening, evidence, and practical prevention related to prostate cancer prevention.",Men's Health,Cancer and Prevention,pending,,,Foundation,foundational
MEN-061,Colorectal Cancer Prevention in Men,"Risk reduction, screening, evidence, and practical prevention related to colorectal cancer prevention in men.",Men's Health,Cancer and Prevention,pending,,,Foundation,foundational
MEN-062,Lung Cancer Prevention in Men,"Risk reduction, screening, evidence, and practical prevention related to lung cancer prevention in men.",Men's Health,Cancer and Prevention,pending,,,Foundation,foundational
MEN-063,Skin Cancer Prevention in Men,"Risk reduction, screening, evidence, and practical prevention related to skin cancer prevention in men.",Men's Health,Cancer and Prevention,pending,,,Foundation,foundational
MEN-064,Testicular Cancer Awareness,"Risk reduction, screening, evidence, and practical prevention related to testicular cancer awareness.",Men's Health,Cancer and Prevention,pending,,,Foundation,foundational
MEN-065,Oral Cancer Risk in Men,"Risk reduction, screening, evidence, and practical prevention related to oral cancer risk in men.",Men's Health,Cancer and Prevention,pending,,,Foundation,foundational
MEN-066,Alcohol and Cancer Risk in Men,"Risk reduction, screening, evidence, and practical prevention related to alcohol and cancer risk in men.",Men's Health,Cancer and Prevention,pending,,,Foundation,foundational
MEN-067,Smoking and Cancer Risk in Men,"Risk reduction, screening, evidence, and practical prevention related to smoking and cancer risk in men.",Men's Health,Cancer and Prevention,pending,,,Foundation,foundational
MEN-068,Cancer Screening for Men,"Risk reduction, screening, evidence, and practical prevention related to cancer screening for men.",Men's Health,Cancer and Prevention,pending,,,Foundation,foundational
MEN-069,Family Cancer History in Men,"Risk reduction, screening, evidence, and practical prevention related to family cancer history in men.",Men's Health,Cancer and Prevention,pending,,,Foundation,foundational
MEN-070,Healthy Aging for Men,"How healthy aging for men affects independence, function, and long-term health.",Men's Health,Healthy Aging,pending,,,Foundation,foundational
MEN-071,Sarcopenia in Men,"How sarcopenia in men affects independence, function, and long-term health.",Men's Health,Healthy Aging,pending,,,Foundation,foundational
MEN-072,Bone Health in Men,"How bone health in men affects independence, function, and long-term health.",Men's Health,Healthy Aging,pending,,,Foundation,foundational
MEN-073,Osteoporosis in Men,"How osteoporosis in men affects independence, function, and long-term health.",Men's Health,Healthy Aging,pending,,,Foundation,foundational
MEN-074,Falls in Older Men,"How falls in older men affects independence, function, and long-term health.",Men's Health,Healthy Aging,pending,,,Foundation,foundational
MEN-075,Brain Health in Men,"How brain health in men affects independence, function, and long-term health.",Men's Health,Healthy Aging,pending,,,Foundation,foundational
MEN-076,Sleep in Older Men,"How sleep in older men affects independence, function, and long-term health.",Men's Health,Healthy Aging,pending,,,Foundation,foundational
MEN-077,Hearing Loss in Men,"How hearing loss in men affects independence, function, and long-term health.",Men's Health,Healthy Aging,pending,,,Foundation,foundational
MEN-078,Retirement and Men's Health,"How retirement and men's health affects independence, function, and long-term health.",Men's Health,Healthy Aging,pending,,,Foundation,foundational
MEN-079,Longevity for Men,"How longevity for men affects independence, function, and long-term health.",Men's Health,Healthy Aging,pending,,,Foundation,foundational
MEN-080,Alcohol and Men's Health,"Evidence, prevention, risk reduction, and practical strategies related to alcohol and men's health.",Men's Health,Lifestyle and Safety,pending,,,Foundation,foundational
MEN-081,Smoking and Men's Health,"Evidence, prevention, risk reduction, and practical strategies related to smoking and men's health.",Men's Health,Lifestyle and Safety,pending,,,Foundation,foundational
MEN-082,Vaping and Men's Health,"Evidence, prevention, risk reduction, and practical strategies related to vaping and men's health.",Men's Health,Lifestyle and Safety,pending,,,Foundation,foundational
MEN-083,Cannabis and Men's Health,"Evidence, prevention, risk reduction, and practical strategies related to cannabis and men's health.",Men's Health,Lifestyle and Safety,pending,,,Foundation,foundational
MEN-084,Sleep Apnea in Men,"Evidence, prevention, risk reduction, and practical strategies related to sleep apnea in men.",Men's Health,Lifestyle and Safety,pending,,,Foundation,foundational
MEN-085,Driving Safety in Older Men,"Evidence, prevention, risk reduction, and practical strategies related to driving safety in older men.",Men's Health,Lifestyle and Safety,pending,,,Foundation,foundational
MEN-086,Workplace Injury Prevention,"Evidence, prevention, risk reduction, and practical strategies related to workplace injury prevention.",Men's Health,Lifestyle and Safety,pending,,,Foundation,foundational
MEN-087,Sun Protection for Men,"Evidence, prevention, risk reduction, and practical strategies related to sun protection for men.",Men's Health,Lifestyle and Safety,pending,,,Foundation,foundational
MEN-088,Healthy Weight Without Extreme Dieting,"Evidence, prevention, risk reduction, and practical strategies related to healthy weight without extreme dieting.",Men's Health,Lifestyle and Safety,pending,,,Foundation,foundational
MEN-089,Building a Personal Men's Health Plan,"Evidence, prevention, risk reduction, and practical strategies related to building a personal men's health plan.",Men's Health,Lifestyle and Safety,pending,,,Foundation,foundational
MEN-090,Hair Loss in Men,"Common causes, evidence-based evaluation, management, and safety related to hair loss in men.",Men's Health,Common Questions,pending,,,Foundation,foundational
MEN-091,Male Pattern Baldness,"Common causes, evidence-based evaluation, management, and safety related to male pattern baldness.",Men's Health,Common Questions,pending,,,Foundation,foundational
MEN-092,Gynecomastia,"Common causes, evidence-based evaluation, management, and safety related to gynecomastia.",Men's Health,Common Questions,pending,,,Foundation,foundational
MEN-093,Snoring in Men,"Common causes, evidence-based evaluation, management, and safety related to snoring in men.",Men's Health,Common Questions,pending,,,Foundation,foundational
MEN-094,Gout in Men,"Common causes, evidence-based evaluation, management, and safety related to gout in men.",Men's Health,Common Questions,pending,,,Foundation,foundational
MEN-095,Kidney Stones in Men,"Common causes, evidence-based evaluation, management, and safety related to kidney stones in men.",Men's Health,Common Questions,pending,,,Foundation,foundational
MEN-096,Back Pain in Men,"Common causes, evidence-based evaluation, management, and safety related to back pain in men.",Men's Health,Common Questions,pending,,,Foundation,foundational
MEN-097,Joint Pain in Men,"Common causes, evidence-based evaluation, management, and safety related to joint pain in men.",Men's Health,Common Questions,pending,,,Foundation,foundational
MEN-098,Fatigue in Men,"Common causes, evidence-based evaluation, management, and safety related to fatigue in men.",Men's Health,Common Questions,pending,,,Foundation,foundational
MEN-099,Low Energy in Men,"Common causes, evidence-based evaluation, management, and safety related to low energy in men.",Men's Health,Common Questions,pending,,,Foundation,foundational
MEN-100,Integrating Men's Health: Practical Synthesis,"An integrated evidence-based synthesis of men's health concepts, priorities, practical application, and safety.",Men's Health,Integrated Practice,pending,,,Foundation,foundational
CHD-001,Healthy Growth in Children,"Age-appropriate evidence, prevention, and practical guidance related to healthy growth in children.",Children and Adolescents,Growth and Development,pending,,,Foundation,foundational
CHD-002,Child Development Milestones,"Age-appropriate evidence, prevention, and practical guidance related to child development milestones.",Children and Adolescents,Growth and Development,pending,,,Foundation,foundational
CHD-003,Adolescent Development,"Age-appropriate evidence, prevention, and practical guidance related to adolescent development.",Children and Adolescents,Growth and Development,pending,,,Foundation,foundational
CHD-004,Puberty,"Age-appropriate evidence, prevention, and practical guidance related to puberty.",Children and Adolescents,Growth and Development,pending,,,Foundation,foundational
CHD-005,Growth Spurts,"Age-appropriate evidence, prevention, and practical guidance related to growth spurts.",Children and Adolescents,Growth and Development,pending,,,Foundation,foundational
CHD-006,Healthy Weight in Children,"Age-appropriate evidence, prevention, and practical guidance related to healthy weight in children.",Children and Adolescents,Growth and Development,pending,,,Foundation,foundational
CHD-007,Body Image in Children,"Age-appropriate evidence, prevention, and practical guidance related to body image in children.",Children and Adolescents,Growth and Development,pending,,,Foundation,foundational
CHD-008,Body Image in Adolescents,"Age-appropriate evidence, prevention, and practical guidance related to body image in adolescents.",Children and Adolescents,Growth and Development,pending,,,Foundation,foundational
CHD-009,Pediatric Preventive Care,"Age-appropriate evidence, prevention, and practical guidance related to pediatric preventive care.",Children and Adolescents,Growth and Development,pending,,,Foundation,foundational
CHD-010,School Health,"Age-appropriate evidence, prevention, and practical guidance related to school health.",Children and Adolescents,Growth and Development,pending,,,Foundation,foundational
CHD-011,Nutrition for Young Children,Evidence-based nutrition and practical family guidance related to nutrition for young children.,Children and Adolescents,Nutrition,pending,,,Foundation,foundational
CHD-012,Nutrition for School-Age Children,Evidence-based nutrition and practical family guidance related to nutrition for school-age children.,Children and Adolescents,Nutrition,pending,,,Foundation,foundational
CHD-013,Nutrition for Adolescents,Evidence-based nutrition and practical family guidance related to nutrition for adolescents.,Children and Adolescents,Nutrition,pending,,,Foundation,foundational
CHD-014,Protein for Children,Evidence-based nutrition and practical family guidance related to protein for children.,Children and Adolescents,Nutrition,pending,,,Foundation,foundational
CHD-015,Fiber for Children,Evidence-based nutrition and practical family guidance related to fiber for children.,Children and Adolescents,Nutrition,pending,,,Foundation,foundational
CHD-016,Calcium for Children,Evidence-based nutrition and practical family guidance related to calcium for children.,Children and Adolescents,Nutrition,pending,,,Foundation,foundational
CHD-017,Iron for Children,Evidence-based nutrition and practical family guidance related to iron for children.,Children and Adolescents,Nutrition,pending,,,Foundation,foundational
CHD-018,Vitamin D for Children,Evidence-based nutrition and practical family guidance related to vitamin d for children.,Children and Adolescents,Nutrition,pending,,,Foundation,foundational
CHD-019,Healthy Snacks for Children,Evidence-based nutrition and practical family guidance related to healthy snacks for children.,Children and Adolescents,Nutrition,pending,,,Foundation,foundational
CHD-020,Family Meals,Evidence-based nutrition and practical family guidance related to family meals.,Children and Adolescents,Nutrition,pending,,,Foundation,foundational
CHD-021,Physical Activity for Children,"Benefits, safety, evidence, and practical guidance related to physical activity for children.",Children and Adolescents,Physical Activity,pending,,,Foundation,foundational
CHD-022,Exercise for Adolescents,"Benefits, safety, evidence, and practical guidance related to exercise for adolescents.",Children and Adolescents,Physical Activity,pending,,,Foundation,foundational
CHD-023,Strength Training for Youth,"Benefits, safety, evidence, and practical guidance related to strength training for youth.",Children and Adolescents,Physical Activity,pending,,,Foundation,foundational
CHD-024,Sports Participation,"Benefits, safety, evidence, and practical guidance related to sports participation.",Children and Adolescents,Physical Activity,pending,,,Foundation,foundational
CHD-025,Motor Skill Development,"Benefits, safety, evidence, and practical guidance related to motor skill development.",Children and Adolescents,Physical Activity,pending,,,Foundation,foundational
CHD-026,Outdoor Play,"Benefits, safety, evidence, and practical guidance related to outdoor play.",Children and Adolescents,Physical Activity,pending,,,Foundation,foundational
CHD-027,Screen Time and Activity,"Benefits, safety, evidence, and practical guidance related to screen time and activity.",Children and Adolescents,Physical Activity,pending,,,Foundation,foundational
CHD-028,Sedentary Behavior in Children,"Benefits, safety, evidence, and practical guidance related to sedentary behavior in children.",Children and Adolescents,Physical Activity,pending,,,Foundation,foundational
CHD-029,Exercise Safety for Youth,"Benefits, safety, evidence, and practical guidance related to exercise safety for youth.",Children and Adolescents,Physical Activity,pending,,,Foundation,foundational
CHD-030,Building Active Family Habits,"Benefits, safety, evidence, and practical guidance related to building active family habits.",Children and Adolescents,Physical Activity,pending,,,Foundation,foundational
CHD-031,Sleep Needs in Children,"Evidence, common problems, practical routines, and safety related to sleep needs in children.",Children and Adolescents,Sleep,pending,,,Foundation,foundational
CHD-032,Sleep Needs in Teenagers,"Evidence, common problems, practical routines, and safety related to sleep needs in teenagers.",Children and Adolescents,Sleep,pending,,,Foundation,foundational
CHD-033,Bedtime Routines for Children,"Evidence, common problems, practical routines, and safety related to bedtime routines for children.",Children and Adolescents,Sleep,pending,,,Foundation,foundational
CHD-034,Teen Circadian Rhythm,"Evidence, common problems, practical routines, and safety related to teen circadian rhythm.",Children and Adolescents,Sleep,pending,,,Foundation,foundational
CHD-035,Screen Time and Sleep in Children,"Evidence, common problems, practical routines, and safety related to screen time and sleep in children.",Children and Adolescents,Sleep,pending,,,Foundation,foundational
CHD-036,Insomnia in Children,"Evidence, common problems, practical routines, and safety related to insomnia in children.",Children and Adolescents,Sleep,pending,,,Foundation,foundational
CHD-037,Snoring in Children,"Evidence, common problems, practical routines, and safety related to snoring in children.",Children and Adolescents,Sleep,pending,,,Foundation,foundational
CHD-038,Sleep Apnea in Children,"Evidence, common problems, practical routines, and safety related to sleep apnea in children.",Children and Adolescents,Sleep,pending,,,Foundation,foundational
CHD-039,Napping in Children,"Evidence, common problems, practical routines, and safety related to napping in children.",Children and Adolescents,Sleep,pending,,,Foundation,foundational
CHD-040,Healthy Sleep Habits for Families,"Evidence, common problems, practical routines, and safety related to healthy sleep habits for families.",Children and Adolescents,Sleep,pending,,,Foundation,foundational
CHD-041,Stress in Children,"Recognition, prevention, support, and safety related to stress in children.",Children and Adolescents,Mental and Emotional Health,pending,,,Foundation,foundational
CHD-042,Stress in Teenagers,"Recognition, prevention, support, and safety related to stress in teenagers.",Children and Adolescents,Mental and Emotional Health,pending,,,Foundation,foundational
CHD-043,Anxiety in Children,"Recognition, prevention, support, and safety related to anxiety in children.",Children and Adolescents,Mental and Emotional Health,pending,,,Foundation,foundational
CHD-044,Anxiety in Teenagers,"Recognition, prevention, support, and safety related to anxiety in teenagers.",Children and Adolescents,Mental and Emotional Health,pending,,,Foundation,foundational
CHD-045,Depression in Teenagers,"Recognition, prevention, support, and safety related to depression in teenagers.",Children and Adolescents,Mental and Emotional Health,pending,,,Foundation,foundational
CHD-046,School Stress,"Recognition, prevention, support, and safety related to school stress.",Children and Adolescents,Mental and Emotional Health,pending,,,Foundation,foundational
CHD-047,Bullying,"Recognition, prevention, support, and safety related to bullying.",Children and Adolescents,Mental and Emotional Health,pending,,,Foundation,foundational
CHD-048,Cyberbullying,"Recognition, prevention, support, and safety related to cyberbullying.",Children and Adolescents,Mental and Emotional Health,pending,,,Foundation,foundational
CHD-049,Resilience in Children,"Recognition, prevention, support, and safety related to resilience in children.",Children and Adolescents,Mental and Emotional Health,pending,,,Foundation,foundational
CHD-050,When a Child Needs Mental Health Support,"Recognition, prevention, support, and safety related to when a child needs mental health support.",Children and Adolescents,Mental and Emotional Health,pending,,,Foundation,foundational
CHD-051,Childhood Fever,"Common causes, home care principles, red flags, and when professional evaluation matters for childhood fever.",Children and Adolescents,Common Health Issues,pending,,,Foundation,foundational
CHD-052,Common Colds in Children,"Common causes, home care principles, red flags, and when professional evaluation matters for common colds in children.",Children and Adolescents,Common Health Issues,pending,,,Foundation,foundational
CHD-053,Cough in Children,"Common causes, home care principles, red flags, and when professional evaluation matters for cough in children.",Children and Adolescents,Common Health Issues,pending,,,Foundation,foundational
CHD-054,Sore Throat in Children,"Common causes, home care principles, red flags, and when professional evaluation matters for sore throat in children.",Children and Adolescents,Common Health Issues,pending,,,Foundation,foundational
CHD-055,Stomach Pain in Children,"Common causes, home care principles, red flags, and when professional evaluation matters for stomach pain in children.",Children and Adolescents,Common Health Issues,pending,,,Foundation,foundational
CHD-056,Constipation in Children,"Common causes, home care principles, red flags, and when professional evaluation matters for constipation in children.",Children and Adolescents,Common Health Issues,pending,,,Foundation,foundational
CHD-057,Diarrhea in Children,"Common causes, home care principles, red flags, and when professional evaluation matters for diarrhea in children.",Children and Adolescents,Common Health Issues,pending,,,Foundation,foundational
CHD-058,Headaches in Children,"Common causes, home care principles, red flags, and when professional evaluation matters for headaches in children.",Children and Adolescents,Common Health Issues,pending,,,Foundation,foundational
CHD-059,Growing Pains,"Common causes, home care principles, red flags, and when professional evaluation matters for growing pains.",Children and Adolescents,Common Health Issues,pending,,,Foundation,foundational
CHD-060,Allergies in Children,"Common causes, home care principles, red flags, and when professional evaluation matters for allergies in children.",Children and Adolescents,Common Health Issues,pending,,,Foundation,foundational
CHD-061,Childhood Vaccinations,"Prevention, safety, and evidence-based guidance related to childhood vaccinations.",Children and Adolescents,Prevention and Safety,pending,,,Foundation,foundational
CHD-062,Adolescent Vaccinations,"Prevention, safety, and evidence-based guidance related to adolescent vaccinations.",Children and Adolescents,Prevention and Safety,pending,,,Foundation,foundational
CHD-063,Hand Hygiene for Children,"Prevention, safety, and evidence-based guidance related to hand hygiene for children.",Children and Adolescents,Prevention and Safety,pending,,,Foundation,foundational
CHD-064,Food Safety for Children,"Prevention, safety, and evidence-based guidance related to food safety for children.",Children and Adolescents,Prevention and Safety,pending,,,Foundation,foundational
CHD-065,Sun Safety for Children,"Prevention, safety, and evidence-based guidance related to sun safety for children.",Children and Adolescents,Prevention and Safety,pending,,,Foundation,foundational
CHD-066,Water Safety,"Prevention, safety, and evidence-based guidance related to water safety.",Children and Adolescents,Prevention and Safety,pending,,,Foundation,foundational
CHD-067,Bike Safety,"Prevention, safety, and evidence-based guidance related to bike safety.",Children and Adolescents,Prevention and Safety,pending,,,Foundation,foundational
CHD-068,Car Seat Safety,"Prevention, safety, and evidence-based guidance related to car seat safety.",Children and Adolescents,Prevention and Safety,pending,,,Foundation,foundational
CHD-069,Sports Injury Prevention,"Prevention, safety, and evidence-based guidance related to sports injury prevention.",Children and Adolescents,Prevention and Safety,pending,,,Foundation,foundational
CHD-070,Concussion Prevention,"Prevention, safety, and evidence-based guidance related to concussion prevention.",Children and Adolescents,Prevention and Safety,pending,,,Foundation,foundational
CHD-071,Teen Nutrition,"Age-appropriate education, prevention, risk reduction, and support related to teen nutrition.",Children and Adolescents,Adolescent Health,pending,,,Foundation,foundational
CHD-072,Teen Exercise,"Age-appropriate education, prevention, risk reduction, and support related to teen exercise.",Children and Adolescents,Adolescent Health,pending,,,Foundation,foundational
CHD-073,Teen Sleep,"Age-appropriate education, prevention, risk reduction, and support related to teen sleep.",Children and Adolescents,Adolescent Health,pending,,,Foundation,foundational
CHD-074,Teen Stress,"Age-appropriate education, prevention, risk reduction, and support related to teen stress.",Children and Adolescents,Adolescent Health,pending,,,Foundation,foundational
CHD-075,Teen Sexual Health,"Age-appropriate education, prevention, risk reduction, and support related to teen sexual health.",Children and Adolescents,Adolescent Health,pending,,,Foundation,foundational
CHD-076,Sexually Transmitted Infection Prevention for Teens,"Age-appropriate education, prevention, risk reduction, and support related to sexually transmitted infection prevention for teens.",Children and Adolescents,Adolescent Health,pending,,,Foundation,foundational
CHD-077,Substance Use Prevention,"Age-appropriate education, prevention, risk reduction, and support related to substance use prevention.",Children and Adolescents,Adolescent Health,pending,,,Foundation,foundational
CHD-078,Vaping Prevention in Teens,"Age-appropriate education, prevention, risk reduction, and support related to vaping prevention in teens.",Children and Adolescents,Adolescent Health,pending,,,Foundation,foundational
CHD-079,Alcohol Prevention in Teens,"Age-appropriate education, prevention, risk reduction, and support related to alcohol prevention in teens.",Children and Adolescents,Adolescent Health,pending,,,Foundation,foundational
CHD-080,Healthy Relationships for Teens,"Age-appropriate education, prevention, risk reduction, and support related to healthy relationships for teens.",Children and Adolescents,Adolescent Health,pending,,,Foundation,foundational
CHD-081,Healthy Family Routines,Practical family strategies and evidence related to healthy family routines.,Children and Adolescents,Family Health,pending,,,Foundation,foundational
CHD-082,Parents as Health Role Models,Practical family strategies and evidence related to parents as health role models.,Children and Adolescents,Family Health,pending,,,Foundation,foundational
CHD-083,Talking to Children About Health,Practical family strategies and evidence related to talking to children about health.,Children and Adolescents,Family Health,pending,,,Foundation,foundational
CHD-084,Talking to Teens About Health,Practical family strategies and evidence related to talking to teens about health.,Children and Adolescents,Family Health,pending,,,Foundation,foundational
CHD-085,Healthy Food Environment at Home,Practical family strategies and evidence related to healthy food environment at home.,Children and Adolescents,Family Health,pending,,,Foundation,foundational
CHD-086,Active Family Weekends,Practical family strategies and evidence related to active family weekends.,Children and Adolescents,Family Health,pending,,,Foundation,foundational
CHD-087,Family Screen Rules,Practical family strategies and evidence related to family screen rules.,Children and Adolescents,Family Health,pending,,,Foundation,foundational
CHD-088,Family Sleep Routines,Practical family strategies and evidence related to family sleep routines.,Children and Adolescents,Family Health,pending,,,Foundation,foundational
CHD-089,Managing Health During School Holidays,Practical family strategies and evidence related to managing health during school holidays.,Children and Adolescents,Family Health,pending,,,Foundation,foundational
CHD-090,Building Sustainable Family Habits,Practical family strategies and evidence related to building sustainable family habits.,Children and Adolescents,Family Health,pending,,,Foundation,foundational
CHD-091,Childhood Obesity Prevention,"Evidence, safety, lifestyle considerations, and when professional care matters for childhood obesity prevention.",Children and Adolescents,Special Topics,pending,,,Foundation,foundational
CHD-092,Prediabetes in Adolescents,"Evidence, safety, lifestyle considerations, and when professional care matters for prediabetes in adolescents.",Children and Adolescents,Special Topics,pending,,,Foundation,foundational
CHD-093,High Blood Pressure in Youth,"Evidence, safety, lifestyle considerations, and when professional care matters for high blood pressure in youth.",Children and Adolescents,Special Topics,pending,,,Foundation,foundational
CHD-094,Asthma and Exercise,"Evidence, safety, lifestyle considerations, and when professional care matters for asthma and exercise.",Children and Adolescents,Special Topics,pending,,,Foundation,foundational
CHD-095,Food Allergies in Children,"Evidence, safety, lifestyle considerations, and when professional care matters for food allergies in children.",Children and Adolescents,Special Topics,pending,,,Foundation,foundational
CHD-096,ADHD and Lifestyle,"Evidence, safety, lifestyle considerations, and when professional care matters for adhd and lifestyle.",Children and Adolescents,Special Topics,pending,,,Foundation,foundational
CHD-097,Autism and Healthy Routines,"Evidence, safety, lifestyle considerations, and when professional care matters for autism and healthy routines.",Children and Adolescents,Special Topics,pending,,,Foundation,foundational
CHD-098,Eating Disorders in Adolescents,"Evidence, safety, lifestyle considerations, and when professional care matters for eating disorders in adolescents.",Children and Adolescents,Special Topics,pending,,,Foundation,foundational
CHD-099,Menstrual Health for Teen Girls,"Evidence, safety, lifestyle considerations, and when professional care matters for menstrual health for teen girls.",Children and Adolescents,Special Topics,pending,,,Foundation,foundational
CHD-100,Healthy Transition to College,"Evidence, safety, lifestyle considerations, and when professional care matters for healthy transition to college.",Children and Adolescents,Special Topics,pending,,,Foundation,foundational
SUP-001,Dietary Supplements Overview,"Evidence, dosing, safety, interactions, and practical considerations for dietary supplements overview.",Supplements,Supplement Foundations,pending,,,Foundation,supplement
SUP-002,How Supplements Are Regulated,"Evidence, dosing, safety, interactions, and practical considerations for how supplements are regulated.",Supplements,Supplement Foundations,pending,,,Foundation,supplement
SUP-003,How to Read a Supplement Label,"Evidence, dosing, safety, interactions, and practical considerations for how to read a supplement label.",Supplements,Supplement Foundations,pending,,,Foundation,supplement
SUP-004,Supplement Quality Testing,"Evidence, dosing, safety, interactions, and practical considerations for supplement quality testing.",Supplements,Supplement Foundations,pending,,,Foundation,supplement
SUP-005,Third-Party Supplement Certification,"Evidence, dosing, safety, interactions, and practical considerations for third-party supplement certification.",Supplements,Supplement Foundations,pending,,,Foundation,supplement
SUP-006,Supplement Contamination,"Evidence, dosing, safety, interactions, and practical considerations for supplement contamination.",Supplements,Supplement Foundations,pending,,,Foundation,supplement
SUP-007,Supplement Adulteration,"Evidence, dosing, safety, interactions, and practical considerations for supplement adulteration.",Supplements,Supplement Foundations,pending,,,Foundation,supplement
SUP-008,Supplement Dosage,"Evidence, dosing, safety, interactions, and practical considerations for supplement dosage.",Supplements,Supplement Foundations,pending,,,Foundation,supplement
SUP-009,Supplement Timing,"Evidence, dosing, safety, interactions, and practical considerations for supplement timing.",Supplements,Supplement Foundations,pending,,,Foundation,supplement
SUP-010,Supplement Absorption,"Evidence, dosing, safety, interactions, and practical considerations for supplement absorption.",Supplements,Supplement Foundations,pending,,,Foundation,supplement
SUP-011,Food vs Supplements,"Evidence, dosing, safety, interactions, and practical considerations for food vs supplements.",Supplements,Supplement Foundations,pending,,,Foundation,supplement
SUP-012,Who May Need Supplements,"Evidence, dosing, safety, interactions, and practical considerations for who may need supplements.",Supplements,Supplement Foundations,pending,,,Foundation,supplement
SUP-013,Who Should Avoid Supplements,"Evidence, dosing, safety, interactions, and practical considerations for who should avoid supplements.",Supplements,Supplement Foundations,pending,,,Foundation,supplement
SUP-014,Supplement Side Effects,"Evidence, dosing, safety, interactions, and practical considerations for supplement side effects.",Supplements,Supplement Foundations,pending,,,Foundation,supplement
SUP-015,Supplement-Drug Interactions,"Evidence, dosing, safety, interactions, and practical considerations for supplement-drug interactions.",Supplements,Supplement Foundations,pending,,,Foundation,supplement
SUP-016,Supplement-Supplement Interactions,"Evidence, dosing, safety, interactions, and practical considerations for supplement-supplement interactions.",Supplements,Supplement Foundations,pending,,,Foundation,supplement
SUP-017,Megadosing Risks,"Evidence, dosing, safety, interactions, and practical considerations for megadosing risks.",Supplements,Supplement Foundations,pending,,,Foundation,supplement
SUP-018,Natural Does Not Mean Safe,"Evidence, dosing, safety, interactions, and practical considerations for natural does not mean safe.",Supplements,Supplement Foundations,pending,,,Foundation,supplement
SUP-019,Evidence Levels for Supplements,"Evidence, dosing, safety, interactions, and practical considerations for evidence levels for supplements.",Supplements,Supplement Foundations,pending,,,Foundation,supplement
SUP-020,Placebo Effects and Supplements,"Evidence, dosing, safety, interactions, and practical considerations for placebo effects and supplements.",Supplements,Supplement Foundations,pending,,,Foundation,supplement
SUP-021,Choosing a Supplement,"Evidence, dosing, safety, interactions, and practical considerations for choosing a supplement.",Supplements,Supplement Foundations,pending,,,Foundation,supplement
SUP-022,Tracking Supplement Use,"Evidence, dosing, safety, interactions, and practical considerations for tracking supplement use.",Supplements,Supplement Foundations,pending,,,Foundation,supplement
SUP-023,Discussing Supplements With a Clinician,"Evidence, dosing, safety, interactions, and practical considerations for discussing supplements with a clinician.",Supplements,Supplement Foundations,pending,,,Foundation,supplement
SUP-024,Stopping Unnecessary Supplements,"Evidence, dosing, safety, interactions, and practical considerations for stopping unnecessary supplements.",Supplements,Supplement Foundations,pending,,,Foundation,supplement
SUP-025,Building a Safe Supplement Plan,"Evidence, dosing, safety, interactions, and practical considerations for building a safe supplement plan.",Supplements,Supplement Foundations,pending,,,Foundation,supplement
SUP-026,Vitamin A Supplements,"Evidence, dosing, safety, interactions, and practical considerations for vitamin a supplements.",Supplements,Vitamins,pending,,,Foundation,supplement
SUP-027,Beta-Carotene Supplements,"Evidence, dosing, safety, interactions, and practical considerations for beta-carotene supplements.",Supplements,Vitamins,pending,,,Foundation,supplement
SUP-028,Thiamin Supplements,"Evidence, dosing, safety, interactions, and practical considerations for thiamin supplements.",Supplements,Vitamins,pending,,,Foundation,supplement
SUP-029,Riboflavin Supplements,"Evidence, dosing, safety, interactions, and practical considerations for riboflavin supplements.",Supplements,Vitamins,pending,,,Foundation,supplement
SUP-030,Niacin Supplements,"Evidence, dosing, safety, interactions, and practical considerations for niacin supplements.",Supplements,Vitamins,pending,,,Foundation,supplement
SUP-031,Pantothenic Acid Supplements,"Evidence, dosing, safety, interactions, and practical considerations for pantothenic acid supplements.",Supplements,Vitamins,pending,,,Foundation,supplement
SUP-032,Vitamin B6 Supplements,"Evidence, dosing, safety, interactions, and practical considerations for vitamin b6 supplements.",Supplements,Vitamins,pending,,,Foundation,supplement
SUP-033,Biotin Supplements,"Evidence, dosing, safety, interactions, and practical considerations for biotin supplements.",Supplements,Vitamins,pending,,,Foundation,supplement
SUP-034,Folate Supplements,"Evidence, dosing, safety, interactions, and practical considerations for folate supplements.",Supplements,Vitamins,pending,,,Foundation,supplement
SUP-035,Folic Acid Supplements,"Evidence, dosing, safety, interactions, and practical considerations for folic acid supplements.",Supplements,Vitamins,pending,,,Foundation,supplement
SUP-036,Vitamin B12 Supplements,"Evidence, dosing, safety, interactions, and practical considerations for vitamin b12 supplements.",Supplements,Vitamins,pending,,,Foundation,supplement
SUP-037,Vitamin C Supplements,"Evidence, dosing, safety, interactions, and practical considerations for vitamin c supplements.",Supplements,Vitamins,pending,,,Foundation,supplement
SUP-038,Vitamin D Supplements,"Evidence, dosing, safety, interactions, and practical considerations for vitamin d supplements.",Supplements,Vitamins,pending,,,Foundation,supplement
SUP-039,Vitamin E Supplements,"Evidence, dosing, safety, interactions, and practical considerations for vitamin e supplements.",Supplements,Vitamins,pending,,,Foundation,supplement
SUP-040,Vitamin K Supplements,"Evidence, dosing, safety, interactions, and practical considerations for vitamin k supplements.",Supplements,Vitamins,pending,,,Foundation,supplement
SUP-041,Multivitamins,"Evidence, dosing, safety, interactions, and practical considerations for multivitamins.",Supplements,Vitamins,pending,,,Foundation,supplement
SUP-042,Prenatal Vitamins,"Evidence, dosing, safety, interactions, and practical considerations for prenatal vitamins.",Supplements,Vitamins,pending,,,Foundation,supplement
SUP-043,Senior Multivitamins,"Evidence, dosing, safety, interactions, and practical considerations for senior multivitamins.",Supplements,Vitamins,pending,,,Foundation,supplement
SUP-044,B-Complex Supplements,"Evidence, dosing, safety, interactions, and practical considerations for b-complex supplements.",Supplements,Vitamins,pending,,,Foundation,supplement
SUP-045,High-Dose Vitamin Therapy,"Evidence, dosing, safety, interactions, and practical considerations for high-dose vitamin therapy.",Supplements,Vitamins,pending,,,Foundation,supplement
SUP-046,Vitamin Deficiency Testing Before Supplements,"Evidence, dosing, safety, interactions, and practical considerations for vitamin deficiency testing before supplements.",Supplements,Vitamins,pending,,,Foundation,supplement
SUP-047,Fat-Soluble Vitamin Toxicity,"Evidence, dosing, safety, interactions, and practical considerations for fat-soluble vitamin toxicity.",Supplements,Vitamins,pending,,,Foundation,supplement
SUP-048,Water-Soluble Vitamin Excess,"Evidence, dosing, safety, interactions, and practical considerations for water-soluble vitamin excess.",Supplements,Vitamins,pending,,,Foundation,supplement
SUP-049,Vitamin Supplements for Vegans,"Evidence, dosing, safety, interactions, and practical considerations for vitamin supplements for vegans.",Supplements,Vitamins,pending,,,Foundation,supplement
SUP-050,Vitamin Supplements for Older Adults,"Evidence, dosing, safety, interactions, and practical considerations for vitamin supplements for older adults.",Supplements,Vitamins,pending,,,Foundation,supplement
SUP-051,Calcium Supplements,"Evidence, dosing, safety, interactions, and practical considerations for calcium supplements.",Supplements,Minerals,pending,,,Foundation,supplement
SUP-052,Iron Supplements,"Evidence, dosing, safety, interactions, and practical considerations for iron supplements.",Supplements,Minerals,pending,,,Foundation,supplement
SUP-053,Magnesium Supplements,"Evidence, dosing, safety, interactions, and practical considerations for magnesium supplements.",Supplements,Minerals,pending,,,Foundation,supplement
SUP-054,Zinc Supplements,"Evidence, dosing, safety, interactions, and practical considerations for zinc supplements.",Supplements,Minerals,pending,,,Foundation,supplement
SUP-055,Potassium Supplements,"Evidence, dosing, safety, interactions, and practical considerations for potassium supplements.",Supplements,Minerals,pending,,,Foundation,supplement
SUP-056,Selenium Supplements,"Evidence, dosing, safety, interactions, and practical considerations for selenium supplements.",Supplements,Minerals,pending,,,Foundation,supplement
SUP-057,Iodine Supplements,"Evidence, dosing, safety, interactions, and practical considerations for iodine supplements.",Supplements,Minerals,pending,,,Foundation,supplement
SUP-058,Copper Supplements,"Evidence, dosing, safety, interactions, and practical considerations for copper supplements.",Supplements,Minerals,pending,,,Foundation,supplement
SUP-059,Manganese Supplements,"Evidence, dosing, safety, interactions, and practical considerations for manganese supplements.",Supplements,Minerals,pending,,,Foundation,supplement
SUP-060,Chromium Supplements,"Evidence, dosing, safety, interactions, and practical considerations for chromium supplements.",Supplements,Minerals,pending,,,Foundation,supplement
SUP-061,Phosphorus Supplements,"Evidence, dosing, safety, interactions, and practical considerations for phosphorus supplements.",Supplements,Minerals,pending,,,Foundation,supplement
SUP-062,Molybdenum Supplements,"Evidence, dosing, safety, interactions, and practical considerations for molybdenum supplements.",Supplements,Minerals,pending,,,Foundation,supplement
SUP-063,Electrolyte Supplements,"Evidence, dosing, safety, interactions, and practical considerations for electrolyte supplements.",Supplements,Minerals,pending,,,Foundation,supplement
SUP-064,Trace Mineral Supplements,"Evidence, dosing, safety, interactions, and practical considerations for trace mineral supplements.",Supplements,Minerals,pending,,,Foundation,supplement
SUP-065,Calcium Citrate vs Calcium Carbonate,"Evidence, dosing, safety, interactions, and practical considerations for calcium citrate vs calcium carbonate.",Supplements,Minerals,pending,,,Foundation,supplement
SUP-066,Magnesium Citrate,"Evidence, dosing, safety, interactions, and practical considerations for magnesium citrate.",Supplements,Minerals,pending,,,Foundation,supplement
SUP-067,Magnesium Glycinate,"Evidence, dosing, safety, interactions, and practical considerations for magnesium glycinate.",Supplements,Minerals,pending,,,Foundation,supplement
SUP-068,Magnesium Oxide,"Evidence, dosing, safety, interactions, and practical considerations for magnesium oxide.",Supplements,Minerals,pending,,,Foundation,supplement
SUP-069,Iron Forms,"Evidence, dosing, safety, interactions, and practical considerations for iron forms.",Supplements,Minerals,pending,,,Foundation,supplement
SUP-070,Zinc Forms,"Evidence, dosing, safety, interactions, and practical considerations for zinc forms.",Supplements,Minerals,pending,,,Foundation,supplement
SUP-071,Mineral Deficiency and Supplementation,"Evidence, dosing, safety, interactions, and practical considerations for mineral deficiency and supplementation.",Supplements,Minerals,pending,,,Foundation,supplement
SUP-072,Mineral Toxicity,"Evidence, dosing, safety, interactions, and practical considerations for mineral toxicity.",Supplements,Minerals,pending,,,Foundation,supplement
SUP-073,Mineral-Drug Interactions,"Evidence, dosing, safety, interactions, and practical considerations for mineral-drug interactions.",Supplements,Minerals,pending,,,Foundation,supplement
SUP-074,Mineral Supplements for Older Adults,"Evidence, dosing, safety, interactions, and practical considerations for mineral supplements for older adults.",Supplements,Minerals,pending,,,Foundation,supplement
SUP-075,Mineral Supplements for Athletes,"Evidence, dosing, safety, interactions, and practical considerations for mineral supplements for athletes.",Supplements,Minerals,pending,,,Foundation,supplement
SUP-076,Creatine,"Evidence, dosing, safety, interactions, and practical considerations for creatine.",Supplements,Performance Supplements,pending,,,Foundation,supplement
SUP-077,Creatine Monohydrate,"Evidence, dosing, safety, interactions, and practical considerations for creatine monohydrate.",Supplements,Performance Supplements,pending,,,Foundation,supplement
SUP-078,Protein Powder,"Evidence, dosing, safety, interactions, and practical considerations for protein powder.",Supplements,Performance Supplements,pending,,,Foundation,supplement
SUP-079,Whey Protein,"Evidence, dosing, safety, interactions, and practical considerations for whey protein.",Supplements,Performance Supplements,pending,,,Foundation,supplement
SUP-080,Casein Protein,"Evidence, dosing, safety, interactions, and practical considerations for casein protein.",Supplements,Performance Supplements,pending,,,Foundation,supplement
SUP-081,Soy Protein Powder,"Evidence, dosing, safety, interactions, and practical considerations for soy protein powder.",Supplements,Performance Supplements,pending,,,Foundation,supplement
SUP-082,Pea Protein Powder,"Evidence, dosing, safety, interactions, and practical considerations for pea protein powder.",Supplements,Performance Supplements,pending,,,Foundation,supplement
SUP-083,Essential Amino Acid Supplements,"Evidence, dosing, safety, interactions, and practical considerations for essential amino acid supplements.",Supplements,Performance Supplements,pending,,,Foundation,supplement
SUP-084,Branched-Chain Amino Acids,"Evidence, dosing, safety, interactions, and practical considerations for branched-chain amino acids.",Supplements,Performance Supplements,pending,,,Foundation,supplement
SUP-085,Beta-Alanine,"Evidence, dosing, safety, interactions, and practical considerations for beta-alanine.",Supplements,Performance Supplements,pending,,,Foundation,supplement
SUP-086,Caffeine Supplements,"Evidence, dosing, safety, interactions, and practical considerations for caffeine supplements.",Supplements,Performance Supplements,pending,,,Foundation,supplement
SUP-087,Pre-Workout Supplements,"Evidence, dosing, safety, interactions, and practical considerations for pre-workout supplements.",Supplements,Performance Supplements,pending,,,Foundation,supplement
SUP-088,Nitrate Supplements,"Evidence, dosing, safety, interactions, and practical considerations for nitrate supplements.",Supplements,Performance Supplements,pending,,,Foundation,supplement
SUP-089,Beetroot Supplements,"Evidence, dosing, safety, interactions, and practical considerations for beetroot supplements.",Supplements,Performance Supplements,pending,,,Foundation,supplement
SUP-090,Sodium Bicarbonate,"Evidence, dosing, safety, interactions, and practical considerations for sodium bicarbonate.",Supplements,Performance Supplements,pending,,,Foundation,supplement
SUP-091,Carbohydrate Gels,"Evidence, dosing, safety, interactions, and practical considerations for carbohydrate gels.",Supplements,Performance Supplements,pending,,,Foundation,supplement
SUP-092,Sports Drinks,"Evidence, dosing, safety, interactions, and practical considerations for sports drinks.",Supplements,Performance Supplements,pending,,,Foundation,supplement
SUP-093,Electrolyte Powders,"Evidence, dosing, safety, interactions, and practical considerations for electrolyte powders.",Supplements,Performance Supplements,pending,,,Foundation,supplement
SUP-094,Collagen Supplements for Exercise,"Evidence, dosing, safety, interactions, and practical considerations for collagen supplements for exercise.",Supplements,Performance Supplements,pending,,,Foundation,supplement
SUP-095,HMB,"Evidence, dosing, safety, interactions, and practical considerations for hmb.",Supplements,Performance Supplements,pending,,,Foundation,supplement
SUP-096,Citrulline,"Evidence, dosing, safety, interactions, and practical considerations for citrulline.",Supplements,Performance Supplements,pending,,,Foundation,supplement
SUP-097,Arginine,"Evidence, dosing, safety, interactions, and practical considerations for arginine.",Supplements,Performance Supplements,pending,,,Foundation,supplement
SUP-098,Taurine,"Evidence, dosing, safety, interactions, and practical considerations for taurine.",Supplements,Performance Supplements,pending,,,Foundation,supplement
SUP-099,Carnitine,"Evidence, dosing, safety, interactions, and practical considerations for carnitine.",Supplements,Performance Supplements,pending,,,Foundation,supplement
SUP-100,Performance Supplement Safety,"Evidence, dosing, safety, interactions, and practical considerations for performance supplement safety.",Supplements,Performance Supplements,pending,,,Foundation,supplement
SUP-101,Fish Oil Supplements,"Evidence, dosing, safety, interactions, and practical considerations for fish oil supplements.",Supplements,Cardiometabolic Supplements,pending,,,Foundation,supplement
SUP-102,Omega-3 Supplements,"Evidence, dosing, safety, interactions, and practical considerations for omega-3 supplements.",Supplements,Cardiometabolic Supplements,pending,,,Foundation,supplement
SUP-103,Plant Sterols,"Evidence, dosing, safety, interactions, and practical considerations for plant sterols.",Supplements,Cardiometabolic Supplements,pending,,,Foundation,supplement
SUP-104,Soluble Fiber Supplements,"Evidence, dosing, safety, interactions, and practical considerations for soluble fiber supplements.",Supplements,Cardiometabolic Supplements,pending,,,Foundation,supplement
SUP-105,Psyllium,"Evidence, dosing, safety, interactions, and practical considerations for psyllium.",Supplements,Cardiometabolic Supplements,pending,,,Foundation,supplement
SUP-106,Berberine,"Evidence, dosing, safety, interactions, and practical considerations for berberine.",Supplements,Cardiometabolic Supplements,pending,,,Foundation,supplement
SUP-107,Coenzyme Q10,"Evidence, dosing, safety, interactions, and practical considerations for coenzyme q10.",Supplements,Cardiometabolic Supplements,pending,,,Foundation,supplement
SUP-108,Red Yeast Rice,"Evidence, dosing, safety, interactions, and practical considerations for red yeast rice.",Supplements,Cardiometabolic Supplements,pending,,,Foundation,supplement
SUP-109,Garlic Supplements,"Evidence, dosing, safety, interactions, and practical considerations for garlic supplements.",Supplements,Cardiometabolic Supplements,pending,,,Foundation,supplement
SUP-110,Cinnamon Supplements,"Evidence, dosing, safety, interactions, and practical considerations for cinnamon supplements.",Supplements,Cardiometabolic Supplements,pending,,,Foundation,supplement
SUP-111,Fenugreek Supplements,"Evidence, dosing, safety, interactions, and practical considerations for fenugreek supplements.",Supplements,Cardiometabolic Supplements,pending,,,Foundation,supplement
SUP-112,Chromium for Blood Sugar,"Evidence, dosing, safety, interactions, and practical considerations for chromium for blood sugar.",Supplements,Cardiometabolic Supplements,pending,,,Foundation,supplement
SUP-113,Alpha-Lipoic Acid,"Evidence, dosing, safety, interactions, and practical considerations for alpha-lipoic acid.",Supplements,Cardiometabolic Supplements,pending,,,Foundation,supplement
SUP-114,Inositol,"Evidence, dosing, safety, interactions, and practical considerations for inositol.",Supplements,Cardiometabolic Supplements,pending,,,Foundation,supplement
SUP-115,Green Tea Extract,"Evidence, dosing, safety, interactions, and practical considerations for green tea extract.",Supplements,Cardiometabolic Supplements,pending,,,Foundation,supplement
SUP-116,Soluble Corn Fiber,"Evidence, dosing, safety, interactions, and practical considerations for soluble corn fiber.",Supplements,Cardiometabolic Supplements,pending,,,Foundation,supplement
SUP-117,Beta-Glucan Supplements,"Evidence, dosing, safety, interactions, and practical considerations for beta-glucan supplements.",Supplements,Cardiometabolic Supplements,pending,,,Foundation,supplement
SUP-118,Potassium for Blood Pressure,"Evidence, dosing, safety, interactions, and practical considerations for potassium for blood pressure.",Supplements,Cardiometabolic Supplements,pending,,,Foundation,supplement
SUP-119,Magnesium for Blood Pressure,"Evidence, dosing, safety, interactions, and practical considerations for magnesium for blood pressure.",Supplements,Cardiometabolic Supplements,pending,,,Foundation,supplement
SUP-120,Niacin for Cholesterol,"Evidence, dosing, safety, interactions, and practical considerations for niacin for cholesterol.",Supplements,Cardiometabolic Supplements,pending,,,Foundation,supplement
SUP-121,Supplements for Triglycerides,"Evidence, dosing, safety, interactions, and practical considerations for supplements for triglycerides.",Supplements,Cardiometabolic Supplements,pending,,,Foundation,supplement
SUP-122,Supplements for LDL Cholesterol,"Evidence, dosing, safety, interactions, and practical considerations for supplements for ldl cholesterol.",Supplements,Cardiometabolic Supplements,pending,,,Foundation,supplement
SUP-123,Supplements for Blood Sugar,"Evidence, dosing, safety, interactions, and practical considerations for supplements for blood sugar.",Supplements,Cardiometabolic Supplements,pending,,,Foundation,supplement
SUP-124,Supplements for Weight Loss,"Evidence, dosing, safety, interactions, and practical considerations for supplements for weight loss.",Supplements,Cardiometabolic Supplements,pending,,,Foundation,supplement
SUP-125,Cardiometabolic Supplement Safety,"Evidence, dosing, safety, interactions, and practical considerations for cardiometabolic supplement safety.",Supplements,Cardiometabolic Supplements,pending,,,Foundation,supplement
SUP-126,Probiotic Supplements,"Evidence, dosing, safety, interactions, and practical considerations for probiotic supplements.",Supplements,Digestive and Gut Supplements,pending,,,Foundation,supplement
SUP-127,Prebiotic Supplements,"Evidence, dosing, safety, interactions, and practical considerations for prebiotic supplements.",Supplements,Digestive and Gut Supplements,pending,,,Foundation,supplement
SUP-128,Synbiotics,"Evidence, dosing, safety, interactions, and practical considerations for synbiotics.",Supplements,Digestive and Gut Supplements,pending,,,Foundation,supplement
SUP-129,Postbiotic Supplements,"Evidence, dosing, safety, interactions, and practical considerations for postbiotic supplements.",Supplements,Digestive and Gut Supplements,pending,,,Foundation,supplement
SUP-130,Fiber Supplements,"Evidence, dosing, safety, interactions, and practical considerations for fiber supplements.",Supplements,Digestive and Gut Supplements,pending,,,Foundation,supplement
SUP-131,Inulin,"Evidence, dosing, safety, interactions, and practical considerations for inulin.",Supplements,Digestive and Gut Supplements,pending,,,Foundation,supplement
SUP-132,Partially Hydrolyzed Guar Gum,"Evidence, dosing, safety, interactions, and practical considerations for partially hydrolyzed guar gum.",Supplements,Digestive and Gut Supplements,pending,,,Foundation,supplement
SUP-133,Methylcellulose,"Evidence, dosing, safety, interactions, and practical considerations for methylcellulose.",Supplements,Digestive and Gut Supplements,pending,,,Foundation,supplement
SUP-134,Wheat Dextrin,"Evidence, dosing, safety, interactions, and practical considerations for wheat dextrin.",Supplements,Digestive and Gut Supplements,pending,,,Foundation,supplement
SUP-135,Digestive Enzymes,"Evidence, dosing, safety, interactions, and practical considerations for digestive enzymes.",Supplements,Digestive and Gut Supplements,pending,,,Foundation,supplement
SUP-136,Lactase Supplements,"Evidence, dosing, safety, interactions, and practical considerations for lactase supplements.",Supplements,Digestive and Gut Supplements,pending,,,Foundation,supplement
SUP-137,Alpha-Galactosidase,"Evidence, dosing, safety, interactions, and practical considerations for alpha-galactosidase.",Supplements,Digestive and Gut Supplements,pending,,,Foundation,supplement
SUP-138,Peppermint Oil,"Evidence, dosing, safety, interactions, and practical considerations for peppermint oil.",Supplements,Digestive and Gut Supplements,pending,,,Foundation,supplement
SUP-139,Ginger Supplements,"Evidence, dosing, safety, interactions, and practical considerations for ginger supplements.",Supplements,Digestive and Gut Supplements,pending,,,Foundation,supplement
SUP-140,Turmeric Supplements,"Evidence, dosing, safety, interactions, and practical considerations for turmeric supplements.",Supplements,Digestive and Gut Supplements,pending,,,Foundation,supplement
SUP-141,Glutamine for Gut Health,"Evidence, dosing, safety, interactions, and practical considerations for glutamine for gut health.",Supplements,Digestive and Gut Supplements,pending,,,Foundation,supplement
SUP-142,Zinc Carnosine,"Evidence, dosing, safety, interactions, and practical considerations for zinc carnosine.",Supplements,Digestive and Gut Supplements,pending,,,Foundation,supplement
SUP-143,Activated Charcoal,"Evidence, dosing, safety, interactions, and practical considerations for activated charcoal.",Supplements,Digestive and Gut Supplements,pending,,,Foundation,supplement
SUP-144,Aloe Vera Supplements,"Evidence, dosing, safety, interactions, and practical considerations for aloe vera supplements.",Supplements,Digestive and Gut Supplements,pending,,,Foundation,supplement
SUP-145,Slippery Elm,"Evidence, dosing, safety, interactions, and practical considerations for slippery elm.",Supplements,Digestive and Gut Supplements,pending,,,Foundation,supplement
SUP-146,Probiotics for Antibiotic-Associated Diarrhea,"Evidence, dosing, safety, interactions, and practical considerations for probiotics for antibiotic-associated diarrhea.",Supplements,Digestive and Gut Supplements,pending,,,Foundation,supplement
SUP-147,Probiotics for IBS,"Evidence, dosing, safety, interactions, and practical considerations for probiotics for ibs.",Supplements,Digestive and Gut Supplements,pending,,,Foundation,supplement
SUP-148,Fiber for Constipation,"Evidence, dosing, safety, interactions, and practical considerations for fiber for constipation.",Supplements,Digestive and Gut Supplements,pending,,,Foundation,supplement
SUP-149,Supplements for Reflux,"Evidence, dosing, safety, interactions, and practical considerations for supplements for reflux.",Supplements,Digestive and Gut Supplements,pending,,,Foundation,supplement
SUP-150,Gut Supplement Safety,"Evidence, dosing, safety, interactions, and practical considerations for gut supplement safety.",Supplements,Digestive and Gut Supplements,pending,,,Foundation,supplement
SUP-151,Melatonin,"Evidence, dosing, safety, interactions, and practical considerations for melatonin.",Supplements,Sleep Stress and Cognition,pending,,,Foundation,supplement
SUP-152,Magnesium for Sleep,"Evidence, dosing, safety, interactions, and practical considerations for magnesium for sleep.",Supplements,Sleep Stress and Cognition,pending,,,Foundation,supplement
SUP-153,Valerian,"Evidence, dosing, safety, interactions, and practical considerations for valerian.",Supplements,Sleep Stress and Cognition,pending,,,Foundation,supplement
SUP-154,L-Theanine,"Evidence, dosing, safety, interactions, and practical considerations for l-theanine.",Supplements,Sleep Stress and Cognition,pending,,,Foundation,supplement
SUP-155,Glycine for Sleep,"Evidence, dosing, safety, interactions, and practical considerations for glycine for sleep.",Supplements,Sleep Stress and Cognition,pending,,,Foundation,supplement
SUP-156,Ashwagandha,"Evidence, dosing, safety, interactions, and practical considerations for ashwagandha.",Supplements,Sleep Stress and Cognition,pending,,,Foundation,supplement
SUP-157,Rhodiola,"Evidence, dosing, safety, interactions, and practical considerations for rhodiola.",Supplements,Sleep Stress and Cognition,pending,,,Foundation,supplement
SUP-158,Chamomile Supplements,"Evidence, dosing, safety, interactions, and practical considerations for chamomile supplements.",Supplements,Sleep Stress and Cognition,pending,,,Foundation,supplement
SUP-159,Lavender Supplements,"Evidence, dosing, safety, interactions, and practical considerations for lavender supplements.",Supplements,Sleep Stress and Cognition,pending,,,Foundation,supplement
SUP-160,Passionflower,"Evidence, dosing, safety, interactions, and practical considerations for passionflower.",Supplements,Sleep Stress and Cognition,pending,,,Foundation,supplement
SUP-161,GABA Supplements,"Evidence, dosing, safety, interactions, and practical considerations for gaba supplements.",Supplements,Sleep Stress and Cognition,pending,,,Foundation,supplement
SUP-162,5-HTP,"Evidence, dosing, safety, interactions, and practical considerations for 5-htp.",Supplements,Sleep Stress and Cognition,pending,,,Foundation,supplement
SUP-163,SAM-e,"Evidence, dosing, safety, interactions, and practical considerations for sam-e.",Supplements,Sleep Stress and Cognition,pending,,,Foundation,supplement
SUP-164,St John's Wort,"Evidence, dosing, safety, interactions, and practical considerations for st john's wort.",Supplements,Sleep Stress and Cognition,pending,,,Foundation,supplement
SUP-165,Omega-3s and Mood,"Evidence, dosing, safety, interactions, and practical considerations for omega-3s and mood.",Supplements,Sleep Stress and Cognition,pending,,,Foundation,supplement
SUP-166,Vitamin D and Mood,"Evidence, dosing, safety, interactions, and practical considerations for vitamin d and mood.",Supplements,Sleep Stress and Cognition,pending,,,Foundation,supplement
SUP-167,B Vitamins and Cognition,"Evidence, dosing, safety, interactions, and practical considerations for b vitamins and cognition.",Supplements,Sleep Stress and Cognition,pending,,,Foundation,supplement
SUP-168,Creatine and Cognition,"Evidence, dosing, safety, interactions, and practical considerations for creatine and cognition.",Supplements,Sleep Stress and Cognition,pending,,,Foundation,supplement
SUP-169,Citicoline,"Evidence, dosing, safety, interactions, and practical considerations for citicoline.",Supplements,Sleep Stress and Cognition,pending,,,Foundation,supplement
SUP-170,Alpha-GPC,"Evidence, dosing, safety, interactions, and practical considerations for alpha-gpc.",Supplements,Sleep Stress and Cognition,pending,,,Foundation,supplement
SUP-171,Phosphatidylserine,"Evidence, dosing, safety, interactions, and practical considerations for phosphatidylserine.",Supplements,Sleep Stress and Cognition,pending,,,Foundation,supplement
SUP-172,Bacopa,"Evidence, dosing, safety, interactions, and practical considerations for bacopa.",Supplements,Sleep Stress and Cognition,pending,,,Foundation,supplement
SUP-173,Ginkgo Biloba,"Evidence, dosing, safety, interactions, and practical considerations for ginkgo biloba.",Supplements,Sleep Stress and Cognition,pending,,,Foundation,supplement
SUP-174,Nootropic Supplements,"Evidence, dosing, safety, interactions, and practical considerations for nootropic supplements.",Supplements,Sleep Stress and Cognition,pending,,,Foundation,supplement
SUP-175,Sleep and Stress Supplement Safety,"Evidence, dosing, safety, interactions, and practical considerations for sleep and stress supplement safety.",Supplements,Sleep Stress and Cognition,pending,,,Foundation,supplement
SUP-176,Collagen Supplements,"Evidence, dosing, safety, interactions, and practical considerations for collagen supplements.",Supplements,Healthy Aging and Specialty Supplements,pending,,,Foundation,supplement
SUP-177,Glucosamine,"Evidence, dosing, safety, interactions, and practical considerations for glucosamine.",Supplements,Healthy Aging and Specialty Supplements,pending,,,Foundation,supplement
SUP-178,Chondroitin,"Evidence, dosing, safety, interactions, and practical considerations for chondroitin.",Supplements,Healthy Aging and Specialty Supplements,pending,,,Foundation,supplement
SUP-179,MSM,"Evidence, dosing, safety, interactions, and practical considerations for msm.",Supplements,Healthy Aging and Specialty Supplements,pending,,,Foundation,supplement
SUP-180,Curcumin,"Evidence, dosing, safety, interactions, and practical considerations for curcumin.",Supplements,Healthy Aging and Specialty Supplements,pending,,,Foundation,supplement
SUP-181,Boswellia,"Evidence, dosing, safety, interactions, and practical considerations for boswellia.",Supplements,Healthy Aging and Specialty Supplements,pending,,,Foundation,supplement
SUP-182,Vitamin D for Bone Health,"Evidence, dosing, safety, interactions, and practical considerations for vitamin d for bone health.",Supplements,Healthy Aging and Specialty Supplements,pending,,,Foundation,supplement
SUP-183,Calcium for Bone Health,"Evidence, dosing, safety, interactions, and practical considerations for calcium for bone health.",Supplements,Healthy Aging and Specialty Supplements,pending,,,Foundation,supplement
SUP-184,Creatine for Older Adults,"Evidence, dosing, safety, interactions, and practical considerations for creatine for older adults.",Supplements,Healthy Aging and Specialty Supplements,pending,,,Foundation,supplement
SUP-185,Protein Supplements for Older Adults,"Evidence, dosing, safety, interactions, and practical considerations for protein supplements for older adults.",Supplements,Healthy Aging and Specialty Supplements,pending,,,Foundation,supplement
SUP-186,CoQ10 for Older Adults,"Evidence, dosing, safety, interactions, and practical considerations for coq10 for older adults.",Supplements,Healthy Aging and Specialty Supplements,pending,,,Foundation,supplement
SUP-187,Resveratrol,"Evidence, dosing, safety, interactions, and practical considerations for resveratrol.",Supplements,Healthy Aging and Specialty Supplements,pending,,,Foundation,supplement
SUP-188,NMN,"Evidence, dosing, safety, interactions, and practical considerations for nmn.",Supplements,Healthy Aging and Specialty Supplements,pending,,,Foundation,supplement
SUP-189,NAD Precursors,"Evidence, dosing, safety, interactions, and practical considerations for nad precursors.",Supplements,Healthy Aging and Specialty Supplements,pending,,,Foundation,supplement
SUP-190,Spermidine,"Evidence, dosing, safety, interactions, and practical considerations for spermidine.",Supplements,Healthy Aging and Specialty Supplements,pending,,,Foundation,supplement
SUP-191,Urolithin A,"Evidence, dosing, safety, interactions, and practical considerations for urolithin a.",Supplements,Healthy Aging and Specialty Supplements,pending,,,Foundation,supplement
SUP-192,Astaxanthin,"Evidence, dosing, safety, interactions, and practical considerations for astaxanthin.",Supplements,Healthy Aging and Specialty Supplements,pending,,,Foundation,supplement
SUP-193,Lutein and Zeaxanthin,"Evidence, dosing, safety, interactions, and practical considerations for lutein and zeaxanthin.",Supplements,Healthy Aging and Specialty Supplements,pending,,,Foundation,supplement
SUP-194,AREDS Eye Supplements,"Evidence, dosing, safety, interactions, and practical considerations for areds eye supplements.",Supplements,Healthy Aging and Specialty Supplements,pending,,,Foundation,supplement
SUP-195,Saw Palmetto,"Evidence, dosing, safety, interactions, and practical considerations for saw palmetto.",Supplements,Healthy Aging and Specialty Supplements,pending,,,Foundation,supplement
SUP-196,Cranberry Supplements,"Evidence, dosing, safety, interactions, and practical considerations for cranberry supplements.",Supplements,Healthy Aging and Specialty Supplements,pending,,,Foundation,supplement
SUP-197,D-Mannose,"Evidence, dosing, safety, interactions, and practical considerations for d-mannose.",Supplements,Healthy Aging and Specialty Supplements,pending,,,Foundation,supplement
SUP-198,Hair Skin and Nail Supplements,"Evidence, dosing, safety, interactions, and practical considerations for hair skin and nail supplements.",Supplements,Healthy Aging and Specialty Supplements,pending,,,Foundation,supplement
SUP-199,Joint Health Supplements,"Evidence, dosing, safety, interactions, and practical considerations for joint health supplements.",Supplements,Healthy Aging and Specialty Supplements,pending,,,Foundation,supplement
SUP-200,Longevity Supplement Claims,"Evidence, dosing, safety, interactions, and practical considerations for longevity supplement claims.",Supplements,Healthy Aging and Specialty Supplements,pending,,,Foundation,supplement
LAB-001,Understanding Laboratory Tests,"What understanding laboratory tests measures, how to interpret it, limitations, and when it is clinically useful.",Laboratory Tests and Biomarkers,Lab Testing Foundations,pending,,,Foundation,laboratory_test
LAB-002,Reference Ranges,"What reference ranges measures, how to interpret it, limitations, and when it is clinically useful.",Laboratory Tests and Biomarkers,Lab Testing Foundations,pending,,,Foundation,laboratory_test
LAB-003,Normal vs Optimal Lab Values,"What normal vs optimal lab values measures, how to interpret it, limitations, and when it is clinically useful.",Laboratory Tests and Biomarkers,Lab Testing Foundations,pending,,,Foundation,laboratory_test
LAB-004,Fasting Before Blood Tests,"What fasting before blood tests measures, how to interpret it, limitations, and when it is clinically useful.",Laboratory Tests and Biomarkers,Lab Testing Foundations,pending,,,Foundation,laboratory_test
LAB-005,Preparing for Blood Tests,"What preparing for blood tests measures, how to interpret it, limitations, and when it is clinically useful.",Laboratory Tests and Biomarkers,Lab Testing Foundations,pending,,,Foundation,laboratory_test
LAB-006,Biological Variation in Lab Results,"What biological variation in lab results measures, how to interpret it, limitations, and when it is clinically useful.",Laboratory Tests and Biomarkers,Lab Testing Foundations,pending,,,Foundation,laboratory_test
LAB-007,Lab Measurement Error,"What lab measurement error measures, how to interpret it, limitations, and when it is clinically useful.",Laboratory Tests and Biomarkers,Lab Testing Foundations,pending,,,Foundation,laboratory_test
LAB-008,False Positive Lab Results,"What false positive lab results measures, how to interpret it, limitations, and when it is clinically useful.",Laboratory Tests and Biomarkers,Lab Testing Foundations,pending,,,Foundation,laboratory_test
LAB-009,False Negative Lab Results,"What false negative lab results measures, how to interpret it, limitations, and when it is clinically useful.",Laboratory Tests and Biomarkers,Lab Testing Foundations,pending,,,Foundation,laboratory_test
LAB-010,Repeat Testing,"What repeat testing measures, how to interpret it, limitations, and when it is clinically useful.",Laboratory Tests and Biomarkers,Lab Testing Foundations,pending,,,Foundation,laboratory_test
LAB-011,Trending Lab Results Over Time,"What trending lab results over time measures, how to interpret it, limitations, and when it is clinically useful.",Laboratory Tests and Biomarkers,Lab Testing Foundations,pending,,,Foundation,laboratory_test
LAB-012,Units in Laboratory Testing,"What units in laboratory testing measures, how to interpret it, limitations, and when it is clinically useful.",Laboratory Tests and Biomarkers,Lab Testing Foundations,pending,,,Foundation,laboratory_test
LAB-013,Age and Lab Values,"What age and lab values measures, how to interpret it, limitations, and when it is clinically useful.",Laboratory Tests and Biomarkers,Lab Testing Foundations,pending,,,Foundation,laboratory_test
LAB-014,Sex and Lab Values,"What sex and lab values measures, how to interpret it, limitations, and when it is clinically useful.",Laboratory Tests and Biomarkers,Lab Testing Foundations,pending,,,Foundation,laboratory_test
LAB-015,Medication Effects on Lab Tests,"What medication effects on lab tests measures, how to interpret it, limitations, and when it is clinically useful.",Laboratory Tests and Biomarkers,Lab Testing Foundations,pending,,,Foundation,laboratory_test
LAB-016,Complete Blood Count,"What complete blood count measures, how to interpret it, limitations, and when it is clinically useful.",Laboratory Tests and Biomarkers,Blood Count and Iron,pending,,,Foundation,laboratory_test
LAB-017,Hemoglobin,"What hemoglobin measures, how to interpret it, limitations, and when it is clinically useful.",Laboratory Tests and Biomarkers,Blood Count and Iron,pending,,,Foundation,laboratory_test
LAB-018,Hematocrit,"What hematocrit measures, how to interpret it, limitations, and when it is clinically useful.",Laboratory Tests and Biomarkers,Blood Count and Iron,pending,,,Foundation,laboratory_test
LAB-019,Red Blood Cell Count,"What red blood cell count measures, how to interpret it, limitations, and when it is clinically useful.",Laboratory Tests and Biomarkers,Blood Count and Iron,pending,,,Foundation,laboratory_test
LAB-020,Mean Corpuscular Volume,"What mean corpuscular volume measures, how to interpret it, limitations, and when it is clinically useful.",Laboratory Tests and Biomarkers,Blood Count and Iron,pending,,,Foundation,laboratory_test
LAB-021,White Blood Cell Count,"What white blood cell count measures, how to interpret it, limitations, and when it is clinically useful.",Laboratory Tests and Biomarkers,Blood Count and Iron,pending,,,Foundation,laboratory_test
LAB-022,Neutrophils,"What neutrophils measures, how to interpret it, limitations, and when it is clinically useful.",Laboratory Tests and Biomarkers,Blood Count and Iron,pending,,,Foundation,laboratory_test
LAB-023,Lymphocytes,"What lymphocytes measures, how to interpret it, limitations, and when it is clinically useful.",Laboratory Tests and Biomarkers,Blood Count and Iron,pending,,,Foundation,laboratory_test
LAB-024,Platelet Count,"What platelet count measures, how to interpret it, limitations, and when it is clinically useful.",Laboratory Tests and Biomarkers,Blood Count and Iron,pending,,,Foundation,laboratory_test
LAB-025,Ferritin,"What ferritin measures, how to interpret it, limitations, and when it is clinically useful.",Laboratory Tests and Biomarkers,Blood Count and Iron,pending,,,Foundation,laboratory_test
LAB-026,Serum Iron,"What serum iron measures, how to interpret it, limitations, and when it is clinically useful.",Laboratory Tests and Biomarkers,Blood Count and Iron,pending,,,Foundation,laboratory_test
LAB-027,Total Iron-Binding Capacity,"What total iron-binding capacity measures, how to interpret it, limitations, and when it is clinically useful.",Laboratory Tests and Biomarkers,Blood Count and Iron,pending,,,Foundation,laboratory_test
LAB-028,Transferrin Saturation,"What transferrin saturation measures, how to interpret it, limitations, and when it is clinically useful.",Laboratory Tests and Biomarkers,Blood Count and Iron,pending,,,Foundation,laboratory_test
LAB-029,Vitamin B12 Test,"What vitamin b12 test measures, how to interpret it, limitations, and when it is clinically useful.",Laboratory Tests and Biomarkers,Blood Count and Iron,pending,,,Foundation,laboratory_test
LAB-030,Folate Test,"What folate test measures, how to interpret it, limitations, and when it is clinically useful.",Laboratory Tests and Biomarkers,Blood Count and Iron,pending,,,Foundation,laboratory_test
LAB-031,Fasting Glucose,"What fasting glucose measures, how to interpret it, limitations, and when it is clinically useful.",Laboratory Tests and Biomarkers,Glucose and Metabolism,pending,,,Foundation,laboratory_test
LAB-032,HbA1c,"What hba1c measures, how to interpret it, limitations, and when it is clinically useful.",Laboratory Tests and Biomarkers,Glucose and Metabolism,pending,,,Foundation,laboratory_test
LAB-033,Oral Glucose Tolerance Test,"What oral glucose tolerance test measures, how to interpret it, limitations, and when it is clinically useful.",Laboratory Tests and Biomarkers,Glucose and Metabolism,pending,,,Foundation,laboratory_test
LAB-034,Random Glucose,"What random glucose measures, how to interpret it, limitations, and when it is clinically useful.",Laboratory Tests and Biomarkers,Glucose and Metabolism,pending,,,Foundation,laboratory_test
LAB-035,Fasting Insulin,"What fasting insulin measures, how to interpret it, limitations, and when it is clinically useful.",Laboratory Tests and Biomarkers,Glucose and Metabolism,pending,,,Foundation,laboratory_test
LAB-036,C-Peptide,"What c-peptide measures, how to interpret it, limitations, and when it is clinically useful.",Laboratory Tests and Biomarkers,Glucose and Metabolism,pending,,,Foundation,laboratory_test
LAB-037,HOMA-IR,"What homa-ir measures, how to interpret it, limitations, and when it is clinically useful.",Laboratory Tests and Biomarkers,Glucose and Metabolism,pending,,,Foundation,laboratory_test
LAB-038,Fructosamine,"What fructosamine measures, how to interpret it, limitations, and when it is clinically useful.",Laboratory Tests and Biomarkers,Glucose and Metabolism,pending,,,Foundation,laboratory_test
LAB-039,Ketones,"What ketones measures, how to interpret it, limitations, and when it is clinically useful.",Laboratory Tests and Biomarkers,Glucose and Metabolism,pending,,,Foundation,laboratory_test
LAB-040,Lactate,"What lactate measures, how to interpret it, limitations, and when it is clinically useful.",Laboratory Tests and Biomarkers,Glucose and Metabolism,pending,,,Foundation,laboratory_test
LAB-041,Uric Acid,"What uric acid measures, how to interpret it, limitations, and when it is clinically useful.",Laboratory Tests and Biomarkers,Glucose and Metabolism,pending,,,Foundation,laboratory_test
LAB-042,Metabolic Panel,"What metabolic panel measures, how to interpret it, limitations, and when it is clinically useful.",Laboratory Tests and Biomarkers,Glucose and Metabolism,pending,,,Foundation,laboratory_test
LAB-043,Anion Gap,"What anion gap measures, how to interpret it, limitations, and when it is clinically useful.",Laboratory Tests and Biomarkers,Glucose and Metabolism,pending,,,Foundation,laboratory_test
LAB-044,Bicarbonate,"What bicarbonate measures, how to interpret it, limitations, and when it is clinically useful.",Laboratory Tests and Biomarkers,Glucose and Metabolism,pending,,,Foundation,laboratory_test
LAB-045,Serum Osmolality,"What serum osmolality measures, how to interpret it, limitations, and when it is clinically useful.",Laboratory Tests and Biomarkers,Glucose and Metabolism,pending,,,Foundation,laboratory_test
LAB-046,Total Cholesterol,"What total cholesterol measures, how to interpret it, limitations, and when it is clinically useful.",Laboratory Tests and Biomarkers,Lipids and Cardiovascular,pending,,,Foundation,laboratory_test
LAB-047,LDL Cholesterol,"What ldl cholesterol measures, how to interpret it, limitations, and when it is clinically useful.",Laboratory Tests and Biomarkers,Lipids and Cardiovascular,pending,,,Foundation,laboratory_test
LAB-048,HDL Cholesterol,"What hdl cholesterol measures, how to interpret it, limitations, and when it is clinically useful.",Laboratory Tests and Biomarkers,Lipids and Cardiovascular,pending,,,Foundation,laboratory_test
LAB-049,Triglycerides,"What triglycerides measures, how to interpret it, limitations, and when it is clinically useful.",Laboratory Tests and Biomarkers,Lipids and Cardiovascular,pending,,,Foundation,laboratory_test
LAB-050,Non-HDL Cholesterol,"What non-hdl cholesterol measures, how to interpret it, limitations, and when it is clinically useful.",Laboratory Tests and Biomarkers,Lipids and Cardiovascular,pending,,,Foundation,laboratory_test
LAB-051,Apolipoprotein B,"What apolipoprotein b measures, how to interpret it, limitations, and when it is clinically useful.",Laboratory Tests and Biomarkers,Lipids and Cardiovascular,pending,,,Foundation,laboratory_test
LAB-052,Lipoprotein(a),"What lipoprotein(a) measures, how to interpret it, limitations, and when it is clinically useful.",Laboratory Tests and Biomarkers,Lipids and Cardiovascular,pending,,,Foundation,laboratory_test
LAB-053,LDL Particle Number,"What ldl particle number measures, how to interpret it, limitations, and when it is clinically useful.",Laboratory Tests and Biomarkers,Lipids and Cardiovascular,pending,,,Foundation,laboratory_test
LAB-054,Small Dense LDL,"What small dense ldl measures, how to interpret it, limitations, and when it is clinically useful.",Laboratory Tests and Biomarkers,Lipids and Cardiovascular,pending,,,Foundation,laboratory_test
LAB-055,High-Sensitivity C-Reactive Protein,"What high-sensitivity c-reactive protein measures, how to interpret it, limitations, and when it is clinically useful.",Laboratory Tests and Biomarkers,Lipids and Cardiovascular,pending,,,Foundation,laboratory_test
LAB-056,Troponin,"What troponin measures, how to interpret it, limitations, and when it is clinically useful.",Laboratory Tests and Biomarkers,Lipids and Cardiovascular,pending,,,Foundation,laboratory_test
LAB-057,BNP and NT-proBNP,"What bnp and nt-probnp measures, how to interpret it, limitations, and when it is clinically useful.",Laboratory Tests and Biomarkers,Lipids and Cardiovascular,pending,,,Foundation,laboratory_test
LAB-058,Homocysteine,"What homocysteine measures, how to interpret it, limitations, and when it is clinically useful.",Laboratory Tests and Biomarkers,Lipids and Cardiovascular,pending,,,Foundation,laboratory_test
LAB-059,Coronary Artery Calcium Score,"What coronary artery calcium score measures, how to interpret it, limitations, and when it is clinically useful.",Laboratory Tests and Biomarkers,Lipids and Cardiovascular,pending,,,Foundation,laboratory_test
LAB-060,Cardiovascular Risk Calculators,"What cardiovascular risk calculators measures, how to interpret it, limitations, and when it is clinically useful.",Laboratory Tests and Biomarkers,Lipids and Cardiovascular,pending,,,Foundation,laboratory_test
LAB-061,ALT,"What alt measures, how to interpret it, limitations, and when it is clinically useful.",Laboratory Tests and Biomarkers,Liver and Kidney,pending,,,Foundation,laboratory_test
LAB-062,AST,"What ast measures, how to interpret it, limitations, and when it is clinically useful.",Laboratory Tests and Biomarkers,Liver and Kidney,pending,,,Foundation,laboratory_test
LAB-063,Alkaline Phosphatase,"What alkaline phosphatase measures, how to interpret it, limitations, and when it is clinically useful.",Laboratory Tests and Biomarkers,Liver and Kidney,pending,,,Foundation,laboratory_test
LAB-064,GGT,"What ggt measures, how to interpret it, limitations, and when it is clinically useful.",Laboratory Tests and Biomarkers,Liver and Kidney,pending,,,Foundation,laboratory_test
LAB-065,Bilirubin,"What bilirubin measures, how to interpret it, limitations, and when it is clinically useful.",Laboratory Tests and Biomarkers,Liver and Kidney,pending,,,Foundation,laboratory_test
LAB-066,Albumin,"What albumin measures, how to interpret it, limitations, and when it is clinically useful.",Laboratory Tests and Biomarkers,Liver and Kidney,pending,,,Foundation,laboratory_test
LAB-067,Total Protein,"What total protein measures, how to interpret it, limitations, and when it is clinically useful.",Laboratory Tests and Biomarkers,Liver and Kidney,pending,,,Foundation,laboratory_test
LAB-068,Creatinine,"What creatinine measures, how to interpret it, limitations, and when it is clinically useful.",Laboratory Tests and Biomarkers,Liver and Kidney,pending,,,Foundation,laboratory_test
LAB-069,Estimated GFR,"What estimated gfr measures, how to interpret it, limitations, and when it is clinically useful.",Laboratory Tests and Biomarkers,Liver and Kidney,pending,,,Foundation,laboratory_test
LAB-070,Blood Urea Nitrogen,"What blood urea nitrogen measures, how to interpret it, limitations, and when it is clinically useful.",Laboratory Tests and Biomarkers,Liver and Kidney,pending,,,Foundation,laboratory_test
LAB-071,Urine Albumin-to-Creatinine Ratio,"What urine albumin-to-creatinine ratio measures, how to interpret it, limitations, and when it is clinically useful.",Laboratory Tests and Biomarkers,Liver and Kidney,pending,,,Foundation,laboratory_test
LAB-072,Urinalysis,"What urinalysis measures, how to interpret it, limitations, and when it is clinically useful.",Laboratory Tests and Biomarkers,Liver and Kidney,pending,,,Foundation,laboratory_test
LAB-073,Urine Protein,"What urine protein measures, how to interpret it, limitations, and when it is clinically useful.",Laboratory Tests and Biomarkers,Liver and Kidney,pending,,,Foundation,laboratory_test
LAB-074,Cystatin C,"What cystatin c measures, how to interpret it, limitations, and when it is clinically useful.",Laboratory Tests and Biomarkers,Liver and Kidney,pending,,,Foundation,laboratory_test
LAB-075,Kidney Function Trends,"What kidney function trends measures, how to interpret it, limitations, and when it is clinically useful.",Laboratory Tests and Biomarkers,Liver and Kidney,pending,,,Foundation,laboratory_test
LAB-076,TSH,"What tsh measures, how to interpret it, limitations, and when it is clinically useful.",Laboratory Tests and Biomarkers,Thyroid and Hormones,pending,,,Foundation,laboratory_test
LAB-077,Free T4,"What free t4 measures, how to interpret it, limitations, and when it is clinically useful.",Laboratory Tests and Biomarkers,Thyroid and Hormones,pending,,,Foundation,laboratory_test
LAB-078,Free T3,"What free t3 measures, how to interpret it, limitations, and when it is clinically useful.",Laboratory Tests and Biomarkers,Thyroid and Hormones,pending,,,Foundation,laboratory_test
LAB-079,Thyroid Peroxidase Antibodies,"What thyroid peroxidase antibodies measures, how to interpret it, limitations, and when it is clinically useful.",Laboratory Tests and Biomarkers,Thyroid and Hormones,pending,,,Foundation,laboratory_test
LAB-080,Thyroglobulin Antibodies,"What thyroglobulin antibodies measures, how to interpret it, limitations, and when it is clinically useful.",Laboratory Tests and Biomarkers,Thyroid and Hormones,pending,,,Foundation,laboratory_test
LAB-081,Cortisol Test,"What cortisol test measures, how to interpret it, limitations, and when it is clinically useful.",Laboratory Tests and Biomarkers,Thyroid and Hormones,pending,,,Foundation,laboratory_test
LAB-082,Testosterone Test,"What testosterone test measures, how to interpret it, limitations, and when it is clinically useful.",Laboratory Tests and Biomarkers,Thyroid and Hormones,pending,,,Foundation,laboratory_test
LAB-083,Free Testosterone,"What free testosterone measures, how to interpret it, limitations, and when it is clinically useful.",Laboratory Tests and Biomarkers,Thyroid and Hormones,pending,,,Foundation,laboratory_test
LAB-084,Estradiol,"What estradiol measures, how to interpret it, limitations, and when it is clinically useful.",Laboratory Tests and Biomarkers,Thyroid and Hormones,pending,,,Foundation,laboratory_test
LAB-085,Progesterone,"What progesterone measures, how to interpret it, limitations, and when it is clinically useful.",Laboratory Tests and Biomarkers,Thyroid and Hormones,pending,,,Foundation,laboratory_test
LAB-086,FSH,"What fsh measures, how to interpret it, limitations, and when it is clinically useful.",Laboratory Tests and Biomarkers,Thyroid and Hormones,pending,,,Foundation,laboratory_test
LAB-087,LH,"What lh measures, how to interpret it, limitations, and when it is clinically useful.",Laboratory Tests and Biomarkers,Thyroid and Hormones,pending,,,Foundation,laboratory_test
LAB-088,Prolactin,"What prolactin measures, how to interpret it, limitations, and when it is clinically useful.",Laboratory Tests and Biomarkers,Thyroid and Hormones,pending,,,Foundation,laboratory_test
LAB-089,DHEA-S,"What dhea-s measures, how to interpret it, limitations, and when it is clinically useful.",Laboratory Tests and Biomarkers,Thyroid and Hormones,pending,,,Foundation,laboratory_test
LAB-090,SHBG,"What shbg measures, how to interpret it, limitations, and when it is clinically useful.",Laboratory Tests and Biomarkers,Thyroid and Hormones,pending,,,Foundation,laboratory_test
LAB-091,25-Hydroxy Vitamin D,"What 25-hydroxy vitamin d measures, how to interpret it, limitations, and when it is clinically useful.",Laboratory Tests and Biomarkers,Vitamins Minerals and Bone,pending,,,Foundation,laboratory_test
LAB-092,Serum Calcium,"What serum calcium measures, how to interpret it, limitations, and when it is clinically useful.",Laboratory Tests and Biomarkers,Vitamins Minerals and Bone,pending,,,Foundation,laboratory_test
LAB-093,Ionized Calcium,"What ionized calcium measures, how to interpret it, limitations, and when it is clinically useful.",Laboratory Tests and Biomarkers,Vitamins Minerals and Bone,pending,,,Foundation,laboratory_test
LAB-094,Parathyroid Hormone,"What parathyroid hormone measures, how to interpret it, limitations, and when it is clinically useful.",Laboratory Tests and Biomarkers,Vitamins Minerals and Bone,pending,,,Foundation,laboratory_test
LAB-095,Magnesium Test,"What magnesium test measures, how to interpret it, limitations, and when it is clinically useful.",Laboratory Tests and Biomarkers,Vitamins Minerals and Bone,pending,,,Foundation,laboratory_test
LAB-096,Phosphate Test,"What phosphate test measures, how to interpret it, limitations, and when it is clinically useful.",Laboratory Tests and Biomarkers,Vitamins Minerals and Bone,pending,,,Foundation,laboratory_test
LAB-097,Zinc Test,"What zinc test measures, how to interpret it, limitations, and when it is clinically useful.",Laboratory Tests and Biomarkers,Vitamins Minerals and Bone,pending,,,Foundation,laboratory_test
LAB-098,Copper Test,"What copper test measures, how to interpret it, limitations, and when it is clinically useful.",Laboratory Tests and Biomarkers,Vitamins Minerals and Bone,pending,,,Foundation,laboratory_test
LAB-099,Selenium Test,"What selenium test measures, how to interpret it, limitations, and when it is clinically useful.",Laboratory Tests and Biomarkers,Vitamins Minerals and Bone,pending,,,Foundation,laboratory_test
LAB-100,Iodine Testing,"What iodine testing measures, how to interpret it, limitations, and when it is clinically useful.",Laboratory Tests and Biomarkers,Vitamins Minerals and Bone,pending,,,Foundation,laboratory_test
LAB-101,Bone Density Scan,"What bone density scan measures, how to interpret it, limitations, and when it is clinically useful.",Laboratory Tests and Biomarkers,Vitamins Minerals and Bone,pending,,,Foundation,laboratory_test
LAB-102,T-Score,"What t-score measures, how to interpret it, limitations, and when it is clinically useful.",Laboratory Tests and Biomarkers,Vitamins Minerals and Bone,pending,,,Foundation,laboratory_test
LAB-103,Z-Score,"What z-score measures, how to interpret it, limitations, and when it is clinically useful.",Laboratory Tests and Biomarkers,Vitamins Minerals and Bone,pending,,,Foundation,laboratory_test
LAB-104,Vitamin A Test,"What vitamin a test measures, how to interpret it, limitations, and when it is clinically useful.",Laboratory Tests and Biomarkers,Vitamins Minerals and Bone,pending,,,Foundation,laboratory_test
LAB-105,Vitamin E Test,"What vitamin e test measures, how to interpret it, limitations, and when it is clinically useful.",Laboratory Tests and Biomarkers,Vitamins Minerals and Bone,pending,,,Foundation,laboratory_test
LAB-106,C-Reactive Protein,"What c-reactive protein measures, how to interpret it, limitations, and when it is clinically useful.",Laboratory Tests and Biomarkers,Inflammation and Immunity,pending,,,Foundation,laboratory_test
LAB-107,Erythrocyte Sedimentation Rate,"What erythrocyte sedimentation rate measures, how to interpret it, limitations, and when it is clinically useful.",Laboratory Tests and Biomarkers,Inflammation and Immunity,pending,,,Foundation,laboratory_test
LAB-108,ANA Test,"What ana test measures, how to interpret it, limitations, and when it is clinically useful.",Laboratory Tests and Biomarkers,Inflammation and Immunity,pending,,,Foundation,laboratory_test
LAB-109,Rheumatoid Factor,"What rheumatoid factor measures, how to interpret it, limitations, and when it is clinically useful.",Laboratory Tests and Biomarkers,Inflammation and Immunity,pending,,,Foundation,laboratory_test
LAB-110,Anti-CCP Antibodies,"What anti-ccp antibodies measures, how to interpret it, limitations, and when it is clinically useful.",Laboratory Tests and Biomarkers,Inflammation and Immunity,pending,,,Foundation,laboratory_test
LAB-111,Immunoglobulin Levels,"What immunoglobulin levels measures, how to interpret it, limitations, and when it is clinically useful.",Laboratory Tests and Biomarkers,Inflammation and Immunity,pending,,,Foundation,laboratory_test
LAB-112,Complement Levels,"What complement levels measures, how to interpret it, limitations, and when it is clinically useful.",Laboratory Tests and Biomarkers,Inflammation and Immunity,pending,,,Foundation,laboratory_test
LAB-113,Celiac Antibody Testing,"What celiac antibody testing measures, how to interpret it, limitations, and when it is clinically useful.",Laboratory Tests and Biomarkers,Inflammation and Immunity,pending,,,Foundation,laboratory_test
LAB-114,Allergy IgE Testing,"What allergy ige testing measures, how to interpret it, limitations, and when it is clinically useful.",Laboratory Tests and Biomarkers,Inflammation and Immunity,pending,,,Foundation,laboratory_test
LAB-115,HIV Testing,"What hiv testing measures, how to interpret it, limitations, and when it is clinically useful.",Laboratory Tests and Biomarkers,Inflammation and Immunity,pending,,,Foundation,laboratory_test
LAB-116,Hepatitis B Testing,"What hepatitis b testing measures, how to interpret it, limitations, and when it is clinically useful.",Laboratory Tests and Biomarkers,Inflammation and Immunity,pending,,,Foundation,laboratory_test
LAB-117,Hepatitis C Testing,"What hepatitis c testing measures, how to interpret it, limitations, and when it is clinically useful.",Laboratory Tests and Biomarkers,Inflammation and Immunity,pending,,,Foundation,laboratory_test
LAB-118,Inflammatory Marker Interpretation,"What inflammatory marker interpretation measures, how to interpret it, limitations, and when it is clinically useful.",Laboratory Tests and Biomarkers,Inflammation and Immunity,pending,,,Foundation,laboratory_test
LAB-119,Autoimmune Test False Positives,"What autoimmune test false positives measures, how to interpret it, limitations, and when it is clinically useful.",Laboratory Tests and Biomarkers,Inflammation and Immunity,pending,,,Foundation,laboratory_test
LAB-120,When Inflammation Tests Are Useful,"What when inflammation tests are useful measures, how to interpret it, limitations, and when it is clinically useful.",Laboratory Tests and Biomarkers,Inflammation and Immunity,pending,,,Foundation,laboratory_test
LAB-121,PSA Test,"What psa test measures, how to interpret it, limitations, and when it is clinically useful.",Laboratory Tests and Biomarkers,Cancer and Screening Biomarkers,pending,,,Foundation,laboratory_test
LAB-122,CA-125,"What ca-125 measures, how to interpret it, limitations, and when it is clinically useful.",Laboratory Tests and Biomarkers,Cancer and Screening Biomarkers,pending,,,Foundation,laboratory_test
LAB-123,CEA,"What cea measures, how to interpret it, limitations, and when it is clinically useful.",Laboratory Tests and Biomarkers,Cancer and Screening Biomarkers,pending,,,Foundation,laboratory_test
LAB-124,AFP,"What afp measures, how to interpret it, limitations, and when it is clinically useful.",Laboratory Tests and Biomarkers,Cancer and Screening Biomarkers,pending,,,Foundation,laboratory_test
LAB-125,CA 19-9,"What ca 19-9 measures, how to interpret it, limitations, and when it is clinically useful.",Laboratory Tests and Biomarkers,Cancer and Screening Biomarkers,pending,,,Foundation,laboratory_test
LAB-126,Cancer Biomarkers Overview,"What cancer biomarkers overview measures, how to interpret it, limitations, and when it is clinically useful.",Laboratory Tests and Biomarkers,Cancer and Screening Biomarkers,pending,,,Foundation,laboratory_test
LAB-127,Tumor Markers and Screening,"What tumor markers and screening measures, how to interpret it, limitations, and when it is clinically useful.",Laboratory Tests and Biomarkers,Cancer and Screening Biomarkers,pending,,,Foundation,laboratory_test
LAB-128,HPV Testing,"What hpv testing measures, how to interpret it, limitations, and when it is clinically useful.",Laboratory Tests and Biomarkers,Cancer and Screening Biomarkers,pending,,,Foundation,laboratory_test
LAB-129,Fecal Immunochemical Test,"What fecal immunochemical test measures, how to interpret it, limitations, and when it is clinically useful.",Laboratory Tests and Biomarkers,Cancer and Screening Biomarkers,pending,,,Foundation,laboratory_test
LAB-130,Cologuard,"What cologuard measures, how to interpret it, limitations, and when it is clinically useful.",Laboratory Tests and Biomarkers,Cancer and Screening Biomarkers,pending,,,Foundation,laboratory_test
LAB-131,Pap Test,"What pap test measures, how to interpret it, limitations, and when it is clinically useful.",Laboratory Tests and Biomarkers,Cancer and Screening Biomarkers,pending,,,Foundation,laboratory_test
LAB-132,Mammography,"What mammography measures, how to interpret it, limitations, and when it is clinically useful.",Laboratory Tests and Biomarkers,Cancer and Screening Biomarkers,pending,,,Foundation,laboratory_test
LAB-133,Low-Dose CT Screening,"What low-dose ct screening measures, how to interpret it, limitations, and when it is clinically useful.",Laboratory Tests and Biomarkers,Cancer and Screening Biomarkers,pending,,,Foundation,laboratory_test
LAB-134,Genetic Cancer Testing,"What genetic cancer testing measures, how to interpret it, limitations, and when it is clinically useful.",Laboratory Tests and Biomarkers,Cancer and Screening Biomarkers,pending,,,Foundation,laboratory_test
LAB-135,Liquid Biopsy Basics,"What liquid biopsy basics measures, how to interpret it, limitations, and when it is clinically useful.",Laboratory Tests and Biomarkers,Cancer and Screening Biomarkers,pending,,,Foundation,laboratory_test
LAB-136,Continuous Glucose Monitoring,"What continuous glucose monitoring measures, how to interpret it, limitations, and when it is clinically useful.",Laboratory Tests and Biomarkers,Advanced and Consumer Testing,pending,,,Foundation,laboratory_test
LAB-137,Home Blood Pressure Monitoring,"What home blood pressure monitoring measures, how to interpret it, limitations, and when it is clinically useful.",Laboratory Tests and Biomarkers,Advanced and Consumer Testing,pending,,,Foundation,laboratory_test
LAB-138,Home Cholesterol Tests,"What home cholesterol tests measures, how to interpret it, limitations, and when it is clinically useful.",Laboratory Tests and Biomarkers,Advanced and Consumer Testing,pending,,,Foundation,laboratory_test
LAB-139,Home HbA1c Tests,"What home hba1c tests measures, how to interpret it, limitations, and when it is clinically useful.",Laboratory Tests and Biomarkers,Advanced and Consumer Testing,pending,,,Foundation,laboratory_test
LAB-140,Home Sleep Tests,"What home sleep tests measures, how to interpret it, limitations, and when it is clinically useful.",Laboratory Tests and Biomarkers,Advanced and Consumer Testing,pending,,,Foundation,laboratory_test
LAB-141,Genetic Testing,"What genetic testing measures, how to interpret it, limitations, and when it is clinically useful.",Laboratory Tests and Biomarkers,Advanced and Consumer Testing,pending,,,Foundation,laboratory_test
LAB-142,Direct-to-Consumer Genetic Tests,"What direct-to-consumer genetic tests measures, how to interpret it, limitations, and when it is clinically useful.",Laboratory Tests and Biomarkers,Advanced and Consumer Testing,pending,,,Foundation,laboratory_test
LAB-143,Microbiome Tests,"What microbiome tests measures, how to interpret it, limitations, and when it is clinically useful.",Laboratory Tests and Biomarkers,Advanced and Consumer Testing,pending,,,Foundation,laboratory_test
LAB-144,Food Sensitivity Tests,"What food sensitivity tests measures, how to interpret it, limitations, and when it is clinically useful.",Laboratory Tests and Biomarkers,Advanced and Consumer Testing,pending,,,Foundation,laboratory_test
LAB-145,Biological Age Tests,"What biological age tests measures, how to interpret it, limitations, and when it is clinically useful.",Laboratory Tests and Biomarkers,Advanced and Consumer Testing,pending,,,Foundation,laboratory_test
LAB-146,Telomere Tests,"What telomere tests measures, how to interpret it, limitations, and when it is clinically useful.",Laboratory Tests and Biomarkers,Advanced and Consumer Testing,pending,,,Foundation,laboratory_test
LAB-147,Hormone Panels,"What hormone panels measures, how to interpret it, limitations, and when it is clinically useful.",Laboratory Tests and Biomarkers,Advanced and Consumer Testing,pending,,,Foundation,laboratory_test
LAB-148,Wellness Lab Panels,"What wellness lab panels measures, how to interpret it, limitations, and when it is clinically useful.",Laboratory Tests and Biomarkers,Advanced and Consumer Testing,pending,,,Foundation,laboratory_test
LAB-149,When More Testing Is Not Better,"What when more testing is not better measures, how to interpret it, limitations, and when it is clinically useful.",Laboratory Tests and Biomarkers,Advanced and Consumer Testing,pending,,,Foundation,laboratory_test
LAB-150,Building a Personal Lab Monitoring Plan,"What building a personal lab monitoring plan measures, how to interpret it, limitations, and when it is clinically useful.",Laboratory Tests and Biomarkers,Advanced and Consumer Testing,pending,,,Foundation,laboratory_test
MED-001,How Medicines Work,"Uses, mechanisms, benefits, side effects, interactions, monitoring, and safety related to how medicines work.",Medications,Medication Foundations,pending,,,Foundation,medication
MED-002,Prescription vs Over-the-Counter Medicines,"Uses, mechanisms, benefits, side effects, interactions, monitoring, and safety related to prescription vs over-the-counter medicines.",Medications,Medication Foundations,pending,,,Foundation,medication
MED-003,Generic vs Brand-Name Medicines,"Uses, mechanisms, benefits, side effects, interactions, monitoring, and safety related to generic vs brand-name medicines.",Medications,Medication Foundations,pending,,,Foundation,medication
MED-004,Medication Dosing,"Uses, mechanisms, benefits, side effects, interactions, monitoring, and safety related to medication dosing.",Medications,Medication Foundations,pending,,,Foundation,medication
MED-005,Medication Timing,"Uses, mechanisms, benefits, side effects, interactions, monitoring, and safety related to medication timing.",Medications,Medication Foundations,pending,,,Foundation,medication
MED-006,Taking Medicines With Food,"Uses, mechanisms, benefits, side effects, interactions, monitoring, and safety related to taking medicines with food.",Medications,Medication Foundations,pending,,,Foundation,medication
MED-007,Medication Adherence,"Uses, mechanisms, benefits, side effects, interactions, monitoring, and safety related to medication adherence.",Medications,Medication Foundations,pending,,,Foundation,medication
MED-008,Missed Doses,"Uses, mechanisms, benefits, side effects, interactions, monitoring, and safety related to missed doses.",Medications,Medication Foundations,pending,,,Foundation,medication
MED-009,Medication Side Effects,"Uses, mechanisms, benefits, side effects, interactions, monitoring, and safety related to medication side effects.",Medications,Medication Foundations,pending,,,Foundation,medication
MED-010,Drug Allergies,"Uses, mechanisms, benefits, side effects, interactions, monitoring, and safety related to drug allergies.",Medications,Medication Foundations,pending,,,Foundation,medication
MED-011,Drug Interactions,"Uses, mechanisms, benefits, side effects, interactions, monitoring, and safety related to drug interactions.",Medications,Medication Foundations,pending,,,Foundation,medication
MED-012,Medication-Supplement Interactions,"Uses, mechanisms, benefits, side effects, interactions, monitoring, and safety related to medication-supplement interactions.",Medications,Medication Foundations,pending,,,Foundation,medication
MED-013,Medication and Alcohol Interactions,"Uses, mechanisms, benefits, side effects, interactions, monitoring, and safety related to medication and alcohol interactions.",Medications,Medication Foundations,pending,,,Foundation,medication
MED-014,Medication Storage,"Uses, mechanisms, benefits, side effects, interactions, monitoring, and safety related to medication storage.",Medications,Medication Foundations,pending,,,Foundation,medication
MED-015,Medication Disposal,"Uses, mechanisms, benefits, side effects, interactions, monitoring, and safety related to medication disposal.",Medications,Medication Foundations,pending,,,Foundation,medication
MED-016,ACE Inhibitors,"Uses, mechanisms, benefits, side effects, interactions, monitoring, and safety related to ace inhibitors.",Medications,Blood Pressure Medicines,pending,,,Foundation,medication
MED-017,ARBs,"Uses, mechanisms, benefits, side effects, interactions, monitoring, and safety related to arbs.",Medications,Blood Pressure Medicines,pending,,,Foundation,medication
MED-018,Thiazide Diuretics,"Uses, mechanisms, benefits, side effects, interactions, monitoring, and safety related to thiazide diuretics.",Medications,Blood Pressure Medicines,pending,,,Foundation,medication
MED-019,Calcium Channel Blockers,"Uses, mechanisms, benefits, side effects, interactions, monitoring, and safety related to calcium channel blockers.",Medications,Blood Pressure Medicines,pending,,,Foundation,medication
MED-020,Beta Blockers,"Uses, mechanisms, benefits, side effects, interactions, monitoring, and safety related to beta blockers.",Medications,Blood Pressure Medicines,pending,,,Foundation,medication
MED-021,Loop Diuretics,"Uses, mechanisms, benefits, side effects, interactions, monitoring, and safety related to loop diuretics.",Medications,Blood Pressure Medicines,pending,,,Foundation,medication
MED-022,Potassium-Sparing Diuretics,"Uses, mechanisms, benefits, side effects, interactions, monitoring, and safety related to potassium-sparing diuretics.",Medications,Blood Pressure Medicines,pending,,,Foundation,medication
MED-023,Alpha Blockers,"Uses, mechanisms, benefits, side effects, interactions, monitoring, and safety related to alpha blockers.",Medications,Blood Pressure Medicines,pending,,,Foundation,medication
MED-024,Central Alpha Agonists,"Uses, mechanisms, benefits, side effects, interactions, monitoring, and safety related to central alpha agonists.",Medications,Blood Pressure Medicines,pending,,,Foundation,medication
MED-025,Direct Vasodilators,"Uses, mechanisms, benefits, side effects, interactions, monitoring, and safety related to direct vasodilators.",Medications,Blood Pressure Medicines,pending,,,Foundation,medication
MED-026,Combination Blood Pressure Medicines,"Uses, mechanisms, benefits, side effects, interactions, monitoring, and safety related to combination blood pressure medicines.",Medications,Blood Pressure Medicines,pending,,,Foundation,medication
MED-027,Blood Pressure Medicine Side Effects,"Uses, mechanisms, benefits, side effects, interactions, monitoring, and safety related to blood pressure medicine side effects.",Medications,Blood Pressure Medicines,pending,,,Foundation,medication
MED-028,Monitoring Blood Pressure Medicines,"Uses, mechanisms, benefits, side effects, interactions, monitoring, and safety related to monitoring blood pressure medicines.",Medications,Blood Pressure Medicines,pending,,,Foundation,medication
MED-029,Electrolytes and Blood Pressure Medicines,"Uses, mechanisms, benefits, side effects, interactions, monitoring, and safety related to electrolytes and blood pressure medicines.",Medications,Blood Pressure Medicines,pending,,,Foundation,medication
MED-030,Stopping Blood Pressure Medicines Safely,"Uses, mechanisms, benefits, side effects, interactions, monitoring, and safety related to stopping blood pressure medicines safely.",Medications,Blood Pressure Medicines,pending,,,Foundation,medication
MED-031,Statins,"Uses, mechanisms, benefits, side effects, interactions, monitoring, and safety related to statins.",Medications,Cholesterol and Heart Medicines,pending,,,Foundation,medication
MED-032,Ezetimibe,"Uses, mechanisms, benefits, side effects, interactions, monitoring, and safety related to ezetimibe.",Medications,Cholesterol and Heart Medicines,pending,,,Foundation,medication
MED-033,PCSK9 Inhibitors,"Uses, mechanisms, benefits, side effects, interactions, monitoring, and safety related to pcsk9 inhibitors.",Medications,Cholesterol and Heart Medicines,pending,,,Foundation,medication
MED-034,Bempedoic Acid,"Uses, mechanisms, benefits, side effects, interactions, monitoring, and safety related to bempedoic acid.",Medications,Cholesterol and Heart Medicines,pending,,,Foundation,medication
MED-035,Fibrates,"Uses, mechanisms, benefits, side effects, interactions, monitoring, and safety related to fibrates.",Medications,Cholesterol and Heart Medicines,pending,,,Foundation,medication
MED-036,Prescription Omega-3 Medicines,"Uses, mechanisms, benefits, side effects, interactions, monitoring, and safety related to prescription omega-3 medicines.",Medications,Cholesterol and Heart Medicines,pending,,,Foundation,medication
MED-037,Niacin as Medicine,"Uses, mechanisms, benefits, side effects, interactions, monitoring, and safety related to niacin as medicine.",Medications,Cholesterol and Heart Medicines,pending,,,Foundation,medication
MED-038,Aspirin for Cardiovascular Prevention,"Uses, mechanisms, benefits, side effects, interactions, monitoring, and safety related to aspirin for cardiovascular prevention.",Medications,Cholesterol and Heart Medicines,pending,,,Foundation,medication
MED-039,Antiplatelet Medicines,"Uses, mechanisms, benefits, side effects, interactions, monitoring, and safety related to antiplatelet medicines.",Medications,Cholesterol and Heart Medicines,pending,,,Foundation,medication
MED-040,Anticoagulants,"Uses, mechanisms, benefits, side effects, interactions, monitoring, and safety related to anticoagulants.",Medications,Cholesterol and Heart Medicines,pending,,,Foundation,medication
MED-041,Warfarin,"Uses, mechanisms, benefits, side effects, interactions, monitoring, and safety related to warfarin.",Medications,Cholesterol and Heart Medicines,pending,,,Foundation,medication
MED-042,Direct Oral Anticoagulants,"Uses, mechanisms, benefits, side effects, interactions, monitoring, and safety related to direct oral anticoagulants.",Medications,Cholesterol and Heart Medicines,pending,,,Foundation,medication
MED-043,Nitrates,"Uses, mechanisms, benefits, side effects, interactions, monitoring, and safety related to nitrates.",Medications,Cholesterol and Heart Medicines,pending,,,Foundation,medication
MED-044,Antiarrhythmic Medicines,"Uses, mechanisms, benefits, side effects, interactions, monitoring, and safety related to antiarrhythmic medicines.",Medications,Cholesterol and Heart Medicines,pending,,,Foundation,medication
MED-045,Heart Failure Medicines,"Uses, mechanisms, benefits, side effects, interactions, monitoring, and safety related to heart failure medicines.",Medications,Cholesterol and Heart Medicines,pending,,,Foundation,medication
MED-046,Metformin,"Uses, mechanisms, benefits, side effects, interactions, monitoring, and safety related to metformin.",Medications,Diabetes and Weight Medicines,pending,,,Foundation,medication
MED-047,Sulfonylureas,"Uses, mechanisms, benefits, side effects, interactions, monitoring, and safety related to sulfonylureas.",Medications,Diabetes and Weight Medicines,pending,,,Foundation,medication
MED-048,DPP-4 Inhibitors,"Uses, mechanisms, benefits, side effects, interactions, monitoring, and safety related to dpp-4 inhibitors.",Medications,Diabetes and Weight Medicines,pending,,,Foundation,medication
MED-049,SGLT2 Inhibitors,"Uses, mechanisms, benefits, side effects, interactions, monitoring, and safety related to sglt2 inhibitors.",Medications,Diabetes and Weight Medicines,pending,,,Foundation,medication
MED-050,GLP-1 Receptor Agonists,"Uses, mechanisms, benefits, side effects, interactions, monitoring, and safety related to glp-1 receptor agonists.",Medications,Diabetes and Weight Medicines,pending,,,Foundation,medication
MED-051,Dual GIP GLP-1 Medicines,"Uses, mechanisms, benefits, side effects, interactions, monitoring, and safety related to dual gip glp-1 medicines.",Medications,Diabetes and Weight Medicines,pending,,,Foundation,medication
MED-052,Insulin,"Uses, mechanisms, benefits, side effects, interactions, monitoring, and safety related to insulin.",Medications,Diabetes and Weight Medicines,pending,,,Foundation,medication
MED-053,Basal Insulin,"Uses, mechanisms, benefits, side effects, interactions, monitoring, and safety related to basal insulin.",Medications,Diabetes and Weight Medicines,pending,,,Foundation,medication
MED-054,Mealtime Insulin,"Uses, mechanisms, benefits, side effects, interactions, monitoring, and safety related to mealtime insulin.",Medications,Diabetes and Weight Medicines,pending,,,Foundation,medication
MED-055,Thiazolidinediones,"Uses, mechanisms, benefits, side effects, interactions, monitoring, and safety related to thiazolidinediones.",Medications,Diabetes and Weight Medicines,pending,,,Foundation,medication
MED-056,Alpha-Glucosidase Inhibitors,"Uses, mechanisms, benefits, side effects, interactions, monitoring, and safety related to alpha-glucosidase inhibitors.",Medications,Diabetes and Weight Medicines,pending,,,Foundation,medication
MED-057,Weight-Loss Medicines,"Uses, mechanisms, benefits, side effects, interactions, monitoring, and safety related to weight-loss medicines.",Medications,Diabetes and Weight Medicines,pending,,,Foundation,medication
MED-058,Semaglutide,"Uses, mechanisms, benefits, side effects, interactions, monitoring, and safety related to semaglutide.",Medications,Diabetes and Weight Medicines,pending,,,Foundation,medication
MED-059,Tirzepatide,"Uses, mechanisms, benefits, side effects, interactions, monitoring, and safety related to tirzepatide.",Medications,Diabetes and Weight Medicines,pending,,,Foundation,medication
MED-060,Diabetes Medicine Safety,"Uses, mechanisms, benefits, side effects, interactions, monitoring, and safety related to diabetes medicine safety.",Medications,Diabetes and Weight Medicines,pending,,,Foundation,medication
MED-061,Acetaminophen,"Uses, mechanisms, benefits, side effects, interactions, monitoring, and safety related to acetaminophen.",Medications,Pain and Inflammation Medicines,pending,,,Foundation,medication
MED-062,NSAIDs,"Uses, mechanisms, benefits, side effects, interactions, monitoring, and safety related to nsaids.",Medications,Pain and Inflammation Medicines,pending,,,Foundation,medication
MED-063,Ibuprofen,"Uses, mechanisms, benefits, side effects, interactions, monitoring, and safety related to ibuprofen.",Medications,Pain and Inflammation Medicines,pending,,,Foundation,medication
MED-064,Naproxen,"Uses, mechanisms, benefits, side effects, interactions, monitoring, and safety related to naproxen.",Medications,Pain and Inflammation Medicines,pending,,,Foundation,medication
MED-065,Topical NSAIDs,"Uses, mechanisms, benefits, side effects, interactions, monitoring, and safety related to topical nsaids.",Medications,Pain and Inflammation Medicines,pending,,,Foundation,medication
MED-066,Aspirin for Pain,"Uses, mechanisms, benefits, side effects, interactions, monitoring, and safety related to aspirin for pain.",Medications,Pain and Inflammation Medicines,pending,,,Foundation,medication
MED-067,Opioid Medicines,"Uses, mechanisms, benefits, side effects, interactions, monitoring, and safety related to opioid medicines.",Medications,Pain and Inflammation Medicines,pending,,,Foundation,medication
MED-068,Tramadol,"Uses, mechanisms, benefits, side effects, interactions, monitoring, and safety related to tramadol.",Medications,Pain and Inflammation Medicines,pending,,,Foundation,medication
MED-069,Muscle Relaxants,"Uses, mechanisms, benefits, side effects, interactions, monitoring, and safety related to muscle relaxants.",Medications,Pain and Inflammation Medicines,pending,,,Foundation,medication
MED-070,Gabapentin,"Uses, mechanisms, benefits, side effects, interactions, monitoring, and safety related to gabapentin.",Medications,Pain and Inflammation Medicines,pending,,,Foundation,medication
MED-071,Pregabalin,"Uses, mechanisms, benefits, side effects, interactions, monitoring, and safety related to pregabalin.",Medications,Pain and Inflammation Medicines,pending,,,Foundation,medication
MED-072,Topical Pain Medicines,"Uses, mechanisms, benefits, side effects, interactions, monitoring, and safety related to topical pain medicines.",Medications,Pain and Inflammation Medicines,pending,,,Foundation,medication
MED-073,Corticosteroids,"Uses, mechanisms, benefits, side effects, interactions, monitoring, and safety related to corticosteroids.",Medications,Pain and Inflammation Medicines,pending,,,Foundation,medication
MED-074,Steroid Injections,"Uses, mechanisms, benefits, side effects, interactions, monitoring, and safety related to steroid injections.",Medications,Pain and Inflammation Medicines,pending,,,Foundation,medication
MED-075,Pain Medicine Safety,"Uses, mechanisms, benefits, side effects, interactions, monitoring, and safety related to pain medicine safety.",Medications,Pain and Inflammation Medicines,pending,,,Foundation,medication
MED-076,Sleep Medicines,"Uses, mechanisms, benefits, side effects, interactions, monitoring, and safety related to sleep medicines.",Medications,Sleep and Mental Health Medicines,pending,,,Foundation,medication
MED-077,Benzodiazepines,"Uses, mechanisms, benefits, side effects, interactions, monitoring, and safety related to benzodiazepines.",Medications,Sleep and Mental Health Medicines,pending,,,Foundation,medication
MED-078,Z-Drugs,"Uses, mechanisms, benefits, side effects, interactions, monitoring, and safety related to z-drugs.",Medications,Sleep and Mental Health Medicines,pending,,,Foundation,medication
MED-079,Sedating Antidepressants,"Uses, mechanisms, benefits, side effects, interactions, monitoring, and safety related to sedating antidepressants.",Medications,Sleep and Mental Health Medicines,pending,,,Foundation,medication
MED-080,Melatonin Receptor Agonists,"Uses, mechanisms, benefits, side effects, interactions, monitoring, and safety related to melatonin receptor agonists.",Medications,Sleep and Mental Health Medicines,pending,,,Foundation,medication
MED-081,Orexin Antagonists,"Uses, mechanisms, benefits, side effects, interactions, monitoring, and safety related to orexin antagonists.",Medications,Sleep and Mental Health Medicines,pending,,,Foundation,medication
MED-082,SSRIs,"Uses, mechanisms, benefits, side effects, interactions, monitoring, and safety related to ssris.",Medications,Sleep and Mental Health Medicines,pending,,,Foundation,medication
MED-083,SNRIs,"Uses, mechanisms, benefits, side effects, interactions, monitoring, and safety related to snris.",Medications,Sleep and Mental Health Medicines,pending,,,Foundation,medication
MED-084,Tricyclic Antidepressants,"Uses, mechanisms, benefits, side effects, interactions, monitoring, and safety related to tricyclic antidepressants.",Medications,Sleep and Mental Health Medicines,pending,,,Foundation,medication
MED-085,Bupropion,"Uses, mechanisms, benefits, side effects, interactions, monitoring, and safety related to bupropion.",Medications,Sleep and Mental Health Medicines,pending,,,Foundation,medication
MED-086,Buspirone,"Uses, mechanisms, benefits, side effects, interactions, monitoring, and safety related to buspirone.",Medications,Sleep and Mental Health Medicines,pending,,,Foundation,medication
MED-087,Antipsychotic Medicines,"Uses, mechanisms, benefits, side effects, interactions, monitoring, and safety related to antipsychotic medicines.",Medications,Sleep and Mental Health Medicines,pending,,,Foundation,medication
MED-088,Mood Stabilizers,"Uses, mechanisms, benefits, side effects, interactions, monitoring, and safety related to mood stabilizers.",Medications,Sleep and Mental Health Medicines,pending,,,Foundation,medication
MED-089,ADHD Medicines,"Uses, mechanisms, benefits, side effects, interactions, monitoring, and safety related to adhd medicines.",Medications,Sleep and Mental Health Medicines,pending,,,Foundation,medication
MED-090,Mental Health Medicine Safety,"Uses, mechanisms, benefits, side effects, interactions, monitoring, and safety related to mental health medicine safety.",Medications,Sleep and Mental Health Medicines,pending,,,Foundation,medication
MED-091,Proton Pump Inhibitors,"Uses, mechanisms, benefits, side effects, interactions, monitoring, and safety related to proton pump inhibitors.",Medications,Digestive and Respiratory Medicines,pending,,,Foundation,medication
MED-092,H2 Blockers,"Uses, mechanisms, benefits, side effects, interactions, monitoring, and safety related to h2 blockers.",Medications,Digestive and Respiratory Medicines,pending,,,Foundation,medication
MED-093,Antacids,"Uses, mechanisms, benefits, side effects, interactions, monitoring, and safety related to antacids.",Medications,Digestive and Respiratory Medicines,pending,,,Foundation,medication
MED-094,Laxatives,"Uses, mechanisms, benefits, side effects, interactions, monitoring, and safety related to laxatives.",Medications,Digestive and Respiratory Medicines,pending,,,Foundation,medication
MED-095,Osmotic Laxatives,"Uses, mechanisms, benefits, side effects, interactions, monitoring, and safety related to osmotic laxatives.",Medications,Digestive and Respiratory Medicines,pending,,,Foundation,medication
MED-096,Stimulant Laxatives,"Uses, mechanisms, benefits, side effects, interactions, monitoring, and safety related to stimulant laxatives.",Medications,Digestive and Respiratory Medicines,pending,,,Foundation,medication
MED-097,Antidiarrheal Medicines,"Uses, mechanisms, benefits, side effects, interactions, monitoring, and safety related to antidiarrheal medicines.",Medications,Digestive and Respiratory Medicines,pending,,,Foundation,medication
MED-098,Antihistamines,"Uses, mechanisms, benefits, side effects, interactions, monitoring, and safety related to antihistamines.",Medications,Digestive and Respiratory Medicines,pending,,,Foundation,medication
MED-099,Inhaled Bronchodilators,"Uses, mechanisms, benefits, side effects, interactions, monitoring, and safety related to inhaled bronchodilators.",Medications,Digestive and Respiratory Medicines,pending,,,Foundation,medication
MED-100,Inhaled Corticosteroids,"Uses, mechanisms, benefits, side effects, interactions, monitoring, and safety related to inhaled corticosteroids.",Medications,Digestive and Respiratory Medicines,pending,,,Foundation,medication
MED-101,Asthma Controller Medicines,"Uses, mechanisms, benefits, side effects, interactions, monitoring, and safety related to asthma controller medicines.",Medications,Digestive and Respiratory Medicines,pending,,,Foundation,medication
MED-102,Nasal Steroid Sprays,"Uses, mechanisms, benefits, side effects, interactions, monitoring, and safety related to nasal steroid sprays.",Medications,Digestive and Respiratory Medicines,pending,,,Foundation,medication
MED-103,Decongestants,"Uses, mechanisms, benefits, side effects, interactions, monitoring, and safety related to decongestants.",Medications,Digestive and Respiratory Medicines,pending,,,Foundation,medication
MED-104,Cough Medicines,"Uses, mechanisms, benefits, side effects, interactions, monitoring, and safety related to cough medicines.",Medications,Digestive and Respiratory Medicines,pending,,,Foundation,medication
MED-105,Digestive and Respiratory Medicine Safety,"Uses, mechanisms, benefits, side effects, interactions, monitoring, and safety related to digestive and respiratory medicine safety.",Medications,Digestive and Respiratory Medicines,pending,,,Foundation,medication
MED-106,Thyroid Hormone Replacement,"Uses, mechanisms, benefits, side effects, interactions, monitoring, and safety related to thyroid hormone replacement.",Medications,Hormone and Bone Medicines,pending,,,Foundation,medication
MED-107,Antithyroid Medicines,"Uses, mechanisms, benefits, side effects, interactions, monitoring, and safety related to antithyroid medicines.",Medications,Hormone and Bone Medicines,pending,,,Foundation,medication
MED-108,Menopause Hormone Therapy,"Uses, mechanisms, benefits, side effects, interactions, monitoring, and safety related to menopause hormone therapy.",Medications,Hormone and Bone Medicines,pending,,,Foundation,medication
MED-109,Testosterone Replacement Therapy,"Uses, mechanisms, benefits, side effects, interactions, monitoring, and safety related to testosterone replacement therapy.",Medications,Hormone and Bone Medicines,pending,,,Foundation,medication
MED-110,Oral Contraceptives,"Uses, mechanisms, benefits, side effects, interactions, monitoring, and safety related to oral contraceptives.",Medications,Hormone and Bone Medicines,pending,,,Foundation,medication
MED-111,Progestin-Only Contraceptives,"Uses, mechanisms, benefits, side effects, interactions, monitoring, and safety related to progestin-only contraceptives.",Medications,Hormone and Bone Medicines,pending,,,Foundation,medication
MED-112,Bisphosphonates,"Uses, mechanisms, benefits, side effects, interactions, monitoring, and safety related to bisphosphonates.",Medications,Hormone and Bone Medicines,pending,,,Foundation,medication
MED-113,Denosumab,"Uses, mechanisms, benefits, side effects, interactions, monitoring, and safety related to denosumab.",Medications,Hormone and Bone Medicines,pending,,,Foundation,medication
MED-114,SERMs,"Uses, mechanisms, benefits, side effects, interactions, monitoring, and safety related to serms.",Medications,Hormone and Bone Medicines,pending,,,Foundation,medication
MED-115,Parathyroid Hormone Analogues,"Uses, mechanisms, benefits, side effects, interactions, monitoring, and safety related to parathyroid hormone analogues.",Medications,Hormone and Bone Medicines,pending,,,Foundation,medication
MED-116,Vitamin D as Medicine,"Uses, mechanisms, benefits, side effects, interactions, monitoring, and safety related to vitamin d as medicine.",Medications,Hormone and Bone Medicines,pending,,,Foundation,medication
MED-117,Calcium Therapy,"Uses, mechanisms, benefits, side effects, interactions, monitoring, and safety related to calcium therapy.",Medications,Hormone and Bone Medicines,pending,,,Foundation,medication
MED-118,Glucocorticoid Risks to Bone,"Uses, mechanisms, benefits, side effects, interactions, monitoring, and safety related to glucocorticoid risks to bone.",Medications,Hormone and Bone Medicines,pending,,,Foundation,medication
MED-119,Hormone Medicine Monitoring,"Uses, mechanisms, benefits, side effects, interactions, monitoring, and safety related to hormone medicine monitoring.",Medications,Hormone and Bone Medicines,pending,,,Foundation,medication
MED-120,Bone Medicine Safety,"Uses, mechanisms, benefits, side effects, interactions, monitoring, and safety related to bone medicine safety.",Medications,Hormone and Bone Medicines,pending,,,Foundation,medication
MED-121,Antibiotics,"Uses, mechanisms, benefits, side effects, interactions, monitoring, and safety related to antibiotics.",Medications,Anti-Infective Medicines,pending,,,Foundation,medication
MED-122,Penicillins,"Uses, mechanisms, benefits, side effects, interactions, monitoring, and safety related to penicillins.",Medications,Anti-Infective Medicines,pending,,,Foundation,medication
MED-123,Cephalosporins,"Uses, mechanisms, benefits, side effects, interactions, monitoring, and safety related to cephalosporins.",Medications,Anti-Infective Medicines,pending,,,Foundation,medication
MED-124,Macrolides,"Uses, mechanisms, benefits, side effects, interactions, monitoring, and safety related to macrolides.",Medications,Anti-Infective Medicines,pending,,,Foundation,medication
MED-125,Fluoroquinolones,"Uses, mechanisms, benefits, side effects, interactions, monitoring, and safety related to fluoroquinolones.",Medications,Anti-Infective Medicines,pending,,,Foundation,medication
MED-126,Tetracyclines,"Uses, mechanisms, benefits, side effects, interactions, monitoring, and safety related to tetracyclines.",Medications,Anti-Infective Medicines,pending,,,Foundation,medication
MED-127,Antiviral Medicines,"Uses, mechanisms, benefits, side effects, interactions, monitoring, and safety related to antiviral medicines.",Medications,Anti-Infective Medicines,pending,,,Foundation,medication
MED-128,Antifungal Medicines,"Uses, mechanisms, benefits, side effects, interactions, monitoring, and safety related to antifungal medicines.",Medications,Anti-Infective Medicines,pending,,,Foundation,medication
MED-129,Antiparasitic Medicines,"Uses, mechanisms, benefits, side effects, interactions, monitoring, and safety related to antiparasitic medicines.",Medications,Anti-Infective Medicines,pending,,,Foundation,medication
MED-130,Antibiotic Resistance,"Uses, mechanisms, benefits, side effects, interactions, monitoring, and safety related to antibiotic resistance.",Medications,Anti-Infective Medicines,pending,,,Foundation,medication
MED-131,Finishing an Antibiotic Course,"Uses, mechanisms, benefits, side effects, interactions, monitoring, and safety related to finishing an antibiotic course.",Medications,Anti-Infective Medicines,pending,,,Foundation,medication
MED-132,Probiotics With Antibiotics,"Uses, mechanisms, benefits, side effects, interactions, monitoring, and safety related to probiotics with antibiotics.",Medications,Anti-Infective Medicines,pending,,,Foundation,medication
MED-133,Antibiotic Side Effects,"Uses, mechanisms, benefits, side effects, interactions, monitoring, and safety related to antibiotic side effects.",Medications,Anti-Infective Medicines,pending,,,Foundation,medication
MED-134,Drug Allergies and Antibiotics,"Uses, mechanisms, benefits, side effects, interactions, monitoring, and safety related to drug allergies and antibiotics.",Medications,Anti-Infective Medicines,pending,,,Foundation,medication
MED-135,Anti-Infective Medicine Safety,"Uses, mechanisms, benefits, side effects, interactions, monitoring, and safety related to anti-infective medicine safety.",Medications,Anti-Infective Medicines,pending,,,Foundation,medication
MED-136,Medication Review,"Uses, mechanisms, benefits, side effects, interactions, monitoring, and safety related to medication review.",Medications,Medication Management in Real Life,pending,,,Foundation,medication
MED-137,Polypharmacy,"Uses, mechanisms, benefits, side effects, interactions, monitoring, and safety related to polypharmacy.",Medications,Medication Management in Real Life,pending,,,Foundation,medication
MED-138,Deprescribing,"Uses, mechanisms, benefits, side effects, interactions, monitoring, and safety related to deprescribing.",Medications,Medication Management in Real Life,pending,,,Foundation,medication
MED-139,Medication Lists,"Uses, mechanisms, benefits, side effects, interactions, monitoring, and safety related to medication lists.",Medications,Medication Management in Real Life,pending,,,Foundation,medication
MED-140,Pill Organizers,"Uses, mechanisms, benefits, side effects, interactions, monitoring, and safety related to pill organizers.",Medications,Medication Management in Real Life,pending,,,Foundation,medication
MED-141,Traveling With Medicines,"Uses, mechanisms, benefits, side effects, interactions, monitoring, and safety related to traveling with medicines.",Medications,Medication Management in Real Life,pending,,,Foundation,medication
MED-142,Medicines and Driving,"Uses, mechanisms, benefits, side effects, interactions, monitoring, and safety related to medicines and driving.",Medications,Medication Management in Real Life,pending,,,Foundation,medication
MED-143,Medicines and Exercise,"Uses, mechanisms, benefits, side effects, interactions, monitoring, and safety related to medicines and exercise.",Medications,Medication Management in Real Life,pending,,,Foundation,medication
MED-144,Medicines and Heat,"Uses, mechanisms, benefits, side effects, interactions, monitoring, and safety related to medicines and heat.",Medications,Medication Management in Real Life,pending,,,Foundation,medication
MED-145,Medicines and Dehydration,"Uses, mechanisms, benefits, side effects, interactions, monitoring, and safety related to medicines and dehydration.",Medications,Medication Management in Real Life,pending,,,Foundation,medication
MED-146,Medicines in Older Adults,"Uses, mechanisms, benefits, side effects, interactions, monitoring, and safety related to medicines in older adults.",Medications,Medication Management in Real Life,pending,,,Foundation,medication
MED-147,Kidney Function and Medication Dosing,"Uses, mechanisms, benefits, side effects, interactions, monitoring, and safety related to kidney function and medication dosing.",Medications,Medication Management in Real Life,pending,,,Foundation,medication
MED-148,Liver Function and Medication Dosing,"Uses, mechanisms, benefits, side effects, interactions, monitoring, and safety related to liver function and medication dosing.",Medications,Medication Management in Real Life,pending,,,Foundation,medication
MED-149,Preparing for a Medication Review,"Uses, mechanisms, benefits, side effects, interactions, monitoring, and safety related to preparing for a medication review.",Medications,Medication Management in Real Life,pending,,,Foundation,medication
MED-150,Building a Safe Medication Routine,"Uses, mechanisms, benefits, side effects, interactions, monitoring, and safety related to building a safe medication routine.",Medications,Medication Management in Real Life,pending,,,Foundation,medication
COND-001,Hypertension,"What hypertension is, causes, risk factors, symptoms, evaluation, management, lifestyle considerations, and safety.",Medical Conditions,Cardiovascular Conditions,pending,,,Foundation,medical_condition
COND-002,High LDL Cholesterol,"What high ldl cholesterol is, causes, risk factors, symptoms, evaluation, management, lifestyle considerations, and safety.",Medical Conditions,Cardiovascular Conditions,pending,,,Foundation,medical_condition
COND-003,High Triglycerides,"What high triglycerides is, causes, risk factors, symptoms, evaluation, management, lifestyle considerations, and safety.",Medical Conditions,Cardiovascular Conditions,pending,,,Foundation,medical_condition
COND-004,Atherosclerosis,"What atherosclerosis is, causes, risk factors, symptoms, evaluation, management, lifestyle considerations, and safety.",Medical Conditions,Cardiovascular Conditions,pending,,,Foundation,medical_condition
COND-005,Coronary Artery Disease,"What coronary artery disease is, causes, risk factors, symptoms, evaluation, management, lifestyle considerations, and safety.",Medical Conditions,Cardiovascular Conditions,pending,,,Foundation,medical_condition
COND-006,Angina,"What angina is, causes, risk factors, symptoms, evaluation, management, lifestyle considerations, and safety.",Medical Conditions,Cardiovascular Conditions,pending,,,Foundation,medical_condition
COND-007,Heart Attack,"What heart attack is, causes, risk factors, symptoms, evaluation, management, lifestyle considerations, and safety.",Medical Conditions,Cardiovascular Conditions,pending,,,Foundation,medical_condition
COND-008,Heart Failure,"What heart failure is, causes, risk factors, symptoms, evaluation, management, lifestyle considerations, and safety.",Medical Conditions,Cardiovascular Conditions,pending,,,Foundation,medical_condition
COND-009,Atrial Fibrillation,"What atrial fibrillation is, causes, risk factors, symptoms, evaluation, management, lifestyle considerations, and safety.",Medical Conditions,Cardiovascular Conditions,pending,,,Foundation,medical_condition
COND-010,Supraventricular Tachycardia,"What supraventricular tachycardia is, causes, risk factors, symptoms, evaluation, management, lifestyle considerations, and safety.",Medical Conditions,Cardiovascular Conditions,pending,,,Foundation,medical_condition
COND-011,Bradycardia,"What bradycardia is, causes, risk factors, symptoms, evaluation, management, lifestyle considerations, and safety.",Medical Conditions,Cardiovascular Conditions,pending,,,Foundation,medical_condition
COND-012,Heart Valve Disease,"What heart valve disease is, causes, risk factors, symptoms, evaluation, management, lifestyle considerations, and safety.",Medical Conditions,Cardiovascular Conditions,pending,,,Foundation,medical_condition
COND-013,Aortic Aneurysm,"What aortic aneurysm is, causes, risk factors, symptoms, evaluation, management, lifestyle considerations, and safety.",Medical Conditions,Cardiovascular Conditions,pending,,,Foundation,medical_condition
COND-014,Peripheral Artery Disease,"What peripheral artery disease is, causes, risk factors, symptoms, evaluation, management, lifestyle considerations, and safety.",Medical Conditions,Cardiovascular Conditions,pending,,,Foundation,medical_condition
COND-015,Deep Vein Thrombosis,"What deep vein thrombosis is, causes, risk factors, symptoms, evaluation, management, lifestyle considerations, and safety.",Medical Conditions,Cardiovascular Conditions,pending,,,Foundation,medical_condition
COND-016,Pulmonary Embolism,"What pulmonary embolism is, causes, risk factors, symptoms, evaluation, management, lifestyle considerations, and safety.",Medical Conditions,Cardiovascular Conditions,pending,,,Foundation,medical_condition
COND-017,Varicose Veins,"What varicose veins is, causes, risk factors, symptoms, evaluation, management, lifestyle considerations, and safety.",Medical Conditions,Cardiovascular Conditions,pending,,,Foundation,medical_condition
COND-018,Postural Hypotension,"What postural hypotension is, causes, risk factors, symptoms, evaluation, management, lifestyle considerations, and safety.",Medical Conditions,Cardiovascular Conditions,pending,,,Foundation,medical_condition
COND-019,Cardiomyopathy,"What cardiomyopathy is, causes, risk factors, symptoms, evaluation, management, lifestyle considerations, and safety.",Medical Conditions,Cardiovascular Conditions,pending,,,Foundation,medical_condition
COND-020,Pericarditis,"What pericarditis is, causes, risk factors, symptoms, evaluation, management, lifestyle considerations, and safety.",Medical Conditions,Cardiovascular Conditions,pending,,,Foundation,medical_condition
COND-021,Endocarditis,"What endocarditis is, causes, risk factors, symptoms, evaluation, management, lifestyle considerations, and safety.",Medical Conditions,Cardiovascular Conditions,pending,,,Foundation,medical_condition
COND-022,Stroke,"What stroke is, causes, risk factors, symptoms, evaluation, management, lifestyle considerations, and safety.",Medical Conditions,Cardiovascular Conditions,pending,,,Foundation,medical_condition
COND-023,Transient Ischemic Attack,"What transient ischemic attack is, causes, risk factors, symptoms, evaluation, management, lifestyle considerations, and safety.",Medical Conditions,Cardiovascular Conditions,pending,,,Foundation,medical_condition
COND-024,Carotid Artery Disease,"What carotid artery disease is, causes, risk factors, symptoms, evaluation, management, lifestyle considerations, and safety.",Medical Conditions,Cardiovascular Conditions,pending,,,Foundation,medical_condition
COND-025,Raynaud Phenomenon,"What raynaud phenomenon is, causes, risk factors, symptoms, evaluation, management, lifestyle considerations, and safety.",Medical Conditions,Cardiovascular Conditions,pending,,,Foundation,medical_condition
COND-026,Venous Insufficiency,"What venous insufficiency is, causes, risk factors, symptoms, evaluation, management, lifestyle considerations, and safety.",Medical Conditions,Cardiovascular Conditions,pending,,,Foundation,medical_condition
COND-027,Pulmonary Hypertension,"What pulmonary hypertension is, causes, risk factors, symptoms, evaluation, management, lifestyle considerations, and safety.",Medical Conditions,Cardiovascular Conditions,pending,,,Foundation,medical_condition
COND-028,Congenital Heart Disease in Adults,"What congenital heart disease in adults is, causes, risk factors, symptoms, evaluation, management, lifestyle considerations, and safety.",Medical Conditions,Cardiovascular Conditions,pending,,,Foundation,medical_condition
COND-029,Metabolic Cardiovascular Risk,"What metabolic cardiovascular risk is, causes, risk factors, symptoms, evaluation, management, lifestyle considerations, and safety.",Medical Conditions,Cardiovascular Conditions,pending,,,Foundation,medical_condition
COND-030,Cardiovascular Disease in South Asians,"What cardiovascular disease in south asians is, causes, risk factors, symptoms, evaluation, management, lifestyle considerations, and safety.",Medical Conditions,Cardiovascular Conditions,pending,,,Foundation,medical_condition
COND-031,Prediabetes,"What prediabetes is, causes, risk factors, symptoms, evaluation, management, lifestyle considerations, and safety.",Medical Conditions,Metabolic and Endocrine,pending,,,Foundation,medical_condition
COND-032,Type 2 Diabetes,"What type 2 diabetes is, causes, risk factors, symptoms, evaluation, management, lifestyle considerations, and safety.",Medical Conditions,Metabolic and Endocrine,pending,,,Foundation,medical_condition
COND-033,Type 1 Diabetes,"What type 1 diabetes is, causes, risk factors, symptoms, evaluation, management, lifestyle considerations, and safety.",Medical Conditions,Metabolic and Endocrine,pending,,,Foundation,medical_condition
COND-034,Insulin Resistance,"What insulin resistance is, causes, risk factors, symptoms, evaluation, management, lifestyle considerations, and safety.",Medical Conditions,Metabolic and Endocrine,pending,,,Foundation,medical_condition
COND-035,Metabolic Syndrome,"What metabolic syndrome is, causes, risk factors, symptoms, evaluation, management, lifestyle considerations, and safety.",Medical Conditions,Metabolic and Endocrine,pending,,,Foundation,medical_condition
COND-036,Obesity,"What obesity is, causes, risk factors, symptoms, evaluation, management, lifestyle considerations, and safety.",Medical Conditions,Metabolic and Endocrine,pending,,,Foundation,medical_condition
COND-037,Overweight,"What overweight is, causes, risk factors, symptoms, evaluation, management, lifestyle considerations, and safety.",Medical Conditions,Metabolic and Endocrine,pending,,,Foundation,medical_condition
COND-038,Hypoglycemia,"What hypoglycemia is, causes, risk factors, symptoms, evaluation, management, lifestyle considerations, and safety.",Medical Conditions,Metabolic and Endocrine,pending,,,Foundation,medical_condition
COND-039,Hyperglycemia,"What hyperglycemia is, causes, risk factors, symptoms, evaluation, management, lifestyle considerations, and safety.",Medical Conditions,Metabolic and Endocrine,pending,,,Foundation,medical_condition
COND-040,Diabetic Neuropathy,"What diabetic neuropathy is, causes, risk factors, symptoms, evaluation, management, lifestyle considerations, and safety.",Medical Conditions,Metabolic and Endocrine,pending,,,Foundation,medical_condition
COND-041,Diabetic Retinopathy,"What diabetic retinopathy is, causes, risk factors, symptoms, evaluation, management, lifestyle considerations, and safety.",Medical Conditions,Metabolic and Endocrine,pending,,,Foundation,medical_condition
COND-042,Diabetic Kidney Disease,"What diabetic kidney disease is, causes, risk factors, symptoms, evaluation, management, lifestyle considerations, and safety.",Medical Conditions,Metabolic and Endocrine,pending,,,Foundation,medical_condition
COND-043,Hypothyroidism,"What hypothyroidism is, causes, risk factors, symptoms, evaluation, management, lifestyle considerations, and safety.",Medical Conditions,Metabolic and Endocrine,pending,,,Foundation,medical_condition
COND-044,Hyperthyroidism,"What hyperthyroidism is, causes, risk factors, symptoms, evaluation, management, lifestyle considerations, and safety.",Medical Conditions,Metabolic and Endocrine,pending,,,Foundation,medical_condition
COND-045,Hashimoto Thyroiditis,"What hashimoto thyroiditis is, causes, risk factors, symptoms, evaluation, management, lifestyle considerations, and safety.",Medical Conditions,Metabolic and Endocrine,pending,,,Foundation,medical_condition
COND-046,Graves Disease,"What graves disease is, causes, risk factors, symptoms, evaluation, management, lifestyle considerations, and safety.",Medical Conditions,Metabolic and Endocrine,pending,,,Foundation,medical_condition
COND-047,Thyroid Nodules,"What thyroid nodules is, causes, risk factors, symptoms, evaluation, management, lifestyle considerations, and safety.",Medical Conditions,Metabolic and Endocrine,pending,,,Foundation,medical_condition
COND-048,Goiter,"What goiter is, causes, risk factors, symptoms, evaluation, management, lifestyle considerations, and safety.",Medical Conditions,Metabolic and Endocrine,pending,,,Foundation,medical_condition
COND-049,Cushing Syndrome,"What cushing syndrome is, causes, risk factors, symptoms, evaluation, management, lifestyle considerations, and safety.",Medical Conditions,Metabolic and Endocrine,pending,,,Foundation,medical_condition
COND-050,Adrenal Insufficiency,"What adrenal insufficiency is, causes, risk factors, symptoms, evaluation, management, lifestyle considerations, and safety.",Medical Conditions,Metabolic and Endocrine,pending,,,Foundation,medical_condition
COND-051,Polycystic Ovary Syndrome,"What polycystic ovary syndrome is, causes, risk factors, symptoms, evaluation, management, lifestyle considerations, and safety.",Medical Conditions,Metabolic and Endocrine,pending,,,Foundation,medical_condition
COND-052,Gout,"What gout is, causes, risk factors, symptoms, evaluation, management, lifestyle considerations, and safety.",Medical Conditions,Metabolic and Endocrine,pending,,,Foundation,medical_condition
COND-053,Hyperuricemia,"What hyperuricemia is, causes, risk factors, symptoms, evaluation, management, lifestyle considerations, and safety.",Medical Conditions,Metabolic and Endocrine,pending,,,Foundation,medical_condition
COND-054,Hemochromatosis,"What hemochromatosis is, causes, risk factors, symptoms, evaluation, management, lifestyle considerations, and safety.",Medical Conditions,Metabolic and Endocrine,pending,,,Foundation,medical_condition
COND-055,Metabolic Dysfunction-Associated Steatotic Liver Disease,"What metabolic dysfunction-associated steatotic liver disease is, causes, risk factors, symptoms, evaluation, management, lifestyle considerations, and safety.",Medical Conditions,Metabolic and Endocrine,pending,,,Foundation,medical_condition
COND-056,Lipodystrophy,"What lipodystrophy is, causes, risk factors, symptoms, evaluation, management, lifestyle considerations, and safety.",Medical Conditions,Metabolic and Endocrine,pending,,,Foundation,medical_condition
COND-057,Hyperparathyroidism,"What hyperparathyroidism is, causes, risk factors, symptoms, evaluation, management, lifestyle considerations, and safety.",Medical Conditions,Metabolic and Endocrine,pending,,,Foundation,medical_condition
COND-058,Hypoparathyroidism,"What hypoparathyroidism is, causes, risk factors, symptoms, evaluation, management, lifestyle considerations, and safety.",Medical Conditions,Metabolic and Endocrine,pending,,,Foundation,medical_condition
COND-059,Vitamin D Deficiency,"What vitamin d deficiency is, causes, risk factors, symptoms, evaluation, management, lifestyle considerations, and safety.",Medical Conditions,Metabolic and Endocrine,pending,,,Foundation,medical_condition
COND-060,Iron Deficiency,"What iron deficiency is, causes, risk factors, symptoms, evaluation, management, lifestyle considerations, and safety.",Medical Conditions,Metabolic and Endocrine,pending,,,Foundation,medical_condition
COND-061,Asthma,"What asthma is, causes, risk factors, symptoms, evaluation, management, lifestyle considerations, and safety.",Medical Conditions,Respiratory and Sleep,pending,,,Foundation,medical_condition
COND-062,Chronic Obstructive Pulmonary Disease,"What chronic obstructive pulmonary disease is, causes, risk factors, symptoms, evaluation, management, lifestyle considerations, and safety.",Medical Conditions,Respiratory and Sleep,pending,,,Foundation,medical_condition
COND-063,Chronic Bronchitis,"What chronic bronchitis is, causes, risk factors, symptoms, evaluation, management, lifestyle considerations, and safety.",Medical Conditions,Respiratory and Sleep,pending,,,Foundation,medical_condition
COND-064,Emphysema,"What emphysema is, causes, risk factors, symptoms, evaluation, management, lifestyle considerations, and safety.",Medical Conditions,Respiratory and Sleep,pending,,,Foundation,medical_condition
COND-065,Pneumonia,"What pneumonia is, causes, risk factors, symptoms, evaluation, management, lifestyle considerations, and safety.",Medical Conditions,Respiratory and Sleep,pending,,,Foundation,medical_condition
COND-066,Bronchitis,"What bronchitis is, causes, risk factors, symptoms, evaluation, management, lifestyle considerations, and safety.",Medical Conditions,Respiratory and Sleep,pending,,,Foundation,medical_condition
COND-067,COVID-19,"What covid-19 is, causes, risk factors, symptoms, evaluation, management, lifestyle considerations, and safety.",Medical Conditions,Respiratory and Sleep,pending,,,Foundation,medical_condition
COND-068,Long COVID,"What long covid is, causes, risk factors, symptoms, evaluation, management, lifestyle considerations, and safety.",Medical Conditions,Respiratory and Sleep,pending,,,Foundation,medical_condition
COND-069,Influenza,"What influenza is, causes, risk factors, symptoms, evaluation, management, lifestyle considerations, and safety.",Medical Conditions,Respiratory and Sleep,pending,,,Foundation,medical_condition
COND-070,Tuberculosis,"What tuberculosis is, causes, risk factors, symptoms, evaluation, management, lifestyle considerations, and safety.",Medical Conditions,Respiratory and Sleep,pending,,,Foundation,medical_condition
COND-071,Obstructive Sleep Apnea,"What obstructive sleep apnea is, causes, risk factors, symptoms, evaluation, management, lifestyle considerations, and safety.",Medical Conditions,Respiratory and Sleep,pending,,,Foundation,medical_condition
COND-072,Central Sleep Apnea,"What central sleep apnea is, causes, risk factors, symptoms, evaluation, management, lifestyle considerations, and safety.",Medical Conditions,Respiratory and Sleep,pending,,,Foundation,medical_condition
COND-073,Insomnia,"What insomnia is, causes, risk factors, symptoms, evaluation, management, lifestyle considerations, and safety.",Medical Conditions,Respiratory and Sleep,pending,,,Foundation,medical_condition
COND-074,Restless Legs Syndrome,"What restless legs syndrome is, causes, risk factors, symptoms, evaluation, management, lifestyle considerations, and safety.",Medical Conditions,Respiratory and Sleep,pending,,,Foundation,medical_condition
COND-075,Narcolepsy,"What narcolepsy is, causes, risk factors, symptoms, evaluation, management, lifestyle considerations, and safety.",Medical Conditions,Respiratory and Sleep,pending,,,Foundation,medical_condition
COND-076,Chronic Cough,"What chronic cough is, causes, risk factors, symptoms, evaluation, management, lifestyle considerations, and safety.",Medical Conditions,Respiratory and Sleep,pending,,,Foundation,medical_condition
COND-077,Allergic Rhinitis,"What allergic rhinitis is, causes, risk factors, symptoms, evaluation, management, lifestyle considerations, and safety.",Medical Conditions,Respiratory and Sleep,pending,,,Foundation,medical_condition
COND-078,Sinusitis,"What sinusitis is, causes, risk factors, symptoms, evaluation, management, lifestyle considerations, and safety.",Medical Conditions,Respiratory and Sleep,pending,,,Foundation,medical_condition
COND-079,Pulmonary Fibrosis,"What pulmonary fibrosis is, causes, risk factors, symptoms, evaluation, management, lifestyle considerations, and safety.",Medical Conditions,Respiratory and Sleep,pending,,,Foundation,medical_condition
COND-080,Bronchiectasis,"What bronchiectasis is, causes, risk factors, symptoms, evaluation, management, lifestyle considerations, and safety.",Medical Conditions,Respiratory and Sleep,pending,,,Foundation,medical_condition
COND-081,Pleural Effusion,"What pleural effusion is, causes, risk factors, symptoms, evaluation, management, lifestyle considerations, and safety.",Medical Conditions,Respiratory and Sleep,pending,,,Foundation,medical_condition
COND-082,Pneumothorax,"What pneumothorax is, causes, risk factors, symptoms, evaluation, management, lifestyle considerations, and safety.",Medical Conditions,Respiratory and Sleep,pending,,,Foundation,medical_condition
COND-083,Lung Cancer,"What lung cancer is, causes, risk factors, symptoms, evaluation, management, lifestyle considerations, and safety.",Medical Conditions,Respiratory and Sleep,pending,,,Foundation,medical_condition
COND-084,Occupational Lung Disease,"What occupational lung disease is, causes, risk factors, symptoms, evaluation, management, lifestyle considerations, and safety.",Medical Conditions,Respiratory and Sleep,pending,,,Foundation,medical_condition
COND-085,Exercise-Induced Bronchoconstriction,"What exercise-induced bronchoconstriction is, causes, risk factors, symptoms, evaluation, management, lifestyle considerations, and safety.",Medical Conditions,Respiratory and Sleep,pending,,,Foundation,medical_condition
COND-086,Hypoxemia,"What hypoxemia is, causes, risk factors, symptoms, evaluation, management, lifestyle considerations, and safety.",Medical Conditions,Respiratory and Sleep,pending,,,Foundation,medical_condition
COND-087,Hyperventilation Syndrome,"What hyperventilation syndrome is, causes, risk factors, symptoms, evaluation, management, lifestyle considerations, and safety.",Medical Conditions,Respiratory and Sleep,pending,,,Foundation,medical_condition
COND-088,Snoring,"What snoring is, causes, risk factors, symptoms, evaluation, management, lifestyle considerations, and safety.",Medical Conditions,Respiratory and Sleep,pending,,,Foundation,medical_condition
COND-089,Shift Work Sleep Disorder,"What shift work sleep disorder is, causes, risk factors, symptoms, evaluation, management, lifestyle considerations, and safety.",Medical Conditions,Respiratory and Sleep,pending,,,Foundation,medical_condition
COND-090,Circadian Rhythm Sleep-Wake Disorders,"What circadian rhythm sleep-wake disorders is, causes, risk factors, symptoms, evaluation, management, lifestyle considerations, and safety.",Medical Conditions,Respiratory and Sleep,pending,,,Foundation,medical_condition
COND-091,Gastroesophageal Reflux Disease,"What gastroesophageal reflux disease is, causes, risk factors, symptoms, evaluation, management, lifestyle considerations, and safety.",Medical Conditions,Digestive and Liver,pending,,,Foundation,medical_condition
COND-092,Peptic Ulcer Disease,"What peptic ulcer disease is, causes, risk factors, symptoms, evaluation, management, lifestyle considerations, and safety.",Medical Conditions,Digestive and Liver,pending,,,Foundation,medical_condition
COND-093,H. pylori Infection,"What h. pylori infection is, causes, risk factors, symptoms, evaluation, management, lifestyle considerations, and safety.",Medical Conditions,Digestive and Liver,pending,,,Foundation,medical_condition
COND-094,Gastritis,"What gastritis is, causes, risk factors, symptoms, evaluation, management, lifestyle considerations, and safety.",Medical Conditions,Digestive and Liver,pending,,,Foundation,medical_condition
COND-095,Irritable Bowel Syndrome,"What irritable bowel syndrome is, causes, risk factors, symptoms, evaluation, management, lifestyle considerations, and safety.",Medical Conditions,Digestive and Liver,pending,,,Foundation,medical_condition
COND-096,Inflammatory Bowel Disease,"What inflammatory bowel disease is, causes, risk factors, symptoms, evaluation, management, lifestyle considerations, and safety.",Medical Conditions,Digestive and Liver,pending,,,Foundation,medical_condition
COND-097,Crohn Disease,"What crohn disease is, causes, risk factors, symptoms, evaluation, management, lifestyle considerations, and safety.",Medical Conditions,Digestive and Liver,pending,,,Foundation,medical_condition
COND-098,Ulcerative Colitis,"What ulcerative colitis is, causes, risk factors, symptoms, evaluation, management, lifestyle considerations, and safety.",Medical Conditions,Digestive and Liver,pending,,,Foundation,medical_condition
COND-099,Celiac Disease,"What celiac disease is, causes, risk factors, symptoms, evaluation, management, lifestyle considerations, and safety.",Medical Conditions,Digestive and Liver,pending,,,Foundation,medical_condition
COND-100,Lactose Intolerance,"What lactose intolerance is, causes, risk factors, symptoms, evaluation, management, lifestyle considerations, and safety.",Medical Conditions,Digestive and Liver,pending,,,Foundation,medical_condition
COND-101,Constipation,"What constipation is, causes, risk factors, symptoms, evaluation, management, lifestyle considerations, and safety.",Medical Conditions,Digestive and Liver,pending,,,Foundation,medical_condition
COND-102,Chronic Diarrhea,"What chronic diarrhea is, causes, risk factors, symptoms, evaluation, management, lifestyle considerations, and safety.",Medical Conditions,Digestive and Liver,pending,,,Foundation,medical_condition
COND-103,Diverticulosis,"What diverticulosis is, causes, risk factors, symptoms, evaluation, management, lifestyle considerations, and safety.",Medical Conditions,Digestive and Liver,pending,,,Foundation,medical_condition
COND-104,Diverticulitis,"What diverticulitis is, causes, risk factors, symptoms, evaluation, management, lifestyle considerations, and safety.",Medical Conditions,Digestive and Liver,pending,,,Foundation,medical_condition
COND-105,Hemorrhoids,"What hemorrhoids is, causes, risk factors, symptoms, evaluation, management, lifestyle considerations, and safety.",Medical Conditions,Digestive and Liver,pending,,,Foundation,medical_condition
COND-106,Gallstones,"What gallstones is, causes, risk factors, symptoms, evaluation, management, lifestyle considerations, and safety.",Medical Conditions,Digestive and Liver,pending,,,Foundation,medical_condition
COND-107,Cholecystitis,"What cholecystitis is, causes, risk factors, symptoms, evaluation, management, lifestyle considerations, and safety.",Medical Conditions,Digestive and Liver,pending,,,Foundation,medical_condition
COND-108,Pancreatitis,"What pancreatitis is, causes, risk factors, symptoms, evaluation, management, lifestyle considerations, and safety.",Medical Conditions,Digestive and Liver,pending,,,Foundation,medical_condition
COND-109,Fatty Liver Disease,"What fatty liver disease is, causes, risk factors, symptoms, evaluation, management, lifestyle considerations, and safety.",Medical Conditions,Digestive and Liver,pending,,,Foundation,medical_condition
COND-110,Alcohol-Related Liver Disease,"What alcohol-related liver disease is, causes, risk factors, symptoms, evaluation, management, lifestyle considerations, and safety.",Medical Conditions,Digestive and Liver,pending,,,Foundation,medical_condition
COND-111,Viral Hepatitis,"What viral hepatitis is, causes, risk factors, symptoms, evaluation, management, lifestyle considerations, and safety.",Medical Conditions,Digestive and Liver,pending,,,Foundation,medical_condition
COND-112,Cirrhosis,"What cirrhosis is, causes, risk factors, symptoms, evaluation, management, lifestyle considerations, and safety.",Medical Conditions,Digestive and Liver,pending,,,Foundation,medical_condition
COND-113,Liver Cancer,"What liver cancer is, causes, risk factors, symptoms, evaluation, management, lifestyle considerations, and safety.",Medical Conditions,Digestive and Liver,pending,,,Foundation,medical_condition
COND-114,Colon Polyps,"What colon polyps is, causes, risk factors, symptoms, evaluation, management, lifestyle considerations, and safety.",Medical Conditions,Digestive and Liver,pending,,,Foundation,medical_condition
COND-115,Colorectal Cancer,"What colorectal cancer is, causes, risk factors, symptoms, evaluation, management, lifestyle considerations, and safety.",Medical Conditions,Digestive and Liver,pending,,,Foundation,medical_condition
COND-116,Stomach Cancer,"What stomach cancer is, causes, risk factors, symptoms, evaluation, management, lifestyle considerations, and safety.",Medical Conditions,Digestive and Liver,pending,,,Foundation,medical_condition
COND-117,Pancreatic Cancer,"What pancreatic cancer is, causes, risk factors, symptoms, evaluation, management, lifestyle considerations, and safety.",Medical Conditions,Digestive and Liver,pending,,,Foundation,medical_condition
COND-118,Esophageal Cancer,"What esophageal cancer is, causes, risk factors, symptoms, evaluation, management, lifestyle considerations, and safety.",Medical Conditions,Digestive and Liver,pending,,,Foundation,medical_condition
COND-119,Food Intolerance,"What food intolerance is, causes, risk factors, symptoms, evaluation, management, lifestyle considerations, and safety.",Medical Conditions,Digestive and Liver,pending,,,Foundation,medical_condition
COND-120,Small Intestinal Bacterial Overgrowth,"What small intestinal bacterial overgrowth is, causes, risk factors, symptoms, evaluation, management, lifestyle considerations, and safety.",Medical Conditions,Digestive and Liver,pending,,,Foundation,medical_condition
COND-121,Chronic Kidney Disease,"What chronic kidney disease is, causes, risk factors, symptoms, evaluation, management, lifestyle considerations, and safety.",Medical Conditions,Kidney and Urinary,pending,,,Foundation,medical_condition
COND-122,Acute Kidney Injury,"What acute kidney injury is, causes, risk factors, symptoms, evaluation, management, lifestyle considerations, and safety.",Medical Conditions,Kidney and Urinary,pending,,,Foundation,medical_condition
COND-123,Kidney Stones,"What kidney stones is, causes, risk factors, symptoms, evaluation, management, lifestyle considerations, and safety.",Medical Conditions,Kidney and Urinary,pending,,,Foundation,medical_condition
COND-124,Urinary Tract Infection,"What urinary tract infection is, causes, risk factors, symptoms, evaluation, management, lifestyle considerations, and safety.",Medical Conditions,Kidney and Urinary,pending,,,Foundation,medical_condition
COND-125,Recurrent Urinary Tract Infection,"What recurrent urinary tract infection is, causes, risk factors, symptoms, evaluation, management, lifestyle considerations, and safety.",Medical Conditions,Kidney and Urinary,pending,,,Foundation,medical_condition
COND-126,Overactive Bladder,"What overactive bladder is, causes, risk factors, symptoms, evaluation, management, lifestyle considerations, and safety.",Medical Conditions,Kidney and Urinary,pending,,,Foundation,medical_condition
COND-127,Urinary Incontinence,"What urinary incontinence is, causes, risk factors, symptoms, evaluation, management, lifestyle considerations, and safety.",Medical Conditions,Kidney and Urinary,pending,,,Foundation,medical_condition
COND-128,Benign Prostatic Hyperplasia,"What benign prostatic hyperplasia is, causes, risk factors, symptoms, evaluation, management, lifestyle considerations, and safety.",Medical Conditions,Kidney and Urinary,pending,,,Foundation,medical_condition
COND-129,Nocturia,"What nocturia is, causes, risk factors, symptoms, evaluation, management, lifestyle considerations, and safety.",Medical Conditions,Kidney and Urinary,pending,,,Foundation,medical_condition
COND-130,Proteinuria,"What proteinuria is, causes, risk factors, symptoms, evaluation, management, lifestyle considerations, and safety.",Medical Conditions,Kidney and Urinary,pending,,,Foundation,medical_condition
COND-131,Hematuria,"What hematuria is, causes, risk factors, symptoms, evaluation, management, lifestyle considerations, and safety.",Medical Conditions,Kidney and Urinary,pending,,,Foundation,medical_condition
COND-132,Polycystic Kidney Disease,"What polycystic kidney disease is, causes, risk factors, symptoms, evaluation, management, lifestyle considerations, and safety.",Medical Conditions,Kidney and Urinary,pending,,,Foundation,medical_condition
COND-133,Glomerulonephritis,"What glomerulonephritis is, causes, risk factors, symptoms, evaluation, management, lifestyle considerations, and safety.",Medical Conditions,Kidney and Urinary,pending,,,Foundation,medical_condition
COND-134,Nephrotic Syndrome,"What nephrotic syndrome is, causes, risk factors, symptoms, evaluation, management, lifestyle considerations, and safety.",Medical Conditions,Kidney and Urinary,pending,,,Foundation,medical_condition
COND-135,Kidney Cancer,"What kidney cancer is, causes, risk factors, symptoms, evaluation, management, lifestyle considerations, and safety.",Medical Conditions,Kidney and Urinary,pending,,,Foundation,medical_condition
COND-136,Bladder Cancer,"What bladder cancer is, causes, risk factors, symptoms, evaluation, management, lifestyle considerations, and safety.",Medical Conditions,Kidney and Urinary,pending,,,Foundation,medical_condition
COND-137,Prostatitis,"What prostatitis is, causes, risk factors, symptoms, evaluation, management, lifestyle considerations, and safety.",Medical Conditions,Kidney and Urinary,pending,,,Foundation,medical_condition
COND-138,Interstitial Cystitis,"What interstitial cystitis is, causes, risk factors, symptoms, evaluation, management, lifestyle considerations, and safety.",Medical Conditions,Kidney and Urinary,pending,,,Foundation,medical_condition
COND-139,Urinary Retention,"What urinary retention is, causes, risk factors, symptoms, evaluation, management, lifestyle considerations, and safety.",Medical Conditions,Kidney and Urinary,pending,,,Foundation,medical_condition
COND-140,Electrolyte Disorders,"What electrolyte disorders is, causes, risk factors, symptoms, evaluation, management, lifestyle considerations, and safety.",Medical Conditions,Kidney and Urinary,pending,,,Foundation,medical_condition
COND-141,Hyponatremia,"What hyponatremia is, causes, risk factors, symptoms, evaluation, management, lifestyle considerations, and safety.",Medical Conditions,Kidney and Urinary,pending,,,Foundation,medical_condition
COND-142,Hypernatremia,"What hypernatremia is, causes, risk factors, symptoms, evaluation, management, lifestyle considerations, and safety.",Medical Conditions,Kidney and Urinary,pending,,,Foundation,medical_condition
COND-143,Hypokalemia,"What hypokalemia is, causes, risk factors, symptoms, evaluation, management, lifestyle considerations, and safety.",Medical Conditions,Kidney and Urinary,pending,,,Foundation,medical_condition
COND-144,Hyperkalemia,"What hyperkalemia is, causes, risk factors, symptoms, evaluation, management, lifestyle considerations, and safety.",Medical Conditions,Kidney and Urinary,pending,,,Foundation,medical_condition
COND-145,Metabolic Acidosis,"What metabolic acidosis is, causes, risk factors, symptoms, evaluation, management, lifestyle considerations, and safety.",Medical Conditions,Kidney and Urinary,pending,,,Foundation,medical_condition
COND-146,Metabolic Alkalosis,"What metabolic alkalosis is, causes, risk factors, symptoms, evaluation, management, lifestyle considerations, and safety.",Medical Conditions,Kidney and Urinary,pending,,,Foundation,medical_condition
COND-147,Kidney Disease and Diabetes,"What kidney disease and diabetes is, causes, risk factors, symptoms, evaluation, management, lifestyle considerations, and safety.",Medical Conditions,Kidney and Urinary,pending,,,Foundation,medical_condition
COND-148,Kidney Disease and Hypertension,"What kidney disease and hypertension is, causes, risk factors, symptoms, evaluation, management, lifestyle considerations, and safety.",Medical Conditions,Kidney and Urinary,pending,,,Foundation,medical_condition
COND-149,Dialysis Basics,"What dialysis basics is, causes, risk factors, symptoms, evaluation, management, lifestyle considerations, and safety.",Medical Conditions,Kidney and Urinary,pending,,,Foundation,medical_condition
COND-150,Kidney Transplant Basics,"What kidney transplant basics is, causes, risk factors, symptoms, evaluation, management, lifestyle considerations, and safety.",Medical Conditions,Kidney and Urinary,pending,,,Foundation,medical_condition
COND-151,Osteoarthritis,"What osteoarthritis is, causes, risk factors, symptoms, evaluation, management, lifestyle considerations, and safety.",Medical Conditions,Musculoskeletal and Pain,pending,,,Foundation,medical_condition
COND-152,Rheumatoid Arthritis,"What rheumatoid arthritis is, causes, risk factors, symptoms, evaluation, management, lifestyle considerations, and safety.",Medical Conditions,Musculoskeletal and Pain,pending,,,Foundation,medical_condition
COND-153,Osteoporosis,"What osteoporosis is, causes, risk factors, symptoms, evaluation, management, lifestyle considerations, and safety.",Medical Conditions,Musculoskeletal and Pain,pending,,,Foundation,medical_condition
COND-154,Osteopenia,"What osteopenia is, causes, risk factors, symptoms, evaluation, management, lifestyle considerations, and safety.",Medical Conditions,Musculoskeletal and Pain,pending,,,Foundation,medical_condition
COND-155,Sarcopenia,"What sarcopenia is, causes, risk factors, symptoms, evaluation, management, lifestyle considerations, and safety.",Medical Conditions,Musculoskeletal and Pain,pending,,,Foundation,medical_condition
COND-156,Frailty,"What frailty is, causes, risk factors, symptoms, evaluation, management, lifestyle considerations, and safety.",Medical Conditions,Musculoskeletal and Pain,pending,,,Foundation,medical_condition
COND-157,Low Back Pain,"What low back pain is, causes, risk factors, symptoms, evaluation, management, lifestyle considerations, and safety.",Medical Conditions,Musculoskeletal and Pain,pending,,,Foundation,medical_condition
COND-158,Neck Pain,"What neck pain is, causes, risk factors, symptoms, evaluation, management, lifestyle considerations, and safety.",Medical Conditions,Musculoskeletal and Pain,pending,,,Foundation,medical_condition
COND-159,Sciatica,"What sciatica is, causes, risk factors, symptoms, evaluation, management, lifestyle considerations, and safety.",Medical Conditions,Musculoskeletal and Pain,pending,,,Foundation,medical_condition
COND-160,Shoulder Impingement Syndrome,"What shoulder impingement syndrome is, causes, risk factors, symptoms, evaluation, management, lifestyle considerations, and safety.",Medical Conditions,Musculoskeletal and Pain,pending,,,Foundation,medical_condition
COND-161,Rotator Cuff Disease,"What rotator cuff disease is, causes, risk factors, symptoms, evaluation, management, lifestyle considerations, and safety.",Medical Conditions,Musculoskeletal and Pain,pending,,,Foundation,medical_condition
COND-162,Frozen Shoulder,"What frozen shoulder is, causes, risk factors, symptoms, evaluation, management, lifestyle considerations, and safety.",Medical Conditions,Musculoskeletal and Pain,pending,,,Foundation,medical_condition
COND-163,Tennis Elbow,"What tennis elbow is, causes, risk factors, symptoms, evaluation, management, lifestyle considerations, and safety.",Medical Conditions,Musculoskeletal and Pain,pending,,,Foundation,medical_condition
COND-164,Carpal Tunnel Syndrome,"What carpal tunnel syndrome is, causes, risk factors, symptoms, evaluation, management, lifestyle considerations, and safety.",Medical Conditions,Musculoskeletal and Pain,pending,,,Foundation,medical_condition
COND-165,Hip Pain,"What hip pain is, causes, risk factors, symptoms, evaluation, management, lifestyle considerations, and safety.",Medical Conditions,Musculoskeletal and Pain,pending,,,Foundation,medical_condition
COND-166,Knee Pain,"What knee pain is, causes, risk factors, symptoms, evaluation, management, lifestyle considerations, and safety.",Medical Conditions,Musculoskeletal and Pain,pending,,,Foundation,medical_condition
COND-167,Patellofemoral Pain,"What patellofemoral pain is, causes, risk factors, symptoms, evaluation, management, lifestyle considerations, and safety.",Medical Conditions,Musculoskeletal and Pain,pending,,,Foundation,medical_condition
COND-168,Plantar Fasciitis,"What plantar fasciitis is, causes, risk factors, symptoms, evaluation, management, lifestyle considerations, and safety.",Medical Conditions,Musculoskeletal and Pain,pending,,,Foundation,medical_condition
COND-169,Achilles Tendinopathy,"What achilles tendinopathy is, causes, risk factors, symptoms, evaluation, management, lifestyle considerations, and safety.",Medical Conditions,Musculoskeletal and Pain,pending,,,Foundation,medical_condition
COND-170,Ankle Sprain,"What ankle sprain is, causes, risk factors, symptoms, evaluation, management, lifestyle considerations, and safety.",Medical Conditions,Musculoskeletal and Pain,pending,,,Foundation,medical_condition
COND-171,Muscle Strain,"What muscle strain is, causes, risk factors, symptoms, evaluation, management, lifestyle considerations, and safety.",Medical Conditions,Musculoskeletal and Pain,pending,,,Foundation,medical_condition
COND-172,Stress Fracture,"What stress fracture is, causes, risk factors, symptoms, evaluation, management, lifestyle considerations, and safety.",Medical Conditions,Musculoskeletal and Pain,pending,,,Foundation,medical_condition
COND-173,Gouty Arthritis,"What gouty arthritis is, causes, risk factors, symptoms, evaluation, management, lifestyle considerations, and safety.",Medical Conditions,Musculoskeletal and Pain,pending,,,Foundation,medical_condition
COND-174,Fibromyalgia,"What fibromyalgia is, causes, risk factors, symptoms, evaluation, management, lifestyle considerations, and safety.",Medical Conditions,Musculoskeletal and Pain,pending,,,Foundation,medical_condition
COND-175,Chronic Pain,"What chronic pain is, causes, risk factors, symptoms, evaluation, management, lifestyle considerations, and safety.",Medical Conditions,Musculoskeletal and Pain,pending,,,Foundation,medical_condition
COND-176,Temporomandibular Joint Disorder,"What temporomandibular joint disorder is, causes, risk factors, symptoms, evaluation, management, lifestyle considerations, and safety.",Medical Conditions,Musculoskeletal and Pain,pending,,,Foundation,medical_condition
COND-177,Scoliosis,"What scoliosis is, causes, risk factors, symptoms, evaluation, management, lifestyle considerations, and safety.",Medical Conditions,Musculoskeletal and Pain,pending,,,Foundation,medical_condition
COND-178,Spinal Stenosis,"What spinal stenosis is, causes, risk factors, symptoms, evaluation, management, lifestyle considerations, and safety.",Medical Conditions,Musculoskeletal and Pain,pending,,,Foundation,medical_condition
COND-179,Herniated Disc,"What herniated disc is, causes, risk factors, symptoms, evaluation, management, lifestyle considerations, and safety.",Medical Conditions,Musculoskeletal and Pain,pending,,,Foundation,medical_condition
COND-180,Joint Hypermobility,"What joint hypermobility is, causes, risk factors, symptoms, evaluation, management, lifestyle considerations, and safety.",Medical Conditions,Musculoskeletal and Pain,pending,,,Foundation,medical_condition
COND-181,Migraine,"What migraine is, causes, risk factors, symptoms, evaluation, management, lifestyle considerations, and safety.",Medical Conditions,Neurologic and Cognitive,pending,,,Foundation,medical_condition
COND-182,Tension Headache,"What tension headache is, causes, risk factors, symptoms, evaluation, management, lifestyle considerations, and safety.",Medical Conditions,Neurologic and Cognitive,pending,,,Foundation,medical_condition
COND-183,Cluster Headache,"What cluster headache is, causes, risk factors, symptoms, evaluation, management, lifestyle considerations, and safety.",Medical Conditions,Neurologic and Cognitive,pending,,,Foundation,medical_condition
COND-184,Dizziness,"What dizziness is, causes, risk factors, symptoms, evaluation, management, lifestyle considerations, and safety.",Medical Conditions,Neurologic and Cognitive,pending,,,Foundation,medical_condition
COND-185,Vertigo,"What vertigo is, causes, risk factors, symptoms, evaluation, management, lifestyle considerations, and safety.",Medical Conditions,Neurologic and Cognitive,pending,,,Foundation,medical_condition
COND-186,Benign Positional Vertigo,"What benign positional vertigo is, causes, risk factors, symptoms, evaluation, management, lifestyle considerations, and safety.",Medical Conditions,Neurologic and Cognitive,pending,,,Foundation,medical_condition
COND-187,Peripheral Neuropathy,"What peripheral neuropathy is, causes, risk factors, symptoms, evaluation, management, lifestyle considerations, and safety.",Medical Conditions,Neurologic and Cognitive,pending,,,Foundation,medical_condition
COND-188,Carpal Tunnel Neuropathy,"What carpal tunnel neuropathy is, causes, risk factors, symptoms, evaluation, management, lifestyle considerations, and safety.",Medical Conditions,Neurologic and Cognitive,pending,,,Foundation,medical_condition
COND-189,Epilepsy,"What epilepsy is, causes, risk factors, symptoms, evaluation, management, lifestyle considerations, and safety.",Medical Conditions,Neurologic and Cognitive,pending,,,Foundation,medical_condition
COND-190,Parkinson Disease,"What parkinson disease is, causes, risk factors, symptoms, evaluation, management, lifestyle considerations, and safety.",Medical Conditions,Neurologic and Cognitive,pending,,,Foundation,medical_condition
COND-191,Alzheimer Disease,"What alzheimer disease is, causes, risk factors, symptoms, evaluation, management, lifestyle considerations, and safety.",Medical Conditions,Neurologic and Cognitive,pending,,,Foundation,medical_condition
COND-192,Mild Cognitive Impairment,"What mild cognitive impairment is, causes, risk factors, symptoms, evaluation, management, lifestyle considerations, and safety.",Medical Conditions,Neurologic and Cognitive,pending,,,Foundation,medical_condition
COND-193,Vascular Dementia,"What vascular dementia is, causes, risk factors, symptoms, evaluation, management, lifestyle considerations, and safety.",Medical Conditions,Neurologic and Cognitive,pending,,,Foundation,medical_condition
COND-194,Multiple Sclerosis,"What multiple sclerosis is, causes, risk factors, symptoms, evaluation, management, lifestyle considerations, and safety.",Medical Conditions,Neurologic and Cognitive,pending,,,Foundation,medical_condition
COND-195,Essential Tremor,"What essential tremor is, causes, risk factors, symptoms, evaluation, management, lifestyle considerations, and safety.",Medical Conditions,Neurologic and Cognitive,pending,,,Foundation,medical_condition
COND-196,Restless Legs Syndrome Neurology,"What restless legs syndrome neurology is, causes, risk factors, symptoms, evaluation, management, lifestyle considerations, and safety.",Medical Conditions,Neurologic and Cognitive,pending,,,Foundation,medical_condition
COND-197,Bell Palsy,"What bell palsy is, causes, risk factors, symptoms, evaluation, management, lifestyle considerations, and safety.",Medical Conditions,Neurologic and Cognitive,pending,,,Foundation,medical_condition
COND-198,Trigeminal Neuralgia,"What trigeminal neuralgia is, causes, risk factors, symptoms, evaluation, management, lifestyle considerations, and safety.",Medical Conditions,Neurologic and Cognitive,pending,,,Foundation,medical_condition
COND-199,Concussion,"What concussion is, causes, risk factors, symptoms, evaluation, management, lifestyle considerations, and safety.",Medical Conditions,Neurologic and Cognitive,pending,,,Foundation,medical_condition
COND-200,Traumatic Brain Injury,"What traumatic brain injury is, causes, risk factors, symptoms, evaluation, management, lifestyle considerations, and safety.",Medical Conditions,Neurologic and Cognitive,pending,,,Foundation,medical_condition
COND-201,Post-Concussion Syndrome,"What post-concussion syndrome is, causes, risk factors, symptoms, evaluation, management, lifestyle considerations, and safety.",Medical Conditions,Neurologic and Cognitive,pending,,,Foundation,medical_condition
COND-202,Stroke Recovery,"What stroke recovery is, causes, risk factors, symptoms, evaluation, management, lifestyle considerations, and safety.",Medical Conditions,Neurologic and Cognitive,pending,,,Foundation,medical_condition
COND-203,Neuropathic Pain,"What neuropathic pain is, causes, risk factors, symptoms, evaluation, management, lifestyle considerations, and safety.",Medical Conditions,Neurologic and Cognitive,pending,,,Foundation,medical_condition
COND-204,Autonomic Dysfunction,"What autonomic dysfunction is, causes, risk factors, symptoms, evaluation, management, lifestyle considerations, and safety.",Medical Conditions,Neurologic and Cognitive,pending,,,Foundation,medical_condition
COND-205,POTS,"What pots is, causes, risk factors, symptoms, evaluation, management, lifestyle considerations, and safety.",Medical Conditions,Neurologic and Cognitive,pending,,,Foundation,medical_condition
COND-206,Syncope,"What syncope is, causes, risk factors, symptoms, evaluation, management, lifestyle considerations, and safety.",Medical Conditions,Neurologic and Cognitive,pending,,,Foundation,medical_condition
COND-207,Memory Problems,"What memory problems is, causes, risk factors, symptoms, evaluation, management, lifestyle considerations, and safety.",Medical Conditions,Neurologic and Cognitive,pending,,,Foundation,medical_condition
COND-208,Brain Fog,"What brain fog is, causes, risk factors, symptoms, evaluation, management, lifestyle considerations, and safety.",Medical Conditions,Neurologic and Cognitive,pending,,,Foundation,medical_condition
COND-209,Delirium,"What delirium is, causes, risk factors, symptoms, evaluation, management, lifestyle considerations, and safety.",Medical Conditions,Neurologic and Cognitive,pending,,,Foundation,medical_condition
COND-210,Normal Pressure Hydrocephalus,"What normal pressure hydrocephalus is, causes, risk factors, symptoms, evaluation, management, lifestyle considerations, and safety.",Medical Conditions,Neurologic and Cognitive,pending,,,Foundation,medical_condition
COND-211,Generalized Anxiety Disorder,"What generalized anxiety disorder is, causes, risk factors, symptoms, evaluation, management, lifestyle considerations, and safety.",Medical Conditions,Mental Health,pending,,,Foundation,medical_condition
COND-212,Panic Disorder,"What panic disorder is, causes, risk factors, symptoms, evaluation, management, lifestyle considerations, and safety.",Medical Conditions,Mental Health,pending,,,Foundation,medical_condition
COND-213,Social Anxiety Disorder,"What social anxiety disorder is, causes, risk factors, symptoms, evaluation, management, lifestyle considerations, and safety.",Medical Conditions,Mental Health,pending,,,Foundation,medical_condition
COND-214,Specific Phobias,"What specific phobias is, causes, risk factors, symptoms, evaluation, management, lifestyle considerations, and safety.",Medical Conditions,Mental Health,pending,,,Foundation,medical_condition
COND-215,Health Anxiety,"What health anxiety is, causes, risk factors, symptoms, evaluation, management, lifestyle considerations, and safety.",Medical Conditions,Mental Health,pending,,,Foundation,medical_condition
COND-216,Depression,"What depression is, causes, risk factors, symptoms, evaluation, management, lifestyle considerations, and safety.",Medical Conditions,Mental Health,pending,,,Foundation,medical_condition
COND-217,Persistent Depressive Disorder,"What persistent depressive disorder is, causes, risk factors, symptoms, evaluation, management, lifestyle considerations, and safety.",Medical Conditions,Mental Health,pending,,,Foundation,medical_condition
COND-218,Bipolar Disorder,"What bipolar disorder is, causes, risk factors, symptoms, evaluation, management, lifestyle considerations, and safety.",Medical Conditions,Mental Health,pending,,,Foundation,medical_condition
COND-219,Obsessive-Compulsive Disorder,"What obsessive-compulsive disorder is, causes, risk factors, symptoms, evaluation, management, lifestyle considerations, and safety.",Medical Conditions,Mental Health,pending,,,Foundation,medical_condition
COND-220,Post-Traumatic Stress Disorder,"What post-traumatic stress disorder is, causes, risk factors, symptoms, evaluation, management, lifestyle considerations, and safety.",Medical Conditions,Mental Health,pending,,,Foundation,medical_condition
COND-221,Adjustment Disorder,"What adjustment disorder is, causes, risk factors, symptoms, evaluation, management, lifestyle considerations, and safety.",Medical Conditions,Mental Health,pending,,,Foundation,medical_condition
COND-222,Burnout,"What burnout is, causes, risk factors, symptoms, evaluation, management, lifestyle considerations, and safety.",Medical Conditions,Mental Health,pending,,,Foundation,medical_condition
COND-223,Insomnia and Mental Health,"What insomnia and mental health is, causes, risk factors, symptoms, evaluation, management, lifestyle considerations, and safety.",Medical Conditions,Mental Health,pending,,,Foundation,medical_condition
COND-224,Attention-Deficit Hyperactivity Disorder,"What attention-deficit hyperactivity disorder is, causes, risk factors, symptoms, evaluation, management, lifestyle considerations, and safety.",Medical Conditions,Mental Health,pending,,,Foundation,medical_condition
COND-225,Eating Disorders,"What eating disorders is, causes, risk factors, symptoms, evaluation, management, lifestyle considerations, and safety.",Medical Conditions,Mental Health,pending,,,Foundation,medical_condition
COND-226,Binge-Eating Disorder,"What binge-eating disorder is, causes, risk factors, symptoms, evaluation, management, lifestyle considerations, and safety.",Medical Conditions,Mental Health,pending,,,Foundation,medical_condition
COND-227,Anorexia Nervosa,"What anorexia nervosa is, causes, risk factors, symptoms, evaluation, management, lifestyle considerations, and safety.",Medical Conditions,Mental Health,pending,,,Foundation,medical_condition
COND-228,Bulimia Nervosa,"What bulimia nervosa is, causes, risk factors, symptoms, evaluation, management, lifestyle considerations, and safety.",Medical Conditions,Mental Health,pending,,,Foundation,medical_condition
COND-229,Alcohol Use Disorder,"What alcohol use disorder is, causes, risk factors, symptoms, evaluation, management, lifestyle considerations, and safety.",Medical Conditions,Mental Health,pending,,,Foundation,medical_condition
COND-230,Nicotine Dependence,"What nicotine dependence is, causes, risk factors, symptoms, evaluation, management, lifestyle considerations, and safety.",Medical Conditions,Mental Health,pending,,,Foundation,medical_condition
COND-231,Cannabis Use Disorder,"What cannabis use disorder is, causes, risk factors, symptoms, evaluation, management, lifestyle considerations, and safety.",Medical Conditions,Mental Health,pending,,,Foundation,medical_condition
COND-232,Opioid Use Disorder,"What opioid use disorder is, causes, risk factors, symptoms, evaluation, management, lifestyle considerations, and safety.",Medical Conditions,Mental Health,pending,,,Foundation,medical_condition
COND-233,Gambling Disorder,"What gambling disorder is, causes, risk factors, symptoms, evaluation, management, lifestyle considerations, and safety.",Medical Conditions,Mental Health,pending,,,Foundation,medical_condition
COND-234,Loneliness and Mental Health,"What loneliness and mental health is, causes, risk factors, symptoms, evaluation, management, lifestyle considerations, and safety.",Medical Conditions,Mental Health,pending,,,Foundation,medical_condition
COND-235,Grief,"What grief is, causes, risk factors, symptoms, evaluation, management, lifestyle considerations, and safety.",Medical Conditions,Mental Health,pending,,,Foundation,medical_condition
COND-236,Caregiver Burnout,"What caregiver burnout is, causes, risk factors, symptoms, evaluation, management, lifestyle considerations, and safety.",Medical Conditions,Mental Health,pending,,,Foundation,medical_condition
COND-237,Suicidal Thoughts,"What suicidal thoughts is, causes, risk factors, symptoms, evaluation, management, lifestyle considerations, and safety.",Medical Conditions,Mental Health,pending,,,Foundation,medical_condition
COND-238,Self-Harm Awareness,"What self-harm awareness is, causes, risk factors, symptoms, evaluation, management, lifestyle considerations, and safety.",Medical Conditions,Mental Health,pending,,,Foundation,medical_condition
COND-239,Workplace Mental Health Problems,"What workplace mental health problems is, causes, risk factors, symptoms, evaluation, management, lifestyle considerations, and safety.",Medical Conditions,Mental Health,pending,,,Foundation,medical_condition
COND-240,Stress-Related Disorders,"What stress-related disorders is, causes, risk factors, symptoms, evaluation, management, lifestyle considerations, and safety.",Medical Conditions,Mental Health,pending,,,Foundation,medical_condition
COND-241,Endometriosis,"What endometriosis is, causes, risk factors, symptoms, evaluation, management, lifestyle considerations, and safety.",Medical Conditions,Women's and Reproductive,pending,,,Foundation,medical_condition
COND-242,Uterine Fibroids,"What uterine fibroids is, causes, risk factors, symptoms, evaluation, management, lifestyle considerations, and safety.",Medical Conditions,Women's and Reproductive,pending,,,Foundation,medical_condition
COND-243,Polycystic Ovary Syndrome in Women,"What polycystic ovary syndrome in women is, causes, risk factors, symptoms, evaluation, management, lifestyle considerations, and safety.",Medical Conditions,Women's and Reproductive,pending,,,Foundation,medical_condition
COND-244,Premenstrual Syndrome,"What premenstrual syndrome is, causes, risk factors, symptoms, evaluation, management, lifestyle considerations, and safety.",Medical Conditions,Women's and Reproductive,pending,,,Foundation,medical_condition
COND-245,Premenstrual Dysphoric Disorder,"What premenstrual dysphoric disorder is, causes, risk factors, symptoms, evaluation, management, lifestyle considerations, and safety.",Medical Conditions,Women's and Reproductive,pending,,,Foundation,medical_condition
COND-246,Heavy Menstrual Bleeding,"What heavy menstrual bleeding is, causes, risk factors, symptoms, evaluation, management, lifestyle considerations, and safety.",Medical Conditions,Women's and Reproductive,pending,,,Foundation,medical_condition
COND-247,Irregular Menstruation,"What irregular menstruation is, causes, risk factors, symptoms, evaluation, management, lifestyle considerations, and safety.",Medical Conditions,Women's and Reproductive,pending,,,Foundation,medical_condition
COND-248,Amenorrhea,"What amenorrhea is, causes, risk factors, symptoms, evaluation, management, lifestyle considerations, and safety.",Medical Conditions,Women's and Reproductive,pending,,,Foundation,medical_condition
COND-249,Dysmenorrhea,"What dysmenorrhea is, causes, risk factors, symptoms, evaluation, management, lifestyle considerations, and safety.",Medical Conditions,Women's and Reproductive,pending,,,Foundation,medical_condition
COND-250,Infertility in Women,"What infertility in women is, causes, risk factors, symptoms, evaluation, management, lifestyle considerations, and safety.",Medical Conditions,Women's and Reproductive,pending,,,Foundation,medical_condition
COND-251,Menopause,"What menopause is, causes, risk factors, symptoms, evaluation, management, lifestyle considerations, and safety.",Medical Conditions,Women's and Reproductive,pending,,,Foundation,medical_condition
COND-252,Perimenopause,"What perimenopause is, causes, risk factors, symptoms, evaluation, management, lifestyle considerations, and safety.",Medical Conditions,Women's and Reproductive,pending,,,Foundation,medical_condition
COND-253,Vaginal Atrophy,"What vaginal atrophy is, causes, risk factors, symptoms, evaluation, management, lifestyle considerations, and safety.",Medical Conditions,Women's and Reproductive,pending,,,Foundation,medical_condition
COND-254,Pelvic Organ Prolapse,"What pelvic organ prolapse is, causes, risk factors, symptoms, evaluation, management, lifestyle considerations, and safety.",Medical Conditions,Women's and Reproductive,pending,,,Foundation,medical_condition
COND-255,Urinary Incontinence in Women,"What urinary incontinence in women is, causes, risk factors, symptoms, evaluation, management, lifestyle considerations, and safety.",Medical Conditions,Women's and Reproductive,pending,,,Foundation,medical_condition
COND-256,Breast Cancer,"What breast cancer is, causes, risk factors, symptoms, evaluation, management, lifestyle considerations, and safety.",Medical Conditions,Women's and Reproductive,pending,,,Foundation,medical_condition
COND-257,Cervical Cancer,"What cervical cancer is, causes, risk factors, symptoms, evaluation, management, lifestyle considerations, and safety.",Medical Conditions,Women's and Reproductive,pending,,,Foundation,medical_condition
COND-258,Ovarian Cancer,"What ovarian cancer is, causes, risk factors, symptoms, evaluation, management, lifestyle considerations, and safety.",Medical Conditions,Women's and Reproductive,pending,,,Foundation,medical_condition
COND-259,Endometrial Cancer,"What endometrial cancer is, causes, risk factors, symptoms, evaluation, management, lifestyle considerations, and safety.",Medical Conditions,Women's and Reproductive,pending,,,Foundation,medical_condition
COND-260,Gestational Diabetes,"What gestational diabetes is, causes, risk factors, symptoms, evaluation, management, lifestyle considerations, and safety.",Medical Conditions,Women's and Reproductive,pending,,,Foundation,medical_condition
COND-261,Preeclampsia,"What preeclampsia is, causes, risk factors, symptoms, evaluation, management, lifestyle considerations, and safety.",Medical Conditions,Women's and Reproductive,pending,,,Foundation,medical_condition
COND-262,Postpartum Depression,"What postpartum depression is, causes, risk factors, symptoms, evaluation, management, lifestyle considerations, and safety.",Medical Conditions,Women's and Reproductive,pending,,,Foundation,medical_condition
COND-263,Postpartum Anxiety,"What postpartum anxiety is, causes, risk factors, symptoms, evaluation, management, lifestyle considerations, and safety.",Medical Conditions,Women's and Reproductive,pending,,,Foundation,medical_condition
COND-264,Pelvic Floor Dysfunction,"What pelvic floor dysfunction is, causes, risk factors, symptoms, evaluation, management, lifestyle considerations, and safety.",Medical Conditions,Women's and Reproductive,pending,,,Foundation,medical_condition
COND-265,Ovarian Cysts,"What ovarian cysts is, causes, risk factors, symptoms, evaluation, management, lifestyle considerations, and safety.",Medical Conditions,Women's and Reproductive,pending,,,Foundation,medical_condition
COND-266,Vaginitis,"What vaginitis is, causes, risk factors, symptoms, evaluation, management, lifestyle considerations, and safety.",Medical Conditions,Women's and Reproductive,pending,,,Foundation,medical_condition
COND-267,Bacterial Vaginosis,"What bacterial vaginosis is, causes, risk factors, symptoms, evaluation, management, lifestyle considerations, and safety.",Medical Conditions,Women's and Reproductive,pending,,,Foundation,medical_condition
COND-268,Yeast Infection,"What yeast infection is, causes, risk factors, symptoms, evaluation, management, lifestyle considerations, and safety.",Medical Conditions,Women's and Reproductive,pending,,,Foundation,medical_condition
COND-269,HPV Infection,"What hpv infection is, causes, risk factors, symptoms, evaluation, management, lifestyle considerations, and safety.",Medical Conditions,Women's and Reproductive,pending,,,Foundation,medical_condition
COND-270,Female Sexual Dysfunction,"What female sexual dysfunction is, causes, risk factors, symptoms, evaluation, management, lifestyle considerations, and safety.",Medical Conditions,Women's and Reproductive,pending,,,Foundation,medical_condition
COND-271,Erectile Dysfunction,"What erectile dysfunction is, causes, risk factors, symptoms, evaluation, management, lifestyle considerations, and safety.",Medical Conditions,Men's and Other Common Conditions,pending,,,Foundation,medical_condition
COND-272,Male Infertility,"What male infertility is, causes, risk factors, symptoms, evaluation, management, lifestyle considerations, and safety.",Medical Conditions,Men's and Other Common Conditions,pending,,,Foundation,medical_condition
COND-273,Testosterone Deficiency,"What testosterone deficiency is, causes, risk factors, symptoms, evaluation, management, lifestyle considerations, and safety.",Medical Conditions,Men's and Other Common Conditions,pending,,,Foundation,medical_condition
COND-274,Gynecomastia,"What gynecomastia is, causes, risk factors, symptoms, evaluation, management, lifestyle considerations, and safety.",Medical Conditions,Men's and Other Common Conditions,pending,,,Foundation,medical_condition
COND-275,Benign Prostatic Hyperplasia in Men,"What benign prostatic hyperplasia in men is, causes, risk factors, symptoms, evaluation, management, lifestyle considerations, and safety.",Medical Conditions,Men's and Other Common Conditions,pending,,,Foundation,medical_condition
COND-276,Prostate Cancer,"What prostate cancer is, causes, risk factors, symptoms, evaluation, management, lifestyle considerations, and safety.",Medical Conditions,Men's and Other Common Conditions,pending,,,Foundation,medical_condition
COND-277,Testicular Cancer,"What testicular cancer is, causes, risk factors, symptoms, evaluation, management, lifestyle considerations, and safety.",Medical Conditions,Men's and Other Common Conditions,pending,,,Foundation,medical_condition
COND-278,Male Pattern Hair Loss,"What male pattern hair loss is, causes, risk factors, symptoms, evaluation, management, lifestyle considerations, and safety.",Medical Conditions,Men's and Other Common Conditions,pending,,,Foundation,medical_condition
COND-279,Sleep Apnea in Men,"What sleep apnea in men is, causes, risk factors, symptoms, evaluation, management, lifestyle considerations, and safety.",Medical Conditions,Men's and Other Common Conditions,pending,,,Foundation,medical_condition
COND-280,Gout in Men,"What gout in men is, causes, risk factors, symptoms, evaluation, management, lifestyle considerations, and safety.",Medical Conditions,Men's and Other Common Conditions,pending,,,Foundation,medical_condition
COND-281,Psoriasis,"What psoriasis is, causes, risk factors, symptoms, evaluation, management, lifestyle considerations, and safety.",Medical Conditions,Men's and Other Common Conditions,pending,,,Foundation,medical_condition
COND-282,Eczema,"What eczema is, causes, risk factors, symptoms, evaluation, management, lifestyle considerations, and safety.",Medical Conditions,Men's and Other Common Conditions,pending,,,Foundation,medical_condition
COND-283,Acne,"What acne is, causes, risk factors, symptoms, evaluation, management, lifestyle considerations, and safety.",Medical Conditions,Men's and Other Common Conditions,pending,,,Foundation,medical_condition
COND-284,Rosacea,"What rosacea is, causes, risk factors, symptoms, evaluation, management, lifestyle considerations, and safety.",Medical Conditions,Men's and Other Common Conditions,pending,,,Foundation,medical_condition
COND-285,Shingles,"What shingles is, causes, risk factors, symptoms, evaluation, management, lifestyle considerations, and safety.",Medical Conditions,Men's and Other Common Conditions,pending,,,Foundation,medical_condition
COND-286,Seasonal Allergies,"What seasonal allergies is, causes, risk factors, symptoms, evaluation, management, lifestyle considerations, and safety.",Medical Conditions,Men's and Other Common Conditions,pending,,,Foundation,medical_condition
COND-287,Food Allergies,"What food allergies is, causes, risk factors, symptoms, evaluation, management, lifestyle considerations, and safety.",Medical Conditions,Men's and Other Common Conditions,pending,,,Foundation,medical_condition
COND-288,Anaphylaxis,"What anaphylaxis is, causes, risk factors, symptoms, evaluation, management, lifestyle considerations, and safety.",Medical Conditions,Men's and Other Common Conditions,pending,,,Foundation,medical_condition
COND-289,Iron Deficiency Anemia,"What iron deficiency anemia is, causes, risk factors, symptoms, evaluation, management, lifestyle considerations, and safety.",Medical Conditions,Men's and Other Common Conditions,pending,,,Foundation,medical_condition
COND-290,Vitamin B12 Deficiency,"What vitamin b12 deficiency is, causes, risk factors, symptoms, evaluation, management, lifestyle considerations, and safety.",Medical Conditions,Men's and Other Common Conditions,pending,,,Foundation,medical_condition
COND-291,Folate Deficiency,"What folate deficiency is, causes, risk factors, symptoms, evaluation, management, lifestyle considerations, and safety.",Medical Conditions,Men's and Other Common Conditions,pending,,,Foundation,medical_condition
COND-292,Sickle Cell Disease,"What sickle cell disease is, causes, risk factors, symptoms, evaluation, management, lifestyle considerations, and safety.",Medical Conditions,Men's and Other Common Conditions,pending,,,Foundation,medical_condition
COND-293,Thalassemia,"What thalassemia is, causes, risk factors, symptoms, evaluation, management, lifestyle considerations, and safety.",Medical Conditions,Men's and Other Common Conditions,pending,,,Foundation,medical_condition
COND-294,Chronic Fatigue Syndrome,"What chronic fatigue syndrome is, causes, risk factors, symptoms, evaluation, management, lifestyle considerations, and safety.",Medical Conditions,Men's and Other Common Conditions,pending,,,Foundation,medical_condition
COND-295,Postural Orthostatic Tachycardia Syndrome,"What postural orthostatic tachycardia syndrome is, causes, risk factors, symptoms, evaluation, management, lifestyle considerations, and safety.",Medical Conditions,Men's and Other Common Conditions,pending,,,Foundation,medical_condition
COND-296,Long-Term Effects of Smoking,"What long-term effects of smoking is, causes, risk factors, symptoms, evaluation, management, lifestyle considerations, and safety.",Medical Conditions,Men's and Other Common Conditions,pending,,,Foundation,medical_condition
COND-297,Alcohol-Related Health Problems,"What alcohol-related health problems is, causes, risk factors, symptoms, evaluation, management, lifestyle considerations, and safety.",Medical Conditions,Men's and Other Common Conditions,pending,,,Foundation,medical_condition
COND-298,Heat Illness,"What heat illness is, causes, risk factors, symptoms, evaluation, management, lifestyle considerations, and safety.",Medical Conditions,Men's and Other Common Conditions,pending,,,Foundation,medical_condition
COND-299,Dehydration,"What dehydration is, causes, risk factors, symptoms, evaluation, management, lifestyle considerations, and safety.",Medical Conditions,Men's and Other Common Conditions,pending,,,Foundation,medical_condition
COND-300,Obesity-Related Health Complications,"What obesity-related health complications is, causes, risk factors, symptoms, evaluation, management, lifestyle considerations, and safety.",Medical Conditions,Men's and Other Common Conditions,pending,,,Foundation,medical_condition
BEH-001,How Behavior Change Works,"Evidence, mechanisms, and practical application of how behavior change works.",Behavior Change,Behavior Change Foundations,pending,,,Foundation,foundational
BEH-002,Motivation,"Evidence, mechanisms, and practical application of motivation.",Behavior Change,Behavior Change Foundations,pending,,,Foundation,foundational
BEH-003,Ability and Opportunity,"Evidence, mechanisms, and practical application of ability and opportunity.",Behavior Change,Behavior Change Foundations,pending,,,Foundation,foundational
BEH-004,Habit Formation,"Evidence, mechanisms, and practical application of habit formation.",Behavior Change,Behavior Change Foundations,pending,,,Foundation,foundational
BEH-005,Habit Loops,"Evidence, mechanisms, and practical application of habit loops.",Behavior Change,Behavior Change Foundations,pending,,,Foundation,foundational
BEH-006,Automatic Behavior,"Evidence, mechanisms, and practical application of automatic behavior.",Behavior Change,Behavior Change Foundations,pending,,,Foundation,foundational
BEH-007,Intentions vs Actions,"Evidence, mechanisms, and practical application of intentions vs actions.",Behavior Change,Behavior Change Foundations,pending,,,Foundation,foundational
BEH-008,Behavioral Triggers,"Evidence, mechanisms, and practical application of behavioral triggers.",Behavior Change,Behavior Change Foundations,pending,,,Foundation,foundational
BEH-009,Rewards and Reinforcement,"Evidence, mechanisms, and practical application of rewards and reinforcement.",Behavior Change,Behavior Change Foundations,pending,,,Foundation,foundational
BEH-010,Identity-Based Habits,"Evidence, mechanisms, and practical application of identity-based habits.",Behavior Change,Behavior Change Foundations,pending,,,Foundation,foundational
BEH-011,Self-Efficacy,"Evidence, mechanisms, and practical application of self-efficacy.",Behavior Change,Behavior Change Foundations,pending,,,Foundation,foundational
BEH-012,Readiness to Change,"Evidence, mechanisms, and practical application of readiness to change.",Behavior Change,Behavior Change Foundations,pending,,,Foundation,foundational
BEH-013,Stages of Change,"Evidence, mechanisms, and practical application of stages of change.",Behavior Change,Behavior Change Foundations,pending,,,Foundation,foundational
BEH-014,Behavioral Friction,"Evidence, mechanisms, and practical application of behavioral friction.",Behavior Change,Behavior Change Foundations,pending,,,Foundation,foundational
BEH-015,Environmental Design,"Evidence, mechanisms, and practical application of environmental design.",Behavior Change,Behavior Change Foundations,pending,,,Foundation,foundational
BEH-016,Setting Health Goals,Practical evidence-based approaches to setting health goals.,Behavior Change,Goal Setting,pending,,,Foundation,foundational
BEH-017,SMART Goals,Practical evidence-based approaches to smart goals.,Behavior Change,Goal Setting,pending,,,Foundation,foundational
BEH-018,Process Goals,Practical evidence-based approaches to process goals.,Behavior Change,Goal Setting,pending,,,Foundation,foundational
BEH-019,Outcome Goals,Practical evidence-based approaches to outcome goals.,Behavior Change,Goal Setting,pending,,,Foundation,foundational
BEH-020,Approach Goals,Practical evidence-based approaches to approach goals.,Behavior Change,Goal Setting,pending,,,Foundation,foundational
BEH-021,Avoidance Goals,Practical evidence-based approaches to avoidance goals.,Behavior Change,Goal Setting,pending,,,Foundation,foundational
BEH-022,Short-Term Goals,Practical evidence-based approaches to short-term goals.,Behavior Change,Goal Setting,pending,,,Foundation,foundational
BEH-023,Long-Term Goals,Practical evidence-based approaches to long-term goals.,Behavior Change,Goal Setting,pending,,,Foundation,foundational
BEH-024,Breaking Goals Into Steps,Practical evidence-based approaches to breaking goals into steps.,Behavior Change,Goal Setting,pending,,,Foundation,foundational
BEH-025,Choosing One Priority,Practical evidence-based approaches to choosing one priority.,Behavior Change,Goal Setting,pending,,,Foundation,foundational
BEH-026,Goal Difficulty,Practical evidence-based approaches to goal difficulty.,Behavior Change,Goal Setting,pending,,,Foundation,foundational
BEH-027,Goal Review,Practical evidence-based approaches to goal review.,Behavior Change,Goal Setting,pending,,,Foundation,foundational
BEH-028,Goal Adjustment,Practical evidence-based approaches to goal adjustment.,Behavior Change,Goal Setting,pending,,,Foundation,foundational
BEH-029,Goal Conflict,Practical evidence-based approaches to goal conflict.,Behavior Change,Goal Setting,pending,,,Foundation,foundational
BEH-030,Creating a Personal Health Roadmap,Practical evidence-based approaches to creating a personal health roadmap.,Behavior Change,Goal Setting,pending,,,Foundation,foundational
BEH-031,Self-Monitoring,"Benefits, limitations, and practical strategies related to self-monitoring.",Behavior Change,Tracking and Feedback,pending,,,Foundation,foundational
BEH-032,Habit Tracking,"Benefits, limitations, and practical strategies related to habit tracking.",Behavior Change,Tracking and Feedback,pending,,,Foundation,foundational
BEH-033,Food Tracking,"Benefits, limitations, and practical strategies related to food tracking.",Behavior Change,Tracking and Feedback,pending,,,Foundation,foundational
BEH-034,Exercise Tracking,"Benefits, limitations, and practical strategies related to exercise tracking.",Behavior Change,Tracking and Feedback,pending,,,Foundation,foundational
BEH-035,Sleep Tracking,"Benefits, limitations, and practical strategies related to sleep tracking.",Behavior Change,Tracking and Feedback,pending,,,Foundation,foundational
BEH-036,Weight Tracking,"Benefits, limitations, and practical strategies related to weight tracking.",Behavior Change,Tracking and Feedback,pending,,,Foundation,foundational
BEH-037,Blood Pressure Tracking,"Benefits, limitations, and practical strategies related to blood pressure tracking.",Behavior Change,Tracking and Feedback,pending,,,Foundation,foundational
BEH-038,Progress Photos,"Benefits, limitations, and practical strategies related to progress photos.",Behavior Change,Tracking and Feedback,pending,,,Foundation,foundational
BEH-039,Journaling Progress,"Benefits, limitations, and practical strategies related to journaling progress.",Behavior Change,Tracking and Feedback,pending,,,Foundation,foundational
BEH-040,Weekly Reviews,"Benefits, limitations, and practical strategies related to weekly reviews.",Behavior Change,Tracking and Feedback,pending,,,Foundation,foundational
BEH-041,Feedback Loops,"Benefits, limitations, and practical strategies related to feedback loops.",Behavior Change,Tracking and Feedback,pending,,,Foundation,foundational
BEH-042,Using Wearables,"Benefits, limitations, and practical strategies related to using wearables.",Behavior Change,Tracking and Feedback,pending,,,Foundation,foundational
BEH-043,Avoiding Tracking Obsession,"Benefits, limitations, and practical strategies related to avoiding tracking obsession.",Behavior Change,Tracking and Feedback,pending,,,Foundation,foundational
BEH-044,Interpreting Plateaus,"Benefits, limitations, and practical strategies related to interpreting plateaus.",Behavior Change,Tracking and Feedback,pending,,,Foundation,foundational
BEH-045,Celebrating Progress,"Benefits, limitations, and practical strategies related to celebrating progress.",Behavior Change,Tracking and Feedback,pending,,,Foundation,foundational
BEH-046,Building Consistency,How to use building consistency to support sustainable behavior change.,Behavior Change,Consistency and Relapse,pending,,,Foundation,foundational
BEH-047,Starting Small,How to use starting small to support sustainable behavior change.,Behavior Change,Consistency and Relapse,pending,,,Foundation,foundational
BEH-048,Minimum Viable Habits,How to use minimum viable habits to support sustainable behavior change.,Behavior Change,Consistency and Relapse,pending,,,Foundation,foundational
BEH-049,Never Miss Twice,How to use never miss twice to support sustainable behavior change.,Behavior Change,Consistency and Relapse,pending,,,Foundation,foundational
BEH-050,Restarting After a Lapse,How to use restarting after a lapse to support sustainable behavior change.,Behavior Change,Consistency and Relapse,pending,,,Foundation,foundational
BEH-051,Relapse Prevention,How to use relapse prevention to support sustainable behavior change.,Behavior Change,Consistency and Relapse,pending,,,Foundation,foundational
BEH-052,Handling Setbacks,How to use handling setbacks to support sustainable behavior change.,Behavior Change,Consistency and Relapse,pending,,,Foundation,foundational
BEH-053,Returning After Vacation,How to use returning after vacation to support sustainable behavior change.,Behavior Change,Consistency and Relapse,pending,,,Foundation,foundational
BEH-054,Returning After Illness,How to use returning after illness to support sustainable behavior change.,Behavior Change,Consistency and Relapse,pending,,,Foundation,foundational
BEH-055,Handling Busy Weeks,How to use handling busy weeks to support sustainable behavior change.,Behavior Change,Consistency and Relapse,pending,,,Foundation,foundational
BEH-056,Maintaining Habits During Travel,How to use maintaining habits during travel to support sustainable behavior change.,Behavior Change,Consistency and Relapse,pending,,,Foundation,foundational
BEH-057,Flexible Routines,How to use flexible routines to support sustainable behavior change.,Behavior Change,Consistency and Relapse,pending,,,Foundation,foundational
BEH-058,All-or-Nothing Thinking,How to use all-or-nothing thinking to support sustainable behavior change.,Behavior Change,Consistency and Relapse,pending,,,Foundation,foundational
BEH-059,Perfectionism and Habits,How to use perfectionism and habits to support sustainable behavior change.,Behavior Change,Consistency and Relapse,pending,,,Foundation,foundational
BEH-060,Long-Term Maintenance,How to use long-term maintenance to support sustainable behavior change.,Behavior Change,Consistency and Relapse,pending,,,Foundation,foundational
BEH-061,Intrinsic Motivation,Evidence-based ways to understand and strengthen intrinsic motivation.,Behavior Change,Motivation and Mindset,pending,,,Foundation,foundational
BEH-062,Extrinsic Motivation,Evidence-based ways to understand and strengthen extrinsic motivation.,Behavior Change,Motivation and Mindset,pending,,,Foundation,foundational
BEH-063,Values and Health,Evidence-based ways to understand and strengthen values and health.,Behavior Change,Motivation and Mindset,pending,,,Foundation,foundational
BEH-064,Purpose and Behavior Change,Evidence-based ways to understand and strengthen purpose and behavior change.,Behavior Change,Motivation and Mindset,pending,,,Foundation,foundational
BEH-065,Growth Mindset,Evidence-based ways to understand and strengthen growth mindset.,Behavior Change,Motivation and Mindset,pending,,,Foundation,foundational
BEH-066,Self-Compassion and Change,Evidence-based ways to understand and strengthen self-compassion and change.,Behavior Change,Motivation and Mindset,pending,,,Foundation,foundational
BEH-067,Positive Self-Talk,Evidence-based ways to understand and strengthen positive self-talk.,Behavior Change,Motivation and Mindset,pending,,,Foundation,foundational
BEH-068,Managing Low Motivation,Evidence-based ways to understand and strengthen managing low motivation.,Behavior Change,Motivation and Mindset,pending,,,Foundation,foundational
BEH-069,Motivation Waves,Evidence-based ways to understand and strengthen motivation waves.,Behavior Change,Motivation and Mindset,pending,,,Foundation,foundational
BEH-070,Decision Fatigue,Evidence-based ways to understand and strengthen decision fatigue.,Behavior Change,Motivation and Mindset,pending,,,Foundation,foundational
BEH-071,Willpower,Evidence-based ways to understand and strengthen willpower.,Behavior Change,Motivation and Mindset,pending,,,Foundation,foundational
BEH-072,Temptation Bundling,Evidence-based ways to understand and strengthen temptation bundling.,Behavior Change,Motivation and Mindset,pending,,,Foundation,foundational
BEH-073,Implementation Intentions,Evidence-based ways to understand and strengthen implementation intentions.,Behavior Change,Motivation and Mindset,pending,,,Foundation,foundational
BEH-074,Mental Contrasting,Evidence-based ways to understand and strengthen mental contrasting.,Behavior Change,Motivation and Mindset,pending,,,Foundation,foundational
BEH-075,Building Confidence,Evidence-based ways to understand and strengthen building confidence.,Behavior Change,Motivation and Mindset,pending,,,Foundation,foundational
BEH-076,Home Environment and Habits,How home environment and habits shapes behavior and practical strategies for improvement.,Behavior Change,Environment and Social Support,pending,,,Foundation,foundational
BEH-077,Work Environment and Habits,How work environment and habits shapes behavior and practical strategies for improvement.,Behavior Change,Environment and Social Support,pending,,,Foundation,foundational
BEH-078,Food Environment,How food environment shapes behavior and practical strategies for improvement.,Behavior Change,Environment and Social Support,pending,,,Foundation,foundational
BEH-079,Exercise Environment,How exercise environment shapes behavior and practical strategies for improvement.,Behavior Change,Environment and Social Support,pending,,,Foundation,foundational
BEH-080,Sleep Environment,How sleep environment shapes behavior and practical strategies for improvement.,Behavior Change,Environment and Social Support,pending,,,Foundation,foundational
BEH-081,Social Support,How social support shapes behavior and practical strategies for improvement.,Behavior Change,Environment and Social Support,pending,,,Foundation,foundational
BEH-082,Accountability Partners,How accountability partners shapes behavior and practical strategies for improvement.,Behavior Change,Environment and Social Support,pending,,,Foundation,foundational
BEH-083,Family Behavior Change,How family behavior change shapes behavior and practical strategies for improvement.,Behavior Change,Environment and Social Support,pending,,,Foundation,foundational
BEH-084,Partner Support,How partner support shapes behavior and practical strategies for improvement.,Behavior Change,Environment and Social Support,pending,,,Foundation,foundational
BEH-085,Group Challenges,How group challenges shapes behavior and practical strategies for improvement.,Behavior Change,Environment and Social Support,pending,,,Foundation,foundational
BEH-086,Community Support,How community support shapes behavior and practical strategies for improvement.,Behavior Change,Environment and Social Support,pending,,,Foundation,foundational
BEH-087,Role Models,How role models shapes behavior and practical strategies for improvement.,Behavior Change,Environment and Social Support,pending,,,Foundation,foundational
BEH-088,Social Norms,How social norms shapes behavior and practical strategies for improvement.,Behavior Change,Environment and Social Support,pending,,,Foundation,foundational
BEH-089,Peer Influence,How peer influence shapes behavior and practical strategies for improvement.,Behavior Change,Environment and Social Support,pending,,,Foundation,foundational
BEH-090,Designing Healthy Defaults,How designing healthy defaults shapes behavior and practical strategies for improvement.,Behavior Change,Environment and Social Support,pending,,,Foundation,foundational
BEH-091,Identifying Barriers,"How to identify, understand, and overcome identifying barriers.",Behavior Change,Problem Solving,pending,,,Foundation,foundational
BEH-092,Time Barriers,"How to identify, understand, and overcome time barriers.",Behavior Change,Problem Solving,pending,,,Foundation,foundational
BEH-093,Cost Barriers,"How to identify, understand, and overcome cost barriers.",Behavior Change,Problem Solving,pending,,,Foundation,foundational
BEH-094,Energy Barriers,"How to identify, understand, and overcome energy barriers.",Behavior Change,Problem Solving,pending,,,Foundation,foundational
BEH-095,Travel Barriers,"How to identify, understand, and overcome travel barriers.",Behavior Change,Problem Solving,pending,,,Foundation,foundational
BEH-096,Family Barriers,"How to identify, understand, and overcome family barriers.",Behavior Change,Problem Solving,pending,,,Foundation,foundational
BEH-097,Work Barriers,"How to identify, understand, and overcome work barriers.",Behavior Change,Problem Solving,pending,,,Foundation,foundational
BEH-098,Pain and Exercise Barriers,"How to identify, understand, and overcome pain and exercise barriers.",Behavior Change,Problem Solving,pending,,,Foundation,foundational
BEH-099,Weather Barriers,"How to identify, understand, and overcome weather barriers.",Behavior Change,Problem Solving,pending,,,Foundation,foundational
BEH-100,Food Cravings,"How to identify, understand, and overcome food cravings.",Behavior Change,Problem Solving,pending,,,Foundation,foundational
BEH-101,Emotional Eating,"How to identify, understand, and overcome emotional eating.",Behavior Change,Problem Solving,pending,,,Foundation,foundational
BEH-102,Procrastination,"How to identify, understand, and overcome procrastination.",Behavior Change,Problem Solving,pending,,,Foundation,foundational
BEH-103,Planning for Obstacles,"How to identify, understand, and overcome planning for obstacles.",Behavior Change,Problem Solving,pending,,,Foundation,foundational
BEH-104,If-Then Plans,"How to identify, understand, and overcome if-then plans.",Behavior Change,Problem Solving,pending,,,Foundation,foundational
BEH-105,Problem-Solving for Health Goals,"How to identify, understand, and overcome problem-solving for health goals.",Behavior Change,Problem Solving,pending,,,Foundation,foundational
BEH-106,Health Coaching,"Communication principles, evidence, and practical application of health coaching.",Behavior Change,Coaching and Communication,pending,,,Foundation,foundational
BEH-107,Motivational Interviewing,"Communication principles, evidence, and practical application of motivational interviewing.",Behavior Change,Coaching and Communication,pending,,,Foundation,foundational
BEH-108,Open-Ended Questions,"Communication principles, evidence, and practical application of open-ended questions.",Behavior Change,Coaching and Communication,pending,,,Foundation,foundational
BEH-109,Reflective Listening,"Communication principles, evidence, and practical application of reflective listening.",Behavior Change,Coaching and Communication,pending,,,Foundation,foundational
BEH-110,Supporting Autonomy,"Communication principles, evidence, and practical application of supporting autonomy.",Behavior Change,Coaching and Communication,pending,,,Foundation,foundational
BEH-111,Shared Decision Making,"Communication principles, evidence, and practical application of shared decision making.",Behavior Change,Coaching and Communication,pending,,,Foundation,foundational
BEH-112,Giving Health Feedback,"Communication principles, evidence, and practical application of giving health feedback.",Behavior Change,Coaching and Communication,pending,,,Foundation,foundational
BEH-113,Receiving Health Feedback,"Communication principles, evidence, and practical application of receiving health feedback.",Behavior Change,Coaching and Communication,pending,,,Foundation,foundational
BEH-114,Asking for Support,"Communication principles, evidence, and practical application of asking for support.",Behavior Change,Coaching and Communication,pending,,,Foundation,foundational
BEH-115,Talking About Weight,"Communication principles, evidence, and practical application of talking about weight.",Behavior Change,Coaching and Communication,pending,,,Foundation,foundational
BEH-116,Talking About Exercise,"Communication principles, evidence, and practical application of talking about exercise.",Behavior Change,Coaching and Communication,pending,,,Foundation,foundational
BEH-117,Talking About Food,"Communication principles, evidence, and practical application of talking about food.",Behavior Change,Coaching and Communication,pending,,,Foundation,foundational
BEH-118,Talking About Sleep,"Communication principles, evidence, and practical application of talking about sleep.",Behavior Change,Coaching and Communication,pending,,,Foundation,foundational
BEH-119,Talking About Stress,"Communication principles, evidence, and practical application of talking about stress.",Behavior Change,Coaching and Communication,pending,,,Foundation,foundational
BEH-120,Building a Coaching Relationship,"Communication principles, evidence, and practical application of building a coaching relationship.",Behavior Change,Coaching and Communication,pending,,,Foundation,foundational
BEH-121,Stabilize Habits,How to apply stabilize habits within a sustainable health improvement framework.,Behavior Change,SOM Habit System,pending,,,Foundation,foundational
BEH-122,Optimize Habits,How to apply optimize habits within a sustainable health improvement framework.,Behavior Change,SOM Habit System,pending,,,Foundation,foundational
BEH-123,Maximize Habits,How to apply maximize habits within a sustainable health improvement framework.,Behavior Change,SOM Habit System,pending,,,Foundation,foundational
BEH-124,Choosing Stabilize Priorities,How to apply choosing stabilize priorities within a sustainable health improvement framework.,Behavior Change,SOM Habit System,pending,,,Foundation,foundational
BEH-125,Choosing Optimize Priorities,How to apply choosing optimize priorities within a sustainable health improvement framework.,Behavior Change,SOM Habit System,pending,,,Foundation,foundational
FAQ-001,How much protein do I need?,Evidence-based answer to the common question: how much protein do i need?,Frequently Asked Questions,Nutrition FAQs,pending,,,Foundation,faq
FAQ-002,Are carbohydrates bad for health?,Evidence-based answer to the common question: are carbohydrates bad for health?,Frequently Asked Questions,Nutrition FAQs,pending,,,Foundation,faq
FAQ-003,How much fiber should I eat?,Evidence-based answer to the common question: how much fiber should i eat?,Frequently Asked Questions,Nutrition FAQs,pending,,,Foundation,faq
FAQ-004,Is dietary fat unhealthy?,Evidence-based answer to the common question: is dietary fat unhealthy?,Frequently Asked Questions,Nutrition FAQs,pending,,,Foundation,faq
FAQ-005,How much added sugar is too much?,Evidence-based answer to the common question: how much added sugar is too much?,Frequently Asked Questions,Nutrition FAQs,pending,,,Foundation,faq
FAQ-006,Is breakfast necessary?,Evidence-based answer to the common question: is breakfast necessary?,Frequently Asked Questions,Nutrition FAQs,pending,,,Foundation,faq
FAQ-007,How often should I eat?,Evidence-based answer to the common question: how often should i eat?,Frequently Asked Questions,Nutrition FAQs,pending,,,Foundation,faq
FAQ-008,Are snacks unhealthy?,Evidence-based answer to the common question: are snacks unhealthy?,Frequently Asked Questions,Nutrition FAQs,pending,,,Foundation,faq
FAQ-009,Is late-night eating bad?,Evidence-based answer to the common question: is late-night eating bad?,Frequently Asked Questions,Nutrition FAQs,pending,,,Foundation,faq
FAQ-010,How much water should I drink?,Evidence-based answer to the common question: how much water should i drink?,Frequently Asked Questions,Nutrition FAQs,pending,,,Foundation,faq
FAQ-011,Is coffee healthy?,Evidence-based answer to the common question: is coffee healthy?,Frequently Asked Questions,Nutrition FAQs,pending,,,Foundation,faq
FAQ-012,Is tea healthy?,Evidence-based answer to the common question: is tea healthy?,Frequently Asked Questions,Nutrition FAQs,pending,,,Foundation,faq
FAQ-013,Are artificial sweeteners safe?,Evidence-based answer to the common question: are artificial sweeteners safe?,Frequently Asked Questions,Nutrition FAQs,pending,,,Foundation,faq
FAQ-014,Is intermittent fasting healthy?,Evidence-based answer to the common question: is intermittent fasting healthy?,Frequently Asked Questions,Nutrition FAQs,pending,,,Foundation,faq
FAQ-015,Is a vegetarian diet healthy?,Evidence-based answer to the common question: is a vegetarian diet healthy?,Frequently Asked Questions,Nutrition FAQs,pending,,,Foundation,faq
FAQ-016,Is a vegan diet healthy?,Evidence-based answer to the common question: is a vegan diet healthy?,Frequently Asked Questions,Nutrition FAQs,pending,,,Foundation,faq
FAQ-017,Is the Mediterranean diet best?,Evidence-based answer to the common question: is the mediterranean diet best?,Frequently Asked Questions,Nutrition FAQs,pending,,,Foundation,faq
FAQ-018,How do I read a nutrition label?,Evidence-based answer to the common question: how do i read a nutrition label?,Frequently Asked Questions,Nutrition FAQs,pending,,,Foundation,faq
FAQ-019,Do I need a multivitamin?,Evidence-based answer to the common question: do i need a multivitamin?,Frequently Asked Questions,Nutrition FAQs,pending,,,Foundation,faq
FAQ-020,How can I eat healthy on a budget?,Evidence-based answer to the common question: how can i eat healthy on a budget?,Frequently Asked Questions,Nutrition FAQs,pending,,,Foundation,faq
FAQ-021,How much exercise do I need?,Evidence-based answer to the common question: how much exercise do i need?,Frequently Asked Questions,Exercise FAQs,pending,,,Foundation,faq
FAQ-022,Is walking enough exercise?,Evidence-based answer to the common question: is walking enough exercise?,Frequently Asked Questions,Exercise FAQs,pending,,,Foundation,faq
FAQ-023,How many steps should I get?,Evidence-based answer to the common question: how many steps should i get?,Frequently Asked Questions,Exercise FAQs,pending,,,Foundation,faq
FAQ-024,Do I need cardio and strength training?,Evidence-based answer to the common question: do i need cardio and strength training?,Frequently Asked Questions,Exercise FAQs,pending,,,Foundation,faq
FAQ-025,How often should I strength train?,Evidence-based answer to the common question: how often should i strength train?,Frequently Asked Questions,Exercise FAQs,pending,,,Foundation,faq
FAQ-026,How many sets should I do?,Evidence-based answer to the common question: how many sets should i do?,Frequently Asked Questions,Exercise FAQs,pending,,,Foundation,faq
FAQ-027,How heavy should I lift?,Evidence-based answer to the common question: how heavy should i lift?,Frequently Asked Questions,Exercise FAQs,pending,,,Foundation,faq
FAQ-028,Do I need to train to failure?,Evidence-based answer to the common question: do i need to train to failure?,Frequently Asked Questions,Exercise FAQs,pending,,,Foundation,faq
FAQ-029,How long should a workout be?,Evidence-based answer to the common question: how long should a workout be?,Frequently Asked Questions,Exercise FAQs,pending,,,Foundation,faq
FAQ-030,What is Zone 2 training?,Evidence-based answer to the common question: what is zone 2 training?,Frequently Asked Questions,Exercise FAQs,pending,,,Foundation,faq
FAQ-031,Is HIIT necessary?,Evidence-based answer to the common question: is hiit necessary?,Frequently Asked Questions,Exercise FAQs,pending,,,Foundation,faq
FAQ-032,How can I improve VO2 max?,Evidence-based answer to the common question: how can i improve vo2 max?,Frequently Asked Questions,Exercise FAQs,pending,,,Foundation,faq
FAQ-033,Should I stretch before exercise?,Evidence-based answer to the common question: should i stretch before exercise?,Frequently Asked Questions,Exercise FAQs,pending,,,Foundation,faq
FAQ-034,How much rest do I need between workouts?,Evidence-based answer to the common question: how much rest do i need between workouts?,Frequently Asked Questions,Exercise FAQs,pending,,,Foundation,faq
FAQ-035,Why am I sore after exercise?,Evidence-based answer to the common question: why am i sore after exercise?,Frequently Asked Questions,Exercise FAQs,pending,,,Foundation,faq
FAQ-036,Can I exercise every day?,Evidence-based answer to the common question: can i exercise every day?,Frequently Asked Questions,Exercise FAQs,pending,,,Foundation,faq
FAQ-037,How do I start exercising after a long break?,Evidence-based answer to the common question: how do i start exercising after a long break?,Frequently Asked Questions,Exercise FAQs,pending,,,Foundation,faq
FAQ-038,Is exercise safe after 50?,Evidence-based answer to the common question: is exercise safe after 50?,Frequently Asked Questions,Exercise FAQs,pending,,,Foundation,faq
FAQ-039,How do I prevent exercise injuries?,Evidence-based answer to the common question: how do i prevent exercise injuries?,Frequently Asked Questions,Exercise FAQs,pending,,,Foundation,faq
FAQ-040,What is the best exercise for longevity?,Evidence-based answer to the common question: what is the best exercise for longevity?,Frequently Asked Questions,Exercise FAQs,pending,,,Foundation,faq
FAQ-041,How much sleep do adults need?,Evidence-based answer to the common question: how much sleep do adults need?,Frequently Asked Questions,Sleep FAQs,pending,,,Foundation,faq
FAQ-042,Can I function well on six hours of sleep?,Evidence-based answer to the common question: can i function well on six hours of sleep?,Frequently Asked Questions,Sleep FAQs,pending,,,Foundation,faq
FAQ-043,Why do I wake up at night?,Evidence-based answer to the common question: why do i wake up at night?,Frequently Asked Questions,Sleep FAQs,pending,,,Foundation,faq
FAQ-044,Why am I tired after enough sleep?,Evidence-based answer to the common question: why am i tired after enough sleep?,Frequently Asked Questions,Sleep FAQs,pending,,,Foundation,faq
FAQ-045,How can I fall asleep faster?,Evidence-based answer to the common question: how can i fall asleep faster?,Frequently Asked Questions,Sleep FAQs,pending,,,Foundation,faq
FAQ-046,What should I do if I cannot sleep?,Evidence-based answer to the common question: what should i do if i cannot sleep?,Frequently Asked Questions,Sleep FAQs,pending,,,Foundation,faq
FAQ-047,Are naps good for health?,Evidence-based answer to the common question: are naps good for health?,Frequently Asked Questions,Sleep FAQs,pending,,,Foundation,faq
FAQ-048,Can I catch up on sleep on weekends?,Evidence-based answer to the common question: can i catch up on sleep on weekends?,Frequently Asked Questions,Sleep FAQs,pending,,,Foundation,faq
FAQ-049,Does caffeine affect sleep?,Evidence-based answer to the common question: does caffeine affect sleep?,Frequently Asked Questions,Sleep FAQs,pending,,,Foundation,faq
FAQ-050,Does alcohol help sleep?,Evidence-based answer to the common question: does alcohol help sleep?,Frequently Asked Questions,Sleep FAQs,pending,,,Foundation,faq
FAQ-051,Do screens really affect sleep?,Evidence-based answer to the common question: do screens really affect sleep?,Frequently Asked Questions,Sleep FAQs,pending,,,Foundation,faq
FAQ-052,What bedroom temperature is best?,Evidence-based answer to the common question: what bedroom temperature is best?,Frequently Asked Questions,Sleep FAQs,pending,,,Foundation,faq
FAQ-053,Does exercise improve sleep?,Evidence-based answer to the common question: does exercise improve sleep?,Frequently Asked Questions,Sleep FAQs,pending,,,Foundation,faq
FAQ-054,What is deep sleep?,Evidence-based answer to the common question: what is deep sleep?,Frequently Asked Questions,Sleep FAQs,pending,,,Foundation,faq
FAQ-055,What is REM sleep?,Evidence-based answer to the common question: what is rem sleep?,Frequently Asked Questions,Sleep FAQs,pending,,,Foundation,faq
FAQ-056,Are sleep trackers accurate?,Evidence-based answer to the common question: are sleep trackers accurate?,Frequently Asked Questions,Sleep FAQs,pending,,,Foundation,faq
FAQ-057,Should I take melatonin?,Evidence-based answer to the common question: should i take melatonin?,Frequently Asked Questions,Sleep FAQs,pending,,,Foundation,faq
FAQ-058,How do I know if I have sleep apnea?,Evidence-based answer to the common question: how do i know if i have sleep apnea?,Frequently Asked Questions,Sleep FAQs,pending,,,Foundation,faq
FAQ-059,Why do I snore?,Evidence-based answer to the common question: why do i snore?,Frequently Asked Questions,Sleep FAQs,pending,,,Foundation,faq
FAQ-060,How can I improve my sleep naturally?,Evidence-based answer to the common question: how can i improve my sleep naturally?,Frequently Asked Questions,Sleep FAQs,pending,,,Foundation,faq
FAQ-061,Why am I gaining weight?,Evidence-based answer to the common question: why am i gaining weight?,Frequently Asked Questions,Weight FAQs,pending,,,Foundation,faq
FAQ-062,Why is weight loss so difficult?,Evidence-based answer to the common question: why is weight loss so difficult?,Frequently Asked Questions,Weight FAQs,pending,,,Foundation,faq
FAQ-063,How fast should I lose weight?,Evidence-based answer to the common question: how fast should i lose weight?,Frequently Asked Questions,Weight FAQs,pending,,,Foundation,faq
FAQ-064,Do calories matter?,Evidence-based answer to the common question: do calories matter?,Frequently Asked Questions,Weight FAQs,pending,,,Foundation,faq
FAQ-065,Can I lose fat without counting calories?,Evidence-based answer to the common question: can i lose fat without counting calories?,Frequently Asked Questions,Weight FAQs,pending,,,Foundation,faq
FAQ-066,How much protein helps weight loss?,Evidence-based answer to the common question: how much protein helps weight loss?,Frequently Asked Questions,Weight FAQs,pending,,,Foundation,faq
FAQ-067,Does walking help weight loss?,Evidence-based answer to the common question: does walking help weight loss?,Frequently Asked Questions,Weight FAQs,pending,,,Foundation,faq
FAQ-068,Does strength training help weight loss?,Evidence-based answer to the common question: does strength training help weight loss?,Frequently Asked Questions,Weight FAQs,pending,,,Foundation,faq
FAQ-069,Why did my weight loss stop?,Evidence-based answer to the common question: why did my weight loss stop?,Frequently Asked Questions,Weight FAQs,pending,,,Foundation,faq
FAQ-070,Why does body weight fluctuate?,Evidence-based answer to the common question: why does body weight fluctuate?,Frequently Asked Questions,Weight FAQs,pending,,,Foundation,faq
FAQ-071,Is belly fat more dangerous?,Evidence-based answer to the common question: is belly fat more dangerous?,Frequently Asked Questions,Weight FAQs,pending,,,Foundation,faq
FAQ-072,Can I lose belly fat specifically?,Evidence-based answer to the common question: can i lose belly fat specifically?,Frequently Asked Questions,Weight FAQs,pending,,,Foundation,faq
FAQ-073,Does metabolism slow with age?,Evidence-based answer to the common question: does metabolism slow with age?,Frequently Asked Questions,Weight FAQs,pending,,,Foundation,faq
FAQ-074,Can sleep affect weight?,Evidence-based answer to the common question: can sleep affect weight?,Frequently Asked Questions,Weight FAQs,pending,,,Foundation,faq
FAQ-075,Can stress affect weight?,Evidence-based answer to the common question: can stress affect weight?,Frequently Asked Questions,Weight FAQs,pending,,,Foundation,faq
FAQ-076,Should I weigh myself every day?,Evidence-based answer to the common question: should i weigh myself every day?,Frequently Asked Questions,Weight FAQs,pending,,,Foundation,faq
FAQ-077,What is a healthy weight?,Evidence-based answer to the common question: what is a healthy weight?,Frequently Asked Questions,Weight FAQs,pending,,,Foundation,faq
FAQ-078,Is BMI useful?,Evidence-based answer to the common question: is bmi useful?,Frequently Asked Questions,Weight FAQs,pending,,,Foundation,faq
FAQ-079,How do I maintain lost weight?,Evidence-based answer to the common question: how do i maintain lost weight?,Frequently Asked Questions,Weight FAQs,pending,,,Foundation,faq
FAQ-080,What is the most sustainable way to lose weight?,Evidence-based answer to the common question: what is the most sustainable way to lose weight?,Frequently Asked Questions,Weight FAQs,pending,,,Foundation,faq
FAQ-081,What is insulin resistance?,Evidence-based answer to the common question: what is insulin resistance?,Frequently Asked Questions,Metabolic Health FAQs,pending,,,Foundation,faq
FAQ-082,What is prediabetes?,Evidence-based answer to the common question: what is prediabetes?,Frequently Asked Questions,Metabolic Health FAQs,pending,,,Foundation,faq
FAQ-083,Can prediabetes be reversed?,Evidence-based answer to the common question: can prediabetes be reversed?,Frequently Asked Questions,Metabolic Health FAQs,pending,,,Foundation,faq
FAQ-084,What causes type 2 diabetes?,Evidence-based answer to the common question: what causes type 2 diabetes?,Frequently Asked Questions,Metabolic Health FAQs,pending,,,Foundation,faq
FAQ-085,How can I lower blood sugar naturally?,Evidence-based answer to the common question: how can i lower blood sugar naturally?,Frequently Asked Questions,Metabolic Health FAQs,pending,,,Foundation,faq
FAQ-086,What does HbA1c mean?,Evidence-based answer to the common question: what does hba1c mean?,Frequently Asked Questions,Metabolic Health FAQs,pending,,,Foundation,faq
FAQ-087,What is fasting glucose?,Evidence-based answer to the common question: what is fasting glucose?,Frequently Asked Questions,Metabolic Health FAQs,pending,,,Foundation,faq
FAQ-088,Why does blood sugar rise after meals?,Evidence-based answer to the common question: why does blood sugar rise after meals?,Frequently Asked Questions,Metabolic Health FAQs,pending,,,Foundation,faq
FAQ-089,Does walking after meals help blood sugar?,Evidence-based answer to the common question: does walking after meals help blood sugar?,Frequently Asked Questions,Metabolic Health FAQs,pending,,,Foundation,faq
FAQ-090,Does strength training improve insulin sensitivity?,Evidence-based answer to the common question: does strength training improve insulin sensitivity?,Frequently Asked Questions,Metabolic Health FAQs,pending,,,Foundation,faq
FAQ-091,What is metabolic syndrome?,Evidence-based answer to the common question: what is metabolic syndrome?,Frequently Asked Questions,Metabolic Health FAQs,pending,,,Foundation,faq
FAQ-092,What causes fatty liver?,Evidence-based answer to the common question: what causes fatty liver?,Frequently Asked Questions,Metabolic Health FAQs,pending,,,Foundation,faq
FAQ-093,Can fatty liver improve?,Evidence-based answer to the common question: can fatty liver improve?,Frequently Asked Questions,Metabolic Health FAQs,pending,,,Foundation,faq
FAQ-094,What are triglycerides?,Evidence-based answer to the common question: what are triglycerides?,Frequently Asked Questions,Metabolic Health FAQs,pending,,,Foundation,faq
FAQ-095,How can I lower triglycerides?,Evidence-based answer to the common question: how can i lower triglycerides?,Frequently Asked Questions,Metabolic Health FAQs,pending,,,Foundation,faq
FAQ-096,What is visceral fat?,Evidence-based answer to the common question: what is visceral fat?,Frequently Asked Questions,Metabolic Health FAQs,pending,,,Foundation,faq
FAQ-097,How can I improve metabolic health?,Evidence-based answer to the common question: how can i improve metabolic health?,Frequently Asked Questions,Metabolic Health FAQs,pending,,,Foundation,faq
FAQ-098,Does sleep affect blood sugar?,Evidence-based answer to the common question: does sleep affect blood sugar?,Frequently Asked Questions,Metabolic Health FAQs,pending,,,Foundation,faq
FAQ-099,Does stress raise blood sugar?,Evidence-based answer to the common question: does stress raise blood sugar?,Frequently Asked Questions,Metabolic Health FAQs,pending,,,Foundation,faq
FAQ-100,What should I monitor for metabolic health?,Evidence-based answer to the common question: what should i monitor for metabolic health?,Frequently Asked Questions,Metabolic Health FAQs,pending,,,Foundation,faq
FAQ-101,What is a healthy blood pressure?,Evidence-based answer to the common question: what is a healthy blood pressure?,Frequently Asked Questions,Heart Health FAQs,pending,,,Foundation,faq
FAQ-102,Why does blood pressure rise with age?,Evidence-based answer to the common question: why does blood pressure rise with age?,Frequently Asked Questions,Heart Health FAQs,pending,,,Foundation,faq
FAQ-103,How can I lower blood pressure?,Evidence-based answer to the common question: how can i lower blood pressure?,Frequently Asked Questions,Heart Health FAQs,pending,,,Foundation,faq
FAQ-104,What is LDL cholesterol?,Evidence-based answer to the common question: what is ldl cholesterol?,Frequently Asked Questions,Heart Health FAQs,pending,,,Foundation,faq
FAQ-105,What is HDL cholesterol?,Evidence-based answer to the common question: what is hdl cholesterol?,Frequently Asked Questions,Heart Health FAQs,pending,,,Foundation,faq
FAQ-106,What is ApoB?,Evidence-based answer to the common question: what is apob?,Frequently Asked Questions,Heart Health FAQs,pending,,,Foundation,faq
FAQ-107,What is lipoprotein(a)?,Evidence-based answer to the common question: what is lipoprotein(a)?,Frequently Asked Questions,Heart Health FAQs,pending,,,Foundation,faq
FAQ-108,Should I worry about cholesterol in food?,Evidence-based answer to the common question: should i worry about cholesterol in food?,Frequently Asked Questions,Heart Health FAQs,pending,,,Foundation,faq
FAQ-109,Does saturated fat raise cholesterol?,Evidence-based answer to the common question: does saturated fat raise cholesterol?,Frequently Asked Questions,Heart Health FAQs,pending,,,Foundation,faq
FAQ-110,Does exercise lower cholesterol?,Evidence-based answer to the common question: does exercise lower cholesterol?,Frequently Asked Questions,Heart Health FAQs,pending,,,Foundation,faq
FAQ-111,How does fiber affect cholesterol?,Evidence-based answer to the common question: how does fiber affect cholesterol?,Frequently Asked Questions,Heart Health FAQs,pending,,,Foundation,faq
FAQ-112,What causes atherosclerosis?,Evidence-based answer to the common question: what causes atherosclerosis?,Frequently Asked Questions,Heart Health FAQs,pending,,,Foundation,faq
FAQ-113,How can I reduce heart attack risk?,Evidence-based answer to the common question: how can i reduce heart attack risk?,Frequently Asked Questions,Heart Health FAQs,pending,,,Foundation,faq
FAQ-114,How can I reduce stroke risk?,Evidence-based answer to the common question: how can i reduce stroke risk?,Frequently Asked Questions,Heart Health FAQs,pending,,,Foundation,faq
FAQ-115,What is coronary calcium scoring?,Evidence-based answer to the common question: what is coronary calcium scoring?,Frequently Asked Questions,Heart Health FAQs,pending,,,Foundation,faq
FAQ-116,Does stress affect the heart?,Evidence-based answer to the common question: does stress affect the heart?,Frequently Asked Questions,Heart Health FAQs,pending,,,Foundation,faq
FAQ-117,How does sleep affect heart health?,Evidence-based answer to the common question: how does sleep affect heart health?,Frequently Asked Questions,Heart Health FAQs,pending,,,Foundation,faq
FAQ-118,Why are South Asians at higher cardiovascular risk?,Evidence-based answer to the common question: why are south asians at higher cardiovascular risk?,Frequently Asked Questions,Heart Health FAQs,pending,,,Foundation,faq
FAQ-119,What should I track for heart health?,Evidence-based answer to the common question: what should i track for heart health?,Frequently Asked Questions,Heart Health FAQs,pending,,,Foundation,faq
FAQ-120,How can I age well?,Evidence-based answer to the common question: how can i age well?,Frequently Asked Questions,Healthy Aging FAQs,pending,,,Foundation,faq
FAQ-121,Why do we lose muscle with age?,Evidence-based answer to the common question: why do we lose muscle with age?,Frequently Asked Questions,Healthy Aging FAQs,pending,,,Foundation,faq
FAQ-122,How can I prevent muscle loss?,Evidence-based answer to the common question: how can i prevent muscle loss?,Frequently Asked Questions,Healthy Aging FAQs,pending,,,Foundation,faq
FAQ-123,How much protein do older adults need?,Evidence-based answer to the common question: how much protein do older adults need?,Frequently Asked Questions,Healthy Aging FAQs,pending,,,Foundation,faq
FAQ-124,Can I build muscle after 60?,Evidence-based answer to the common question: can i build muscle after 60?,Frequently Asked Questions,Healthy Aging FAQs,pending,,,Foundation,faq
FAQ-125,What exercise is most important after 50?,Evidence-based answer to the common question: what exercise is most important after 50?,Frequently Asked Questions,Healthy Aging FAQs,pending,,,Foundation,faq
FAQ-126,How can I maintain balance?,Evidence-based answer to the common question: how can i maintain balance?,Frequently Asked Questions,Healthy Aging FAQs,pending,,,Foundation,faq
FAQ-127,How can I prevent falls?,Evidence-based answer to the common question: how can i prevent falls?,Frequently Asked Questions,Healthy Aging FAQs,pending,,,Foundation,faq
FAQ-128,How can I protect my bones?,Evidence-based answer to the common question: how can i protect my bones?,Frequently Asked Questions,Healthy Aging FAQs,pending,,,Foundation,faq
FAQ-129,How can I reduce dementia risk?,Evidence-based answer to the common question: how can i reduce dementia risk?,Frequently Asked Questions,Healthy Aging FAQs,pending,,,Foundation,faq
FAQ-130,Does exercise help brain aging?,Evidence-based answer to the common question: does exercise help brain aging?,Frequently Asked Questions,Healthy Aging FAQs,pending,,,Foundation,faq
FAQ-131,How can I preserve mobility?,Evidence-based answer to the common question: how can i preserve mobility?,Frequently Asked Questions,Healthy Aging FAQs,pending,,,Foundation,faq
FAQ-132,What is frailty?,Evidence-based answer to the common question: what is frailty?,Frequently Asked Questions,Healthy Aging FAQs,pending,,,Foundation,faq
FAQ-133,Can frailty be reversed?,Evidence-based answer to the common question: can frailty be reversed?,Frequently Asked Questions,Healthy Aging FAQs,pending,,,Foundation,faq
FAQ-134,How does sleep change with age?,Evidence-based answer to the common question: how does sleep change with age?,Frequently Asked Questions,Healthy Aging FAQs,pending,,,Foundation,faq
FAQ-135,Why does metabolism change with age?,Evidence-based answer to the common question: why does metabolism change with age?,Frequently Asked Questions,Healthy Aging FAQs,pending,,,Foundation,faq
FAQ-136,How can I maintain energy as I age?,Evidence-based answer to the common question: how can i maintain energy as i age?,Frequently Asked Questions,Healthy Aging FAQs,pending,,,Foundation,faq
FAQ-137,What predicts healthy longevity?,Evidence-based answer to the common question: what predicts healthy longevity?,Frequently Asked Questions,Healthy Aging FAQs,pending,,,Foundation,faq
FAQ-138,Do longevity supplements work?,Evidence-based answer to the common question: do longevity supplements work?,Frequently Asked Questions,Healthy Aging FAQs,pending,,,Foundation,faq
FAQ-139,What habits matter most for healthspan?,Evidence-based answer to the common question: what habits matter most for healthspan?,Frequently Asked Questions,Healthy Aging FAQs,pending,,,Foundation,faq
FAQ-140,What is chronic stress?,Evidence-based answer to the common question: what is chronic stress?,Frequently Asked Questions,Stress FAQs,pending,,,Foundation,faq
FAQ-141,How does stress affect the body?,Evidence-based answer to the common question: how does stress affect the body?,Frequently Asked Questions,Stress FAQs,pending,,,Foundation,faq
FAQ-142,How can I lower stress quickly?,Evidence-based answer to the common question: how can i lower stress quickly?,Frequently Asked Questions,Stress FAQs,pending,,,Foundation,faq
FAQ-143,Do breathing exercises really work?,Evidence-based answer to the common question: do breathing exercises really work?,Frequently Asked Questions,Stress FAQs,pending,,,Foundation,faq
FAQ-144,Does meditation reduce stress?,Evidence-based answer to the common question: does meditation reduce stress?,Frequently Asked Questions,Stress FAQs,pending,,,Foundation,faq
FAQ-145,How much exercise helps stress?,Evidence-based answer to the common question: how much exercise helps stress?,Frequently Asked Questions,Stress FAQs,pending,,,Foundation,faq
FAQ-146,Can stress cause physical symptoms?,Evidence-based answer to the common question: can stress cause physical symptoms?,Frequently Asked Questions,Stress FAQs,pending,,,Foundation,faq
FAQ-147,Can stress affect digestion?,Evidence-based answer to the common question: can stress affect digestion?,Frequently Asked Questions,Stress FAQs,pending,,,Foundation,faq
FAQ-148,Can stress raise blood pressure?,Evidence-based answer to the common question: can stress raise blood pressure?,Frequently Asked Questions,Stress FAQs,pending,,,Foundation,faq
FAQ-149,Can stress affect sleep?,Evidence-based answer to the common question: can stress affect sleep?,Frequently Asked Questions,Stress FAQs,pending,,,Foundation,faq
FAQ-150,What is burnout?,Evidence-based answer to the common question: what is burnout?,Frequently Asked Questions,Stress FAQs,pending,,,Foundation,faq
FAQ-151,How do I know if I am burned out?,Evidence-based answer to the common question: how do i know if i am burned out?,Frequently Asked Questions,Stress FAQs,pending,,,Foundation,faq
FAQ-152,How can I stop overthinking?,Evidence-based answer to the common question: how can i stop overthinking?,Frequently Asked Questions,Stress FAQs,pending,,,Foundation,faq
FAQ-153,How can I reduce worry?,Evidence-based answer to the common question: how can i reduce worry?,Frequently Asked Questions,Stress FAQs,pending,,,Foundation,faq
FAQ-154,How can I build resilience?,Evidence-based answer to the common question: how can i build resilience?,Frequently Asked Questions,Stress FAQs,pending,,,Foundation,faq
FAQ-155,Does social connection reduce stress?,Evidence-based answer to the common question: does social connection reduce stress?,Frequently Asked Questions,Stress FAQs,pending,,,Foundation,faq
FAQ-156,How do I set healthier boundaries?,Evidence-based answer to the common question: how do i set healthier boundaries?,Frequently Asked Questions,Stress FAQs,pending,,,Foundation,faq
FAQ-157,When should I seek help for stress?,Evidence-based answer to the common question: when should i seek help for stress?,Frequently Asked Questions,Stress FAQs,pending,,,Foundation,faq
FAQ-158,What is the best daily stress-management routine?,Evidence-based answer to the common question: what is the best daily stress-management routine?,Frequently Asked Questions,Stress FAQs,pending,,,Foundation,faq
FAQ-159,What changes during perimenopause?,Evidence-based answer to the common question: what changes during perimenopause?,Frequently Asked Questions,Women's Health FAQs,pending,,,Foundation,faq
FAQ-160,What happens during menopause?,Evidence-based answer to the common question: what happens during menopause?,Frequently Asked Questions,Women's Health FAQs,pending,,,Foundation,faq
FAQ-161,Why does weight change during menopause?,Evidence-based answer to the common question: why does weight change during menopause?,Frequently Asked Questions,Women's Health FAQs,pending,,,Foundation,faq
FAQ-162,How can women protect bone health?,Evidence-based answer to the common question: how can women protect bone health?,Frequently Asked Questions,Women's Health FAQs,pending,,,Foundation,faq
FAQ-163,How much protein do women over 40 need?,Evidence-based answer to the common question: how much protein do women over 40 need?,Frequently Asked Questions,Women's Health FAQs,pending,,,Foundation,faq
FAQ-164,Is strength training safe for women?,Evidence-based answer to the common question: is strength training safe for women?,Frequently Asked Questions,Women's Health FAQs,pending,,,Foundation,faq
FAQ-165,How does the menstrual cycle affect exercise?,Evidence-based answer to the common question: how does the menstrual cycle affect exercise?,Frequently Asked Questions,Women's Health FAQs,pending,,,Foundation,faq
FAQ-166,What causes heavy periods?,Evidence-based answer to the common question: what causes heavy periods?,Frequently Asked Questions,Women's Health FAQs,pending,,,Foundation,faq
FAQ-167,What causes irregular periods?,Evidence-based answer to the common question: what causes irregular periods?,Frequently Asked Questions,Women's Health FAQs,pending,,,Foundation,faq
FAQ-168,What is PCOS?,Evidence-based answer to the common question: what is pcos?,Frequently Asked Questions,Women's Health FAQs,pending,,,Foundation,faq
FAQ-169,What is endometriosis?,Evidence-based answer to the common question: what is endometriosis?,Frequently Asked Questions,Women's Health FAQs,pending,,,Foundation,faq
FAQ-170,What is menopause hormone therapy?,Evidence-based answer to the common question: what is menopause hormone therapy?,Frequently Asked Questions,Women's Health FAQs,pending,,,Foundation,faq
FAQ-171,How does menopause affect sleep?,Evidence-based answer to the common question: how does menopause affect sleep?,Frequently Asked Questions,Women's Health FAQs,pending,,,Foundation,faq
FAQ-172,How does menopause affect heart health?,Evidence-based answer to the common question: how does menopause affect heart health?,Frequently Asked Questions,Women's Health FAQs,pending,,,Foundation,faq
FAQ-173,What preventive screenings do women need?,Evidence-based answer to the common question: what preventive screenings do women need?,Frequently Asked Questions,Women's Health FAQs,pending,,,Foundation,faq
FAQ-174,How can women reduce breast cancer risk?,Evidence-based answer to the common question: how can women reduce breast cancer risk?,Frequently Asked Questions,Women's Health FAQs,pending,,,Foundation,faq
FAQ-175,What is cervical cancer screening?,Evidence-based answer to the common question: what is cervical cancer screening?,Frequently Asked Questions,Women's Health FAQs,pending,,,Foundation,faq
FAQ-176,How can women improve pelvic floor health?,Evidence-based answer to the common question: how can women improve pelvic floor health?,Frequently Asked Questions,Women's Health FAQs,pending,,,Foundation,faq
FAQ-177,How can women prevent iron deficiency?,Evidence-based answer to the common question: how can women prevent iron deficiency?,Frequently Asked Questions,Women's Health FAQs,pending,,,Foundation,faq
FAQ-178,What habits matter most for women's healthy aging?,Evidence-based answer to the common question: what habits matter most for women's healthy aging?,Frequently Asked Questions,Women's Health FAQs,pending,,,Foundation,faq
FAQ-179,What preventive screenings do men need?,Evidence-based answer to the common question: what preventive screenings do men need?,Frequently Asked Questions,Men's Health FAQs,pending,,,Foundation,faq
FAQ-180,What causes low testosterone?,Evidence-based answer to the common question: what causes low testosterone?,Frequently Asked Questions,Men's Health FAQs,pending,,,Foundation,faq
FAQ-181,Should testosterone be checked routinely?,Evidence-based answer to the common question: should testosterone be checked routinely?,Frequently Asked Questions,Men's Health FAQs,pending,,,Foundation,faq
FAQ-182,What is erectile dysfunction?,Evidence-based answer to the common question: what is erectile dysfunction?,Frequently Asked Questions,Men's Health FAQs,pending,,,Foundation,faq
FAQ-183,What causes prostate enlargement?,Evidence-based answer to the common question: what causes prostate enlargement?,Frequently Asked Questions,Men's Health FAQs,pending,,,Foundation,faq
FAQ-184,What is PSA testing?,Evidence-based answer to the common question: what is psa testing?,Frequently Asked Questions,Men's Health FAQs,pending,,,Foundation,faq
FAQ-185,How can men reduce prostate cancer risk?,Evidence-based answer to the common question: how can men reduce prostate cancer risk?,Frequently Asked Questions,Men's Health FAQs,pending,,,Foundation,faq
FAQ-186,Why do men gain belly fat with age?,Evidence-based answer to the common question: why do men gain belly fat with age?,Frequently Asked Questions,Men's Health FAQs,pending,,,Foundation,faq
FAQ-187,How can men maintain muscle after 40?,Evidence-based answer to the common question: how can men maintain muscle after 40?,Frequently Asked Questions,Men's Health FAQs,pending,,,Foundation,faq
FAQ-188,How much protein do men need?,Evidence-based answer to the common question: how much protein do men need?,Frequently Asked Questions,Men's Health FAQs,pending,,,Foundation,faq
FAQ-189,Is strength training safe after 60?,Evidence-based answer to the common question: is strength training safe after 60?,Frequently Asked Questions,Men's Health FAQs,pending,,,Foundation,faq
FAQ-190,Why is sleep apnea common in men?,Evidence-based answer to the common question: why is sleep apnea common in men?,Frequently Asked Questions,Men's Health FAQs,pending,,,Foundation,faq
FAQ-191,How can men improve heart health?,Evidence-based answer to the common question: how can men improve heart health?,Frequently Asked Questions,Men's Health FAQs,pending,,,Foundation,faq
FAQ-192,How can men reduce diabetes risk?,Evidence-based answer to the common question: how can men reduce diabetes risk?,Frequently Asked Questions,Men's Health FAQs,pending,,,Foundation,faq
FAQ-193,How does alcohol affect men's health?,Evidence-based answer to the common question: how does alcohol affect men's health?,Frequently Asked Questions,Men's Health FAQs,pending,,,Foundation,faq
FAQ-194,How can men reduce stress?,Evidence-based answer to the common question: how can men reduce stress?,Frequently Asked Questions,Men's Health FAQs,pending,,,Foundation,faq
FAQ-195,Why is depression sometimes missed in men?,Evidence-based answer to the common question: why is depression sometimes missed in men?,Frequently Asked Questions,Men's Health FAQs,pending,,,Foundation,faq
FAQ-196,How can men maintain sexual health?,Evidence-based answer to the common question: how can men maintain sexual health?,Frequently Asked Questions,Men's Health FAQs,pending,,,Foundation,faq
FAQ-197,How can men improve energy?,Evidence-based answer to the common question: how can men improve energy?,Frequently Asked Questions,Men's Health FAQs,pending,,,Foundation,faq
FAQ-198,What habits matter most for men's healthy aging?,Evidence-based answer to the common question: what habits matter most for men's healthy aging?,Frequently Asked Questions,Men's Health FAQs,pending,,,Foundation,faq
FAQ-199,Integrating Frequently Asked Questions: Practical Synthesis 1,"An integrated evidence-based synthesis of frequently asked questions concepts, priorities, practical application, and safety.",Frequently Asked Questions,Integrated Practice,pending,,,Foundation,faq
FAQ-200,Integrating Frequently Asked Questions: Practical Synthesis 2,"An integrated evidence-based synthesis of frequently asked questions concepts, priorities, practical application, and safety.",Frequently Asked Questions,Integrated Practice,pending,,,Foundation,faq
MEA-001,Meal Planning Basics,"Practical strategies, examples, and evidence related to meal planning basics.",Meal Planning,Meal Planning Foundations,pending,,,Foundation,meal_plan
MEA-002,Building a Balanced Plate,"Practical strategies, examples, and evidence related to building a balanced plate.",Meal Planning,Meal Planning Foundations,pending,,,Foundation,meal_plan
MEA-003,Planning Protein at Each Meal,"Practical strategies, examples, and evidence related to planning protein at each meal.",Meal Planning,Meal Planning Foundations,pending,,,Foundation,meal_plan
MEA-004,Planning Fiber at Each Meal,"Practical strategies, examples, and evidence related to planning fiber at each meal.",Meal Planning,Meal Planning Foundations,pending,,,Foundation,meal_plan
MEA-005,Planning Vegetables,"Practical strategies, examples, and evidence related to planning vegetables.",Meal Planning,Meal Planning Foundations,pending,,,Foundation,meal_plan
MEA-006,Planning Whole Grains,"Practical strategies, examples, and evidence related to planning whole grains.",Meal Planning,Meal Planning Foundations,pending,,,Foundation,meal_plan
MEA-007,Planning Healthy Fats,"Practical strategies, examples, and evidence related to planning healthy fats.",Meal Planning,Meal Planning Foundations,pending,,,Foundation,meal_plan
MEA-008,Planning Hydration,"Practical strategies, examples, and evidence related to planning hydration.",Meal Planning,Meal Planning Foundations,pending,,,Foundation,meal_plan
MEA-009,Portion Planning,"Practical strategies, examples, and evidence related to portion planning.",Meal Planning,Meal Planning Foundations,pending,,,Foundation,meal_plan
MEA-010,Meal Planning Without Calorie Counting,"Practical strategies, examples, and evidence related to meal planning without calorie counting.",Meal Planning,Meal Planning Foundations,pending,,,Foundation,meal_plan
MEA-011,High-Protein Breakfasts,How to build and adapt high-protein breakfasts for balanced nutrition.,Meal Planning,Breakfast Plans,pending,,,Foundation,meal_plan
MEA-012,High-Fiber Breakfasts,How to build and adapt high-fiber breakfasts for balanced nutrition.,Meal Planning,Breakfast Plans,pending,,,Foundation,meal_plan
MEA-013,Vegetarian Breakfasts,How to build and adapt vegetarian breakfasts for balanced nutrition.,Meal Planning,Breakfast Plans,pending,,,Foundation,meal_plan
MEA-014,Vegan Breakfasts,How to build and adapt vegan breakfasts for balanced nutrition.,Meal Planning,Breakfast Plans,pending,,,Foundation,meal_plan
MEA-015,Indian Breakfasts,How to build and adapt indian breakfasts for balanced nutrition.,Meal Planning,Breakfast Plans,pending,,,Foundation,meal_plan
MEA-016,Quick Breakfasts,How to build and adapt quick breakfasts for balanced nutrition.,Meal Planning,Breakfast Plans,pending,,,Foundation,meal_plan
MEA-017,Make-Ahead Breakfasts,How to build and adapt make-ahead breakfasts for balanced nutrition.,Meal Planning,Breakfast Plans,pending,,,Foundation,meal_plan
MEA-018,Breakfasts for Weight Management,How to build and adapt breakfasts for weight management for balanced nutrition.,Meal Planning,Breakfast Plans,pending,,,Foundation,meal_plan
MEA-019,Breakfasts for Blood Sugar,How to build and adapt breakfasts for blood sugar for balanced nutrition.,Meal Planning,Breakfast Plans,pending,,,Foundation,meal_plan
MEA-020,Breakfasts for Older Adults,How to build and adapt breakfasts for older adults for balanced nutrition.,Meal Planning,Breakfast Plans,pending,,,Foundation,meal_plan
MEA-021,High-Protein Lunches,How to build and adapt high-protein lunches for balanced nutrition.,Meal Planning,Lunch Plans,pending,,,Foundation,meal_plan
MEA-022,High-Fiber Lunches,How to build and adapt high-fiber lunches for balanced nutrition.,Meal Planning,Lunch Plans,pending,,,Foundation,meal_plan
MEA-023,Vegetarian Lunches,How to build and adapt vegetarian lunches for balanced nutrition.,Meal Planning,Lunch Plans,pending,,,Foundation,meal_plan
MEA-024,Vegan Lunches,How to build and adapt vegan lunches for balanced nutrition.,Meal Planning,Lunch Plans,pending,,,Foundation,meal_plan
MEA-025,Indian Lunches,How to build and adapt indian lunches for balanced nutrition.,Meal Planning,Lunch Plans,pending,,,Foundation,meal_plan
MEA-026,Workday Lunches,How to build and adapt workday lunches for balanced nutrition.,Meal Planning,Lunch Plans,pending,,,Foundation,meal_plan
MEA-027,Meal-Prep Lunches,How to build and adapt meal-prep lunches for balanced nutrition.,Meal Planning,Lunch Plans,pending,,,Foundation,meal_plan
MEA-028,Lunches for Weight Management,How to build and adapt lunches for weight management for balanced nutrition.,Meal Planning,Lunch Plans,pending,,,Foundation,meal_plan
MEA-029,Lunches for Blood Sugar,How to build and adapt lunches for blood sugar for balanced nutrition.,Meal Planning,Lunch Plans,pending,,,Foundation,meal_plan
MEA-030,Lunches for Heart Health,How to build and adapt lunches for heart health for balanced nutrition.,Meal Planning,Lunch Plans,pending,,,Foundation,meal_plan
MEA-031,High-Protein Dinners,How to build and adapt high-protein dinners for balanced nutrition.,Meal Planning,Dinner Plans,pending,,,Foundation,meal_plan
MEA-032,High-Fiber Dinners,How to build and adapt high-fiber dinners for balanced nutrition.,Meal Planning,Dinner Plans,pending,,,Foundation,meal_plan
MEA-033,Vegetarian Dinners,How to build and adapt vegetarian dinners for balanced nutrition.,Meal Planning,Dinner Plans,pending,,,Foundation,meal_plan
MEA-034,Vegan Dinners,How to build and adapt vegan dinners for balanced nutrition.,Meal Planning,Dinner Plans,pending,,,Foundation,meal_plan
MEA-035,Indian Dinners,How to build and adapt indian dinners for balanced nutrition.,Meal Planning,Dinner Plans,pending,,,Foundation,meal_plan
MEA-036,Quick Weeknight Dinners,How to build and adapt quick weeknight dinners for balanced nutrition.,Meal Planning,Dinner Plans,pending,,,Foundation,meal_plan
MEA-037,One-Pot Dinners,How to build and adapt one-pot dinners for balanced nutrition.,Meal Planning,Dinner Plans,pending,,,Foundation,meal_plan
MEA-038,Dinners for Weight Management,How to build and adapt dinners for weight management for balanced nutrition.,Meal Planning,Dinner Plans,pending,,,Foundation,meal_plan
MEA-039,Dinners for Blood Sugar,How to build and adapt dinners for blood sugar for balanced nutrition.,Meal Planning,Dinner Plans,pending,,,Foundation,meal_plan
MEA-040,Dinners for Heart Health,How to build and adapt dinners for heart health for balanced nutrition.,Meal Planning,Dinner Plans,pending,,,Foundation,meal_plan
MEA-041,High-Protein Snacks,Practical ways to plan high-protein snacks for satiety and nutrient quality.,Meal Planning,Snack Plans,pending,,,Foundation,meal_plan
MEA-042,High-Fiber Snacks,Practical ways to plan high-fiber snacks for satiety and nutrient quality.,Meal Planning,Snack Plans,pending,,,Foundation,meal_plan
MEA-043,Healthy Indian Snacks,Practical ways to plan healthy indian snacks for satiety and nutrient quality.,Meal Planning,Snack Plans,pending,,,Foundation,meal_plan
MEA-044,Portable Snacks,Practical ways to plan portable snacks for satiety and nutrient quality.,Meal Planning,Snack Plans,pending,,,Foundation,meal_plan
MEA-045,Work Snacks,Practical ways to plan work snacks for satiety and nutrient quality.,Meal Planning,Snack Plans,pending,,,Foundation,meal_plan
MEA-046,Travel Snacks,Practical ways to plan travel snacks for satiety and nutrient quality.,Meal Planning,Snack Plans,pending,,,Foundation,meal_plan
MEA-047,Snacks for Weight Management,Practical ways to plan snacks for weight management for satiety and nutrient quality.,Meal Planning,Snack Plans,pending,,,Foundation,meal_plan
MEA-048,Snacks for Blood Sugar,Practical ways to plan snacks for blood sugar for satiety and nutrient quality.,Meal Planning,Snack Plans,pending,,,Foundation,meal_plan
MEA-049,Snacks for Older Adults,Practical ways to plan snacks for older adults for satiety and nutrient quality.,Meal Planning,Snack Plans,pending,,,Foundation,meal_plan
MEA-050,Healthy Dessert Alternatives,Practical ways to plan healthy dessert alternatives for satiety and nutrient quality.,Meal Planning,Snack Plans,pending,,,Foundation,meal_plan
MEA-051,Mediterranean Meal Planning,"How to plan mediterranean meal planning, including nutritional strengths, limitations, and practical examples.",Meal Planning,Special Diet Planning,pending,,,Foundation,meal_plan
MEA-052,DASH Meal Planning,"How to plan dash meal planning, including nutritional strengths, limitations, and practical examples.",Meal Planning,Special Diet Planning,pending,,,Foundation,meal_plan
MEA-053,Vegetarian Meal Planning,"How to plan vegetarian meal planning, including nutritional strengths, limitations, and practical examples.",Meal Planning,Special Diet Planning,pending,,,Foundation,meal_plan
MEA-054,Vegan Meal Planning,"How to plan vegan meal planning, including nutritional strengths, limitations, and practical examples.",Meal Planning,Special Diet Planning,pending,,,Foundation,meal_plan
MEA-055,Low-Carbohydrate Meal Planning,"How to plan low-carbohydrate meal planning, including nutritional strengths, limitations, and practical examples.",Meal Planning,Special Diet Planning,pending,,,Foundation,meal_plan
MEA-056,Plant-Forward Meal Planning,"How to plan plant-forward meal planning, including nutritional strengths, limitations, and practical examples.",Meal Planning,Special Diet Planning,pending,,,Foundation,meal_plan
MEA-057,High-Protein Meal Planning,"How to plan high-protein meal planning, including nutritional strengths, limitations, and practical examples.",Meal Planning,Special Diet Planning,pending,,,Foundation,meal_plan
MEA-058,High-Fiber Meal Planning,"How to plan high-fiber meal planning, including nutritional strengths, limitations, and practical examples.",Meal Planning,Special Diet Planning,pending,,,Foundation,meal_plan
MEA-059,Gluten-Free Meal Planning,"How to plan gluten-free meal planning, including nutritional strengths, limitations, and practical examples.",Meal Planning,Special Diet Planning,pending,,,Foundation,meal_plan
MEA-060,Low-FODMAP Meal Planning,"How to plan low-fodmap meal planning, including nutritional strengths, limitations, and practical examples.",Meal Planning,Special Diet Planning,pending,,,Foundation,meal_plan
MEA-061,Meal Planning for Prediabetes,Evidence-based meal planning considerations related to meal planning for prediabetes.,Meal Planning,Condition-Focused Planning,pending,,,Foundation,meal_plan
MEA-062,Meal Planning for Type 2 Diabetes,Evidence-based meal planning considerations related to meal planning for type 2 diabetes.,Meal Planning,Condition-Focused Planning,pending,,,Foundation,meal_plan
MEA-063,Meal Planning for High Blood Pressure,Evidence-based meal planning considerations related to meal planning for high blood pressure.,Meal Planning,Condition-Focused Planning,pending,,,Foundation,meal_plan
MEA-064,Meal Planning for High Cholesterol,Evidence-based meal planning considerations related to meal planning for high cholesterol.,Meal Planning,Condition-Focused Planning,pending,,,Foundation,meal_plan
MEA-065,Meal Planning for High Triglycerides,Evidence-based meal planning considerations related to meal planning for high triglycerides.,Meal Planning,Condition-Focused Planning,pending,,,Foundation,meal_plan
MEA-066,Meal Planning for Fatty Liver Disease,Evidence-based meal planning considerations related to meal planning for fatty liver disease.,Meal Planning,Condition-Focused Planning,pending,,,Foundation,meal_plan
MEA-067,Meal Planning for Gout,Evidence-based meal planning considerations related to meal planning for gout.,Meal Planning,Condition-Focused Planning,pending,,,Foundation,meal_plan
MEA-068,Meal Planning for Osteoporosis,Evidence-based meal planning considerations related to meal planning for osteoporosis.,Meal Planning,Condition-Focused Planning,pending,,,Foundation,meal_plan
MEA-069,Meal Planning for Constipation,Evidence-based meal planning considerations related to meal planning for constipation.,Meal Planning,Condition-Focused Planning,pending,,,Foundation,meal_plan
MEA-070,Meal Planning for GERD,Evidence-based meal planning considerations related to meal planning for gerd.,Meal Planning,Condition-Focused Planning,pending,,,Foundation,meal_plan
MEA-071,Meal Planning for Adults Over 40,Practical meal planning strategies related to meal planning for adults over 40.,Meal Planning,Life Stage Planning,pending,,,Foundation,meal_plan
MEA-072,Meal Planning for Adults Over 60,Practical meal planning strategies related to meal planning for adults over 60.,Meal Planning,Life Stage Planning,pending,,,Foundation,meal_plan
MEA-073,Meal Planning During Menopause,Practical meal planning strategies related to meal planning during menopause.,Meal Planning,Life Stage Planning,pending,,,Foundation,meal_plan
MEA-074,Meal Planning for Busy Professionals,Practical meal planning strategies related to meal planning for busy professionals.,Meal Planning,Life Stage Planning,pending,,,Foundation,meal_plan
MEA-075,Meal Planning for College Students,Practical meal planning strategies related to meal planning for college students.,Meal Planning,Life Stage Planning,pending,,,Foundation,meal_plan
MEA-076,Meal Planning for Families,Practical meal planning strategies related to meal planning for families.,Meal Planning,Life Stage Planning,pending,,,Foundation,meal_plan
MEA-077,Meal Planning for One Person,Practical meal planning strategies related to meal planning for one person.,Meal Planning,Life Stage Planning,pending,,,Foundation,meal_plan
MEA-078,Meal Planning for Couples,Practical meal planning strategies related to meal planning for couples.,Meal Planning,Life Stage Planning,pending,,,Foundation,meal_plan
MEA-079,Meal Planning for Travelers,Practical meal planning strategies related to meal planning for travelers.,Meal Planning,Life Stage Planning,pending,,,Foundation,meal_plan
MEA-080,Meal Planning During Recovery,Practical meal planning strategies related to meal planning during recovery.,Meal Planning,Life Stage Planning,pending,,,Foundation,meal_plan
MEA-081,Meal Planning on a Budget,"Practical strategies, examples, and tradeoffs related to meal planning on a budget.",Meal Planning,Budget and Convenience,pending,,,Foundation,meal_plan
MEA-082,Budget-Friendly Protein,"Practical strategies, examples, and tradeoffs related to budget-friendly protein.",Meal Planning,Budget and Convenience,pending,,,Foundation,meal_plan
MEA-083,Budget-Friendly Fiber,"Practical strategies, examples, and tradeoffs related to budget-friendly fiber.",Meal Planning,Budget and Convenience,pending,,,Foundation,meal_plan
MEA-084,Healthy Pantry Meals,"Practical strategies, examples, and tradeoffs related to healthy pantry meals.",Meal Planning,Budget and Convenience,pending,,,Foundation,meal_plan
MEA-085,Healthy Freezer Meals,"Practical strategies, examples, and tradeoffs related to healthy freezer meals.",Meal Planning,Budget and Convenience,pending,,,Foundation,meal_plan
MEA-086,Healthy Convenience Foods,"Practical strategies, examples, and tradeoffs related to healthy convenience foods.",Meal Planning,Budget and Convenience,pending,,,Foundation,meal_plan
MEA-087,Healthy Takeout Planning,"Practical strategies, examples, and tradeoffs related to healthy takeout planning.",Meal Planning,Budget and Convenience,pending,,,Foundation,meal_plan
MEA-088,Healthy Restaurant Planning,"Practical strategies, examples, and tradeoffs related to healthy restaurant planning.",Meal Planning,Budget and Convenience,pending,,,Foundation,meal_plan
MEA-089,Batch Cooking,"Practical strategies, examples, and tradeoffs related to batch cooking.",Meal Planning,Budget and Convenience,pending,,,Foundation,meal_plan
MEA-090,Reducing Food Waste,"Practical strategies, examples, and tradeoffs related to reducing food waste.",Meal Planning,Budget and Convenience,pending,,,Foundation,meal_plan
MEA-091,One-Week Balanced Meal Plan,"A flexible framework, examples, substitutions, and safety considerations for one-week balanced meal plan.",Meal Planning,Weekly Plans,pending,,,Foundation,meal_plan
MEA-092,One-Week High-Protein Meal Plan,"A flexible framework, examples, substitutions, and safety considerations for one-week high-protein meal plan.",Meal Planning,Weekly Plans,pending,,,Foundation,meal_plan
MEA-093,One-Week High-Fiber Meal Plan,"A flexible framework, examples, substitutions, and safety considerations for one-week high-fiber meal plan.",Meal Planning,Weekly Plans,pending,,,Foundation,meal_plan
MEA-094,One-Week Vegetarian Meal Plan,"A flexible framework, examples, substitutions, and safety considerations for one-week vegetarian meal plan.",Meal Planning,Weekly Plans,pending,,,Foundation,meal_plan
MEA-095,One-Week Indian Healthy Meal Plan,"A flexible framework, examples, substitutions, and safety considerations for one-week indian healthy meal plan.",Meal Planning,Weekly Plans,pending,,,Foundation,meal_plan
MEA-096,One-Week Mediterranean Meal Plan,"A flexible framework, examples, substitutions, and safety considerations for one-week mediterranean meal plan.",Meal Planning,Weekly Plans,pending,,,Foundation,meal_plan
MEA-097,One-Week DASH Meal Plan,"A flexible framework, examples, substitutions, and safety considerations for one-week dash meal plan.",Meal Planning,Weekly Plans,pending,,,Foundation,meal_plan
MEA-098,One-Week Weight-Management Meal Plan,"A flexible framework, examples, substitutions, and safety considerations for one-week weight-management meal plan.",Meal Planning,Weekly Plans,pending,,,Foundation,meal_plan
MEA-099,One-Week Blood-Sugar-Friendly Meal Plan,"A flexible framework, examples, substitutions, and safety considerations for one-week blood-sugar-friendly meal plan.",Meal Planning,Weekly Plans,pending,,,Foundation,meal_plan
MEA-100,Building Your Own Weekly Meal Plan,"A flexible framework, examples, substitutions, and safety considerations for building your own weekly meal plan.",Meal Planning,Weekly Plans,pending,,,Foundation,meal_plan
PROG-001,Beginner Walking Program,"A structured, progressive, safety-conscious approach to beginner walking program.",Exercise Programs,Beginner Programs,pending,,,Foundation,exercise_program
PROG-002,Beginner Strength Program,"A structured, progressive, safety-conscious approach to beginner strength program.",Exercise Programs,Beginner Programs,pending,,,Foundation,exercise_program
PROG-003,Beginner Cardio Program,"A structured, progressive, safety-conscious approach to beginner cardio program.",Exercise Programs,Beginner Programs,pending,,,Foundation,exercise_program
PROG-004,Beginner Mobility Program,"A structured, progressive, safety-conscious approach to beginner mobility program.",Exercise Programs,Beginner Programs,pending,,,Foundation,exercise_program
PROG-005,Beginner Balance Program,"A structured, progressive, safety-conscious approach to beginner balance program.",Exercise Programs,Beginner Programs,pending,,,Foundation,exercise_program
PROG-006,Beginner Home Workout Program,"A structured, progressive, safety-conscious approach to beginner home workout program.",Exercise Programs,Beginner Programs,pending,,,Foundation,exercise_program
PROG-007,Beginner Gym Program,"A structured, progressive, safety-conscious approach to beginner gym program.",Exercise Programs,Beginner Programs,pending,,,Foundation,exercise_program
PROG-008,Beginner Run-Walk Program,"A structured, progressive, safety-conscious approach to beginner run-walk program.",Exercise Programs,Beginner Programs,pending,,,Foundation,exercise_program
PROG-009,Beginner Cycling Program,"A structured, progressive, safety-conscious approach to beginner cycling program.",Exercise Programs,Beginner Programs,pending,,,Foundation,exercise_program
PROG-010,Beginner Swimming Program,"A structured, progressive, safety-conscious approach to beginner swimming program.",Exercise Programs,Beginner Programs,pending,,,Foundation,exercise_program
PROG-011,Full-Body Strength Program,"Programming principles, progression, exercise selection, and safety for full-body strength program.",Exercise Programs,Strength Programs,pending,,,Foundation,exercise_program
PROG-012,Two-Day Strength Program,"Programming principles, progression, exercise selection, and safety for two-day strength program.",Exercise Programs,Strength Programs,pending,,,Foundation,exercise_program
PROG-013,Three-Day Strength Program,"Programming principles, progression, exercise selection, and safety for three-day strength program.",Exercise Programs,Strength Programs,pending,,,Foundation,exercise_program
PROG-014,Four-Day Strength Program,"Programming principles, progression, exercise selection, and safety for four-day strength program.",Exercise Programs,Strength Programs,pending,,,Foundation,exercise_program
PROG-015,Upper-Lower Strength Program,"Programming principles, progression, exercise selection, and safety for upper-lower strength program.",Exercise Programs,Strength Programs,pending,,,Foundation,exercise_program
PROG-016,Push-Pull-Legs Program,"Programming principles, progression, exercise selection, and safety for push-pull-legs program.",Exercise Programs,Strength Programs,pending,,,Foundation,exercise_program
PROG-017,Dumbbell Strength Program,"Programming principles, progression, exercise selection, and safety for dumbbell strength program.",Exercise Programs,Strength Programs,pending,,,Foundation,exercise_program
PROG-018,Resistance Band Program,"Programming principles, progression, exercise selection, and safety for resistance band program.",Exercise Programs,Strength Programs,pending,,,Foundation,exercise_program
PROG-019,Bodyweight Strength Program,"Programming principles, progression, exercise selection, and safety for bodyweight strength program.",Exercise Programs,Strength Programs,pending,,,Foundation,exercise_program
PROG-020,Kettlebell Strength Program,"Programming principles, progression, exercise selection, and safety for kettlebell strength program.",Exercise Programs,Strength Programs,pending,,,Foundation,exercise_program
PROG-021,Beginner Muscle-Building Program,"A structured approach to beginner muscle-building program, including volume, progression, recovery, and safety.",Exercise Programs,Muscle Programs,pending,,,Foundation,exercise_program
PROG-022,Intermediate Muscle-Building Program,"A structured approach to intermediate muscle-building program, including volume, progression, recovery, and safety.",Exercise Programs,Muscle Programs,pending,,,Foundation,exercise_program
PROG-023,Upper-Body Muscle Program,"A structured approach to upper-body muscle program, including volume, progression, recovery, and safety.",Exercise Programs,Muscle Programs,pending,,,Foundation,exercise_program
PROG-024,Lower-Body Muscle Program,"A structured approach to lower-body muscle program, including volume, progression, recovery, and safety.",Exercise Programs,Muscle Programs,pending,,,Foundation,exercise_program
PROG-025,Glute Strength Program,"A structured approach to glute strength program, including volume, progression, recovery, and safety.",Exercise Programs,Muscle Programs,pending,,,Foundation,exercise_program
PROG-026,Back Strength Program,"A structured approach to back strength program, including volume, progression, recovery, and safety.",Exercise Programs,Muscle Programs,pending,,,Foundation,exercise_program
PROG-027,Chest Strength Program,"A structured approach to chest strength program, including volume, progression, recovery, and safety.",Exercise Programs,Muscle Programs,pending,,,Foundation,exercise_program
PROG-028,Shoulder Strength Program,"A structured approach to shoulder strength program, including volume, progression, recovery, and safety.",Exercise Programs,Muscle Programs,pending,,,Foundation,exercise_program
PROG-029,Arm Strength Program,"A structured approach to arm strength program, including volume, progression, recovery, and safety.",Exercise Programs,Muscle Programs,pending,,,Foundation,exercise_program
PROG-030,Core Strength Program,"A structured approach to core strength program, including volume, progression, recovery, and safety.",Exercise Programs,Muscle Programs,pending,,,Foundation,exercise_program
PROG-031,Zone 2 Training Program,"A progressive endurance framework for zone 2 training program, including intensity, recovery, and monitoring.",Exercise Programs,Cardio Programs,pending,,,Foundation,exercise_program
PROG-032,Walking for Fitness Program,"A progressive endurance framework for walking for fitness program, including intensity, recovery, and monitoring.",Exercise Programs,Cardio Programs,pending,,,Foundation,exercise_program
PROG-033,Brisk Walking Program,"A progressive endurance framework for brisk walking program, including intensity, recovery, and monitoring.",Exercise Programs,Cardio Programs,pending,,,Foundation,exercise_program
PROG-034,5K Beginner Program,"A progressive endurance framework for 5k beginner program, including intensity, recovery, and monitoring.",Exercise Programs,Cardio Programs,pending,,,Foundation,exercise_program
PROG-035,10K Beginner Program,"A progressive endurance framework for 10k beginner program, including intensity, recovery, and monitoring.",Exercise Programs,Cardio Programs,pending,,,Foundation,exercise_program
PROG-036,Cycling Fitness Program,"A progressive endurance framework for cycling fitness program, including intensity, recovery, and monitoring.",Exercise Programs,Cardio Programs,pending,,,Foundation,exercise_program
PROG-037,Indoor Cycling Program,"A progressive endurance framework for indoor cycling program, including intensity, recovery, and monitoring.",Exercise Programs,Cardio Programs,pending,,,Foundation,exercise_program
PROG-038,Rowing Fitness Program,"A progressive endurance framework for rowing fitness program, including intensity, recovery, and monitoring.",Exercise Programs,Cardio Programs,pending,,,Foundation,exercise_program
PROG-039,Elliptical Fitness Program,"A progressive endurance framework for elliptical fitness program, including intensity, recovery, and monitoring.",Exercise Programs,Cardio Programs,pending,,,Foundation,exercise_program
PROG-040,Stair Climbing Program,"A progressive endurance framework for stair climbing program, including intensity, recovery, and monitoring.",Exercise Programs,Cardio Programs,pending,,,Foundation,exercise_program
PROG-041,Beginner Interval Training Program,"A structured, evidence-based progression for beginner interval training program, including suitability and safety.",Exercise Programs,HIIT and Performance,pending,,,Foundation,exercise_program
PROG-042,HIIT Starter Program,"A structured, evidence-based progression for hiit starter program, including suitability and safety.",Exercise Programs,HIIT and Performance,pending,,,Foundation,exercise_program
PROG-043,Advanced Interval Training Program,"A structured, evidence-based progression for advanced interval training program, including suitability and safety.",Exercise Programs,HIIT and Performance,pending,,,Foundation,exercise_program
PROG-044,VO2 Max Improvement Program,"A structured, evidence-based progression for vo2 max improvement program, including suitability and safety.",Exercise Programs,HIIT and Performance,pending,,,Foundation,exercise_program
PROG-045,Lactate Threshold Program,"A structured, evidence-based progression for lactate threshold program, including suitability and safety.",Exercise Programs,HIIT and Performance,pending,,,Foundation,exercise_program
PROG-046,Sprint Interval Program,"A structured, evidence-based progression for sprint interval program, including suitability and safety.",Exercise Programs,HIIT and Performance,pending,,,Foundation,exercise_program
PROG-047,Mixed Cardio Program,"A structured, evidence-based progression for mixed cardio program, including suitability and safety.",Exercise Programs,HIIT and Performance,pending,,,Foundation,exercise_program
PROG-048,Cardio and Strength Combined Program,"A structured, evidence-based progression for cardio and strength combined program, including suitability and safety.",Exercise Programs,HIIT and Performance,pending,,,Foundation,exercise_program
PROG-049,Power Training Program,"A structured, evidence-based progression for power training program, including suitability and safety.",Exercise Programs,HIIT and Performance,pending,,,Foundation,exercise_program
PROG-050,Athletic Conditioning Program,"A structured, evidence-based progression for athletic conditioning program, including suitability and safety.",Exercise Programs,HIIT and Performance,pending,,,Foundation,exercise_program
PROG-051,Daily Mobility Program,"A progressive routine for daily mobility program, including frequency, progression, and safety.",Exercise Programs,Mobility and Balance,pending,,,Foundation,exercise_program
PROG-052,Hip Mobility Program,"A progressive routine for hip mobility program, including frequency, progression, and safety.",Exercise Programs,Mobility and Balance,pending,,,Foundation,exercise_program
PROG-053,Ankle Mobility Program,"A progressive routine for ankle mobility program, including frequency, progression, and safety.",Exercise Programs,Mobility and Balance,pending,,,Foundation,exercise_program
PROG-054,Shoulder Mobility Program,"A progressive routine for shoulder mobility program, including frequency, progression, and safety.",Exercise Programs,Mobility and Balance,pending,,,Foundation,exercise_program
PROG-055,Thoracic Mobility Program,"A progressive routine for thoracic mobility program, including frequency, progression, and safety.",Exercise Programs,Mobility and Balance,pending,,,Foundation,exercise_program
PROG-056,Flexibility Program,"A progressive routine for flexibility program, including frequency, progression, and safety.",Exercise Programs,Mobility and Balance,pending,,,Foundation,exercise_program
PROG-057,Balance Improvement Program,"A progressive routine for balance improvement program, including frequency, progression, and safety.",Exercise Programs,Mobility and Balance,pending,,,Foundation,exercise_program
PROG-058,Fall Prevention Exercise Program,"A progressive routine for fall prevention exercise program, including frequency, progression, and safety.",Exercise Programs,Mobility and Balance,pending,,,Foundation,exercise_program
PROG-059,Yoga-Based Mobility Program,"A progressive routine for yoga-based mobility program, including frequency, progression, and safety.",Exercise Programs,Mobility and Balance,pending,,,Foundation,exercise_program
PROG-060,Tai Chi Balance Program,"A progressive routine for tai chi balance program, including frequency, progression, and safety.",Exercise Programs,Mobility and Balance,pending,,,Foundation,exercise_program
PROG-061,Strength After 50 Program,"A practical, progressive exercise framework for strength after 50 program, tailored to healthy aging.",Exercise Programs,Healthy Aging Programs,pending,,,Foundation,exercise_program
PROG-062,Strength After 60 Program,"A practical, progressive exercise framework for strength after 60 program, tailored to healthy aging.",Exercise Programs,Healthy Aging Programs,pending,,,Foundation,exercise_program
PROG-063,Healthy Aging Fitness Program,"A practical, progressive exercise framework for healthy aging fitness program, tailored to healthy aging.",Exercise Programs,Healthy Aging Programs,pending,,,Foundation,exercise_program
PROG-064,Sarcopenia Prevention Program,"A practical, progressive exercise framework for sarcopenia prevention program, tailored to healthy aging.",Exercise Programs,Healthy Aging Programs,pending,,,Foundation,exercise_program
PROG-065,Bone Health Exercise Program,"A practical, progressive exercise framework for bone health exercise program, tailored to healthy aging.",Exercise Programs,Healthy Aging Programs,pending,,,Foundation,exercise_program
PROG-066,Fall Prevention Program,"A practical, progressive exercise framework for fall prevention program, tailored to healthy aging.",Exercise Programs,Healthy Aging Programs,pending,,,Foundation,exercise_program
PROG-067,Walking After 60 Program,"A practical, progressive exercise framework for walking after 60 program, tailored to healthy aging.",Exercise Programs,Healthy Aging Programs,pending,,,Foundation,exercise_program
PROG-068,Cardio After 60 Program,"A practical, progressive exercise framework for cardio after 60 program, tailored to healthy aging.",Exercise Programs,Healthy Aging Programs,pending,,,Foundation,exercise_program
PROG-069,Mobility After 60 Program,"A practical, progressive exercise framework for mobility after 60 program, tailored to healthy aging.",Exercise Programs,Healthy Aging Programs,pending,,,Foundation,exercise_program
PROG-070,Longevity Fitness Program,"A practical, progressive exercise framework for longevity fitness program, tailored to healthy aging.",Exercise Programs,Healthy Aging Programs,pending,,,Foundation,exercise_program
PROG-071,Exercise Program for Prediabetes,"Evidence-based exercise planning, progression, monitoring, and safety for exercise program for prediabetes.",Exercise Programs,Condition-Focused Programs,pending,,,Foundation,exercise_program
PROG-072,Exercise Program for Type 2 Diabetes,"Evidence-based exercise planning, progression, monitoring, and safety for exercise program for type 2 diabetes.",Exercise Programs,Condition-Focused Programs,pending,,,Foundation,exercise_program
PROG-073,Exercise Program for High Blood Pressure,"Evidence-based exercise planning, progression, monitoring, and safety for exercise program for high blood pressure.",Exercise Programs,Condition-Focused Programs,pending,,,Foundation,exercise_program
PROG-074,Exercise Program for High Cholesterol,"Evidence-based exercise planning, progression, monitoring, and safety for exercise program for high cholesterol.",Exercise Programs,Condition-Focused Programs,pending,,,Foundation,exercise_program
PROG-075,Exercise Program for Obesity,"Evidence-based exercise planning, progression, monitoring, and safety for exercise program for obesity.",Exercise Programs,Condition-Focused Programs,pending,,,Foundation,exercise_program
PROG-076,Exercise Program for Fatty Liver Disease,"Evidence-based exercise planning, progression, monitoring, and safety for exercise program for fatty liver disease.",Exercise Programs,Condition-Focused Programs,pending,,,Foundation,exercise_program
PROG-077,Exercise Program for Osteoarthritis,"Evidence-based exercise planning, progression, monitoring, and safety for exercise program for osteoarthritis.",Exercise Programs,Condition-Focused Programs,pending,,,Foundation,exercise_program
PROG-078,Exercise Program for Osteoporosis,"Evidence-based exercise planning, progression, monitoring, and safety for exercise program for osteoporosis.",Exercise Programs,Condition-Focused Programs,pending,,,Foundation,exercise_program
PROG-079,Exercise Program for Chronic Back Pain,"Evidence-based exercise planning, progression, monitoring, and safety for exercise program for chronic back pain.",Exercise Programs,Condition-Focused Programs,pending,,,Foundation,exercise_program
PROG-080,Exercise Program for Better Sleep,"Evidence-based exercise planning, progression, monitoring, and safety for exercise program for better sleep.",Exercise Programs,Condition-Focused Programs,pending,,,Foundation,exercise_program
PROG-081,20-Minute Workout Program,"Time-efficient programming, progression, and practical strategies for 20-minute workout program.",Exercise Programs,Busy-Life Programs,pending,,,Foundation,exercise_program
PROG-082,30-Minute Workout Program,"Time-efficient programming, progression, and practical strategies for 30-minute workout program.",Exercise Programs,Busy-Life Programs,pending,,,Foundation,exercise_program
PROG-083,Three-Day Fitness Program,"Time-efficient programming, progression, and practical strategies for three-day fitness program.",Exercise Programs,Busy-Life Programs,pending,,,Foundation,exercise_program
PROG-084,Weekend Warrior Program,"Time-efficient programming, progression, and practical strategies for weekend warrior program.",Exercise Programs,Busy-Life Programs,pending,,,Foundation,exercise_program
PROG-085,Travel Workout Program,"Time-efficient programming, progression, and practical strategies for travel workout program.",Exercise Programs,Busy-Life Programs,pending,,,Foundation,exercise_program
PROG-086,Hotel Workout Program,"Time-efficient programming, progression, and practical strategies for hotel workout program.",Exercise Programs,Busy-Life Programs,pending,,,Foundation,exercise_program
PROG-087,Office Worker Fitness Program,"Time-efficient programming, progression, and practical strategies for office worker fitness program.",Exercise Programs,Busy-Life Programs,pending,,,Foundation,exercise_program
PROG-088,No-Equipment Home Program,"Time-efficient programming, progression, and practical strategies for no-equipment home program.",Exercise Programs,Busy-Life Programs,pending,,,Foundation,exercise_program
PROG-089,Minimal-Equipment Program,"Time-efficient programming, progression, and practical strategies for minimal-equipment program.",Exercise Programs,Busy-Life Programs,pending,,,Foundation,exercise_program
PROG-090,Busy Professional Fitness Program,"Time-efficient programming, progression, and practical strategies for busy professional fitness program.",Exercise Programs,Busy-Life Programs,pending,,,Foundation,exercise_program
PROG-091,Fat Loss Exercise Program,"A goal-focused framework for fat loss exercise program, including progression, recovery, and safety.",Exercise Programs,Goal-Based Programs,pending,,,Foundation,exercise_program
PROG-092,Muscle Gain Exercise Program,"A goal-focused framework for muscle gain exercise program, including progression, recovery, and safety.",Exercise Programs,Goal-Based Programs,pending,,,Foundation,exercise_program
PROG-093,General Fitness Program,"A goal-focused framework for general fitness program, including progression, recovery, and safety.",Exercise Programs,Goal-Based Programs,pending,,,Foundation,exercise_program
PROG-094,Improve VO2 Max Program,"A goal-focused framework for improve vo2 max program, including progression, recovery, and safety.",Exercise Programs,Goal-Based Programs,pending,,,Foundation,exercise_program
PROG-095,Improve Strength Program,"A goal-focused framework for improve strength program, including progression, recovery, and safety.",Exercise Programs,Goal-Based Programs,pending,,,Foundation,exercise_program
PROG-096,Improve Mobility Program,"A goal-focused framework for improve mobility program, including progression, recovery, and safety.",Exercise Programs,Goal-Based Programs,pending,,,Foundation,exercise_program
PROG-097,Improve Balance Program,"A goal-focused framework for improve balance program, including progression, recovery, and safety.",Exercise Programs,Goal-Based Programs,pending,,,Foundation,exercise_program
PROG-098,Improve Energy Program,"A goal-focused framework for improve energy program, including progression, recovery, and safety.",Exercise Programs,Goal-Based Programs,pending,,,Foundation,exercise_program
PROG-099,Return to Exercise Program,"A goal-focused framework for return to exercise program, including progression, recovery, and safety.",Exercise Programs,Goal-Based Programs,pending,,,Foundation,exercise_program
PROG-100,Building Your Own Exercise Program,"A goal-focused framework for building your own exercise program, including progression, recovery, and safety.",Exercise Programs,Goal-Based Programs,pending,,,Foundation,exercise_program
CASE-001,Case Study: Weight Gain After 40,"A realistic educational scenario integrating assessment, evidence, priorities, and practical next steps for case study: weight gain after 40.",Case Studies and Scenarios,Weight and Metabolic Scenarios,pending,,,Foundation,case_study
CASE-002,Case Study: Prediabetes and Sedentary Lifestyle,"A realistic educational scenario integrating assessment, evidence, priorities, and practical next steps for case study: prediabetes and sedentary lifestyle.",Case Studies and Scenarios,Weight and Metabolic Scenarios,pending,,,Foundation,case_study
CASE-003,Case Study: Type 2 Diabetes and Low Fitness,"A realistic educational scenario integrating assessment, evidence, priorities, and practical next steps for case study: type 2 diabetes and low fitness.",Case Studies and Scenarios,Weight and Metabolic Scenarios,pending,,,Foundation,case_study
CASE-004,Case Study: Abdominal Weight Gain,"A realistic educational scenario integrating assessment, evidence, priorities, and practical next steps for case study: abdominal weight gain.",Case Studies and Scenarios,Weight and Metabolic Scenarios,pending,,,Foundation,case_study
CASE-005,Case Study: Weight-Loss Plateau,"A realistic educational scenario integrating assessment, evidence, priorities, and practical next steps for case study: weight-loss plateau.",Case Studies and Scenarios,Weight and Metabolic Scenarios,pending,,,Foundation,case_study
CASE-006,Case Study: Emotional Eating,"A realistic educational scenario integrating assessment, evidence, priorities, and practical next steps for case study: emotional eating.",Case Studies and Scenarios,Weight and Metabolic Scenarios,pending,,,Foundation,case_study
CASE-007,Case Study: Frequent Restaurant Eating,"A realistic educational scenario integrating assessment, evidence, priorities, and practical next steps for case study: frequent restaurant eating.",Case Studies and Scenarios,Weight and Metabolic Scenarios,pending,,,Foundation,case_study
CASE-008,Case Study: Vegetarian Protein Deficiency Risk,"A realistic educational scenario integrating assessment, evidence, priorities, and practical next steps for case study: vegetarian protein deficiency risk.",Case Studies and Scenarios,Weight and Metabolic Scenarios,pending,,,Foundation,case_study
CASE-009,Case Study: High Triglycerides,"A realistic educational scenario integrating assessment, evidence, priorities, and practical next steps for case study: high triglycerides.",Case Studies and Scenarios,Weight and Metabolic Scenarios,pending,,,Foundation,case_study
CASE-010,Case Study: Fatty Liver Disease,"A realistic educational scenario integrating assessment, evidence, priorities, and practical next steps for case study: fatty liver disease.",Case Studies and Scenarios,Weight and Metabolic Scenarios,pending,,,Foundation,case_study
CASE-011,Case Study: Newly Diagnosed High Blood Pressure,"A realistic educational scenario integrating risk, evidence, lifestyle, and safety for case study: newly diagnosed high blood pressure.",Case Studies and Scenarios,Heart Health Scenarios,pending,,,Foundation,case_study
CASE-012,Case Study: High LDL Cholesterol,"A realistic educational scenario integrating risk, evidence, lifestyle, and safety for case study: high ldl cholesterol.",Case Studies and Scenarios,Heart Health Scenarios,pending,,,Foundation,case_study
CASE-013,Case Study: High Lipoprotein(a),"A realistic educational scenario integrating risk, evidence, lifestyle, and safety for case study: high lipoprotein(a).",Case Studies and Scenarios,Heart Health Scenarios,pending,,,Foundation,case_study
CASE-014,Case Study: Family History of Heart Disease,"A realistic educational scenario integrating risk, evidence, lifestyle, and safety for case study: family history of heart disease.",Case Studies and Scenarios,Heart Health Scenarios,pending,,,Foundation,case_study
CASE-015,Case Study: South Asian Cardiovascular Risk,"A realistic educational scenario integrating risk, evidence, lifestyle, and safety for case study: south asian cardiovascular risk.",Case Studies and Scenarios,Heart Health Scenarios,pending,,,Foundation,case_study
CASE-016,Case Study: Low Cardiorespiratory Fitness,"A realistic educational scenario integrating risk, evidence, lifestyle, and safety for case study: low cardiorespiratory fitness.",Case Studies and Scenarios,Heart Health Scenarios,pending,,,Foundation,case_study
CASE-017,Case Study: Smoking and Heart Risk,"A realistic educational scenario integrating risk, evidence, lifestyle, and safety for case study: smoking and heart risk.",Case Studies and Scenarios,Heart Health Scenarios,pending,,,Foundation,case_study
CASE-018,Case Study: High Stress and Blood Pressure,"A realistic educational scenario integrating risk, evidence, lifestyle, and safety for case study: high stress and blood pressure.",Case Studies and Scenarios,Heart Health Scenarios,pending,,,Foundation,case_study
CASE-019,Case Study: Poor Sleep and Blood Pressure,"A realistic educational scenario integrating risk, evidence, lifestyle, and safety for case study: poor sleep and blood pressure.",Case Studies and Scenarios,Heart Health Scenarios,pending,,,Foundation,case_study
CASE-020,Case Study: Improving Heart Health After 50,"A realistic educational scenario integrating risk, evidence, lifestyle, and safety for case study: improving heart health after 50.",Case Studies and Scenarios,Heart Health Scenarios,pending,,,Foundation,case_study
CASE-021,Case Study: Chronic Short Sleep,"A realistic educational scenario integrating sleep science, behavior, safety, and practical options for case study: chronic short sleep.",Case Studies and Scenarios,Sleep Scenarios,pending,,,Foundation,case_study
CASE-022,Case Study: Difficulty Falling Asleep,"A realistic educational scenario integrating sleep science, behavior, safety, and practical options for case study: difficulty falling asleep.",Case Studies and Scenarios,Sleep Scenarios,pending,,,Foundation,case_study
CASE-023,Case Study: Waking During the Night,"A realistic educational scenario integrating sleep science, behavior, safety, and practical options for case study: waking during the night.",Case Studies and Scenarios,Sleep Scenarios,pending,,,Foundation,case_study
CASE-024,Case Study: Weekend Catch-Up Sleep,"A realistic educational scenario integrating sleep science, behavior, safety, and practical options for case study: weekend catch-up sleep.",Case Studies and Scenarios,Sleep Scenarios,pending,,,Foundation,case_study
CASE-025,Case Study: Shift Worker Sleep Problems,"A realistic educational scenario integrating sleep science, behavior, safety, and practical options for case study: shift worker sleep problems.",Case Studies and Scenarios,Sleep Scenarios,pending,,,Foundation,case_study
CASE-026,Case Study: Frequent Jet Lag,"A realistic educational scenario integrating sleep science, behavior, safety, and practical options for case study: frequent jet lag.",Case Studies and Scenarios,Sleep Scenarios,pending,,,Foundation,case_study
CASE-027,Case Study: Suspected Sleep Apnea,"A realistic educational scenario integrating sleep science, behavior, safety, and practical options for case study: suspected sleep apnea.",Case Studies and Scenarios,Sleep Scenarios,pending,,,Foundation,case_study
CASE-028,Case Study: Menopause and Sleep,"A realistic educational scenario integrating sleep science, behavior, safety, and practical options for case study: menopause and sleep.",Case Studies and Scenarios,Sleep Scenarios,pending,,,Foundation,case_study
CASE-029,Case Study: Caffeine and Insomnia,"A realistic educational scenario integrating sleep science, behavior, safety, and practical options for case study: caffeine and insomnia.",Case Studies and Scenarios,Sleep Scenarios,pending,,,Foundation,case_study
CASE-030,Case Study: Improving Sleep Without Supplements,"A realistic educational scenario integrating sleep science, behavior, safety, and practical options for case study: improving sleep without supplements.",Case Studies and Scenarios,Sleep Scenarios,pending,,,Foundation,case_study
CASE-031,Case Study: Starting Exercise After Years of Inactivity,"A realistic educational scenario integrating training, progression, recovery, and safety for case study: starting exercise after years of inactivity.",Case Studies and Scenarios,Exercise Scenarios,pending,,,Foundation,case_study
CASE-032,Case Study: Building Strength After 50,"A realistic educational scenario integrating training, progression, recovery, and safety for case study: building strength after 50.",Case Studies and Scenarios,Exercise Scenarios,pending,,,Foundation,case_study
CASE-033,Case Study: Knee Pain and Exercise,"A realistic educational scenario integrating training, progression, recovery, and safety for case study: knee pain and exercise.",Case Studies and Scenarios,Exercise Scenarios,pending,,,Foundation,case_study
CASE-034,Case Study: Low VO2 Max,"A realistic educational scenario integrating training, progression, recovery, and safety for case study: low vo2 max.",Case Studies and Scenarios,Exercise Scenarios,pending,,,Foundation,case_study
CASE-035,Case Study: Exercise Plateau,"A realistic educational scenario integrating training, progression, recovery, and safety for case study: exercise plateau.",Case Studies and Scenarios,Exercise Scenarios,pending,,,Foundation,case_study
CASE-036,Case Study: Too Much High-Intensity Training,"A realistic educational scenario integrating training, progression, recovery, and safety for case study: too much high-intensity training.",Case Studies and Scenarios,Exercise Scenarios,pending,,,Foundation,case_study
CASE-037,Case Study: Weekend-Only Exercise,"A realistic educational scenario integrating training, progression, recovery, and safety for case study: weekend-only exercise.",Case Studies and Scenarios,Exercise Scenarios,pending,,,Foundation,case_study
CASE-038,Case Study: Busy Professional Workout Plan,"A realistic educational scenario integrating training, progression, recovery, and safety for case study: busy professional workout plan.",Case Studies and Scenarios,Exercise Scenarios,pending,,,Foundation,case_study
CASE-039,Case Study: Returning After Injury,"A realistic educational scenario integrating training, progression, recovery, and safety for case study: returning after injury.",Case Studies and Scenarios,Exercise Scenarios,pending,,,Foundation,case_study
CASE-040,Case Study: Exercise for Healthy Aging,"A realistic educational scenario integrating training, progression, recovery, and safety for case study: exercise for healthy aging.",Case Studies and Scenarios,Exercise Scenarios,pending,,,Foundation,case_study
CASE-041,Case Study: Workplace Burnout,"A realistic educational scenario integrating behavior, mental well-being, evidence, and when to seek help for case study: workplace burnout.",Case Studies and Scenarios,Stress and Mental Well-Being Scenarios,pending,,,Foundation,case_study
CASE-042,Case Study: Chronic Worry,"A realistic educational scenario integrating behavior, mental well-being, evidence, and when to seek help for case study: chronic worry.",Case Studies and Scenarios,Stress and Mental Well-Being Scenarios,pending,,,Foundation,case_study
CASE-043,Case Study: Caregiver Stress,"A realistic educational scenario integrating behavior, mental well-being, evidence, and when to seek help for case study: caregiver stress.",Case Studies and Scenarios,Stress and Mental Well-Being Scenarios,pending,,,Foundation,case_study
CASE-044,Case Study: Loneliness After Retirement,"A realistic educational scenario integrating behavior, mental well-being, evidence, and when to seek help for case study: loneliness after retirement.",Case Studies and Scenarios,Stress and Mental Well-Being Scenarios,pending,,,Foundation,case_study
CASE-045,Case Study: Perfectionism and Health,"A realistic educational scenario integrating behavior, mental well-being, evidence, and when to seek help for case study: perfectionism and health.",Case Studies and Scenarios,Stress and Mental Well-Being Scenarios,pending,,,Foundation,case_study
CASE-046,Case Study: Stress Eating,"A realistic educational scenario integrating behavior, mental well-being, evidence, and when to seek help for case study: stress eating.",Case Studies and Scenarios,Stress and Mental Well-Being Scenarios,pending,,,Foundation,case_study
CASE-047,Case Study: Poor Boundaries at Work,"A realistic educational scenario integrating behavior, mental well-being, evidence, and when to seek help for case study: poor boundaries at work.",Case Studies and Scenarios,Stress and Mental Well-Being Scenarios,pending,,,Foundation,case_study
CASE-048,Case Study: Digital Overload,"A realistic educational scenario integrating behavior, mental well-being, evidence, and when to seek help for case study: digital overload.",Case Studies and Scenarios,Stress and Mental Well-Being Scenarios,pending,,,Foundation,case_study
CASE-049,Case Study: Low Motivation,"A realistic educational scenario integrating behavior, mental well-being, evidence, and when to seek help for case study: low motivation.",Case Studies and Scenarios,Stress and Mental Well-Being Scenarios,pending,,,Foundation,case_study
CASE-050,Case Study: Building Stress Resilience,"A realistic educational scenario integrating behavior, mental well-being, evidence, and when to seek help for case study: building stress resilience.",Case Studies and Scenarios,Stress and Mental Well-Being Scenarios,pending,,,Foundation,case_study
CASE-051,Case Study: Perimenopause Symptoms,"A realistic educational scenario integrating physiology, prevention, lifestyle, and safety for case study: perimenopause symptoms.",Case Studies and Scenarios,Women's Health Scenarios,pending,,,Foundation,case_study
CASE-052,Case Study: Menopause Weight Gain,"A realistic educational scenario integrating physiology, prevention, lifestyle, and safety for case study: menopause weight gain.",Case Studies and Scenarios,Women's Health Scenarios,pending,,,Foundation,case_study
CASE-053,Case Study: Heavy Menstrual Bleeding,"A realistic educational scenario integrating physiology, prevention, lifestyle, and safety for case study: heavy menstrual bleeding.",Case Studies and Scenarios,Women's Health Scenarios,pending,,,Foundation,case_study
CASE-054,Case Study: Iron Deficiency in a Woman,"A realistic educational scenario integrating physiology, prevention, lifestyle, and safety for case study: iron deficiency in a woman.",Case Studies and Scenarios,Women's Health Scenarios,pending,,,Foundation,case_study
CASE-055,Case Study: PCOS and Metabolic Health,"A realistic educational scenario integrating physiology, prevention, lifestyle, and safety for case study: pcos and metabolic health.",Case Studies and Scenarios,Women's Health Scenarios,pending,,,Foundation,case_study
CASE-056,Case Study: Sleep Problems During Menopause,"A realistic educational scenario integrating physiology, prevention, lifestyle, and safety for case study: sleep problems during menopause.",Case Studies and Scenarios,Women's Health Scenarios,pending,,,Foundation,case_study
CASE-057,Case Study: Bone Health After Menopause,"A realistic educational scenario integrating physiology, prevention, lifestyle, and safety for case study: bone health after menopause.",Case Studies and Scenarios,Women's Health Scenarios,pending,,,Foundation,case_study
CASE-058,Case Study: Strength Training After Menopause,"A realistic educational scenario integrating physiology, prevention, lifestyle, and safety for case study: strength training after menopause.",Case Studies and Scenarios,Women's Health Scenarios,pending,,,Foundation,case_study
CASE-059,Case Study: Postpartum Return to Exercise,"A realistic educational scenario integrating physiology, prevention, lifestyle, and safety for case study: postpartum return to exercise.",Case Studies and Scenarios,Women's Health Scenarios,pending,,,Foundation,case_study
CASE-060,Case Study: Women's Preventive Health Planning,"A realistic educational scenario integrating physiology, prevention, lifestyle, and safety for case study: women's preventive health planning.",Case Studies and Scenarios,Women's Health Scenarios,pending,,,Foundation,case_study
CASE-061,Case Study: Low Energy in a Man Over 50,"A realistic educational scenario integrating prevention, lifestyle, evaluation, and safety for case study: low energy in a man over 50.",Case Studies and Scenarios,Men's Health Scenarios,pending,,,Foundation,case_study
CASE-062,Case Study: Erectile Dysfunction and Cardiovascular Risk,"A realistic educational scenario integrating prevention, lifestyle, evaluation, and safety for case study: erectile dysfunction and cardiovascular risk.",Case Studies and Scenarios,Men's Health Scenarios,pending,,,Foundation,case_study
CASE-063,Case Study: High Blood Pressure in a Man,"A realistic educational scenario integrating prevention, lifestyle, evaluation, and safety for case study: high blood pressure in a man.",Case Studies and Scenarios,Men's Health Scenarios,pending,,,Foundation,case_study
CASE-064,Case Study: Low Testosterone Concern,"A realistic educational scenario integrating prevention, lifestyle, evaluation, and safety for case study: low testosterone concern.",Case Studies and Scenarios,Men's Health Scenarios,pending,,,Foundation,case_study
CASE-065,Case Study: Belly Fat After 40,"A realistic educational scenario integrating prevention, lifestyle, evaluation, and safety for case study: belly fat after 40.",Case Studies and Scenarios,Men's Health Scenarios,pending,,,Foundation,case_study
CASE-066,Case Study: Sleep Apnea in a Man,"A realistic educational scenario integrating prevention, lifestyle, evaluation, and safety for case study: sleep apnea in a man.",Case Studies and Scenarios,Men's Health Scenarios,pending,,,Foundation,case_study
CASE-067,Case Study: Strength Loss After 60,"A realistic educational scenario integrating prevention, lifestyle, evaluation, and safety for case study: strength loss after 60.",Case Studies and Scenarios,Men's Health Scenarios,pending,,,Foundation,case_study
CASE-068,Case Study: Prostate Screening Decision,"A realistic educational scenario integrating prevention, lifestyle, evaluation, and safety for case study: prostate screening decision.",Case Studies and Scenarios,Men's Health Scenarios,pending,,,Foundation,case_study
CASE-069,Case Study: Men's Work Stress,"A realistic educational scenario integrating prevention, lifestyle, evaluation, and safety for case study: men's work stress.",Case Studies and Scenarios,Men's Health Scenarios,pending,,,Foundation,case_study
CASE-070,Case Study: Men's Healthy Aging Plan,"A realistic educational scenario integrating prevention, lifestyle, evaluation, and safety for case study: men's healthy aging plan.",Case Studies and Scenarios,Men's Health Scenarios,pending,,,Foundation,case_study
CASE-071,Case Study: Muscle Loss After 65,"A realistic educational scenario integrating function, prevention, evidence, and practical next steps for case study: muscle loss after 65.",Case Studies and Scenarios,Healthy Aging Scenarios,pending,,,Foundation,case_study
CASE-072,Case Study: Recurrent Falls,"A realistic educational scenario integrating function, prevention, evidence, and practical next steps for case study: recurrent falls.",Case Studies and Scenarios,Healthy Aging Scenarios,pending,,,Foundation,case_study
CASE-073,Case Study: Low Bone Density,"A realistic educational scenario integrating function, prevention, evidence, and practical next steps for case study: low bone density.",Case Studies and Scenarios,Healthy Aging Scenarios,pending,,,Foundation,case_study
CASE-074,Case Study: Mild Memory Concerns,"A realistic educational scenario integrating function, prevention, evidence, and practical next steps for case study: mild memory concerns.",Case Studies and Scenarios,Healthy Aging Scenarios,pending,,,Foundation,case_study
CASE-075,Case Study: Retirement and Social Isolation,"A realistic educational scenario integrating function, prevention, evidence, and practical next steps for case study: retirement and social isolation.",Case Studies and Scenarios,Healthy Aging Scenarios,pending,,,Foundation,case_study
CASE-076,Case Study: Unintentional Weight Loss in an Older Adult,"A realistic educational scenario integrating function, prevention, evidence, and practical next steps for case study: unintentional weight loss in an older adult.",Case Studies and Scenarios,Healthy Aging Scenarios,pending,,,Foundation,case_study
CASE-077,Case Study: Polypharmacy,"A realistic educational scenario integrating function, prevention, evidence, and practical next steps for case study: polypharmacy.",Case Studies and Scenarios,Healthy Aging Scenarios,pending,,,Foundation,case_study
CASE-078,Case Study: Low Walking Speed,"A realistic educational scenario integrating function, prevention, evidence, and practical next steps for case study: low walking speed.",Case Studies and Scenarios,Healthy Aging Scenarios,pending,,,Foundation,case_study
CASE-079,Case Study: Frailty Risk,"A realistic educational scenario integrating function, prevention, evidence, and practical next steps for case study: frailty risk.",Case Studies and Scenarios,Healthy Aging Scenarios,pending,,,Foundation,case_study
CASE-080,Case Study: Building a Healthy Aging Plan,"A realistic educational scenario integrating function, prevention, evidence, and practical next steps for case study: building a healthy aging plan.",Case Studies and Scenarios,Healthy Aging Scenarios,pending,,,Foundation,case_study
CASE-081,Case Study: Family With Unhealthy Meal Habits,"A realistic educational scenario integrating lifestyle, behavior change, and practical planning for case study: family with unhealthy meal habits.",Case Studies and Scenarios,Family and Lifestyle Scenarios,pending,,,Foundation,case_study
CASE-082,Case Study: Teen With Poor Sleep,"A realistic educational scenario integrating lifestyle, behavior change, and practical planning for case study: teen with poor sleep.",Case Studies and Scenarios,Family and Lifestyle Scenarios,pending,,,Foundation,case_study
CASE-083,Case Study: College Student Nutrition,"A realistic educational scenario integrating lifestyle, behavior change, and practical planning for case study: college student nutrition.",Case Studies and Scenarios,Family and Lifestyle Scenarios,pending,,,Foundation,case_study
CASE-084,Case Study: Parent With No Time to Exercise,"A realistic educational scenario integrating lifestyle, behavior change, and practical planning for case study: parent with no time to exercise.",Case Studies and Scenarios,Family and Lifestyle Scenarios,pending,,,Foundation,case_study
CASE-085,Case Study: Frequent Business Traveler,"A realistic educational scenario integrating lifestyle, behavior change, and practical planning for case study: frequent business traveler.",Case Studies and Scenarios,Family and Lifestyle Scenarios,pending,,,Foundation,case_study
CASE-086,Case Study: Shift-Working Family,"A realistic educational scenario integrating lifestyle, behavior change, and practical planning for case study: shift-working family.",Case Studies and Scenarios,Family and Lifestyle Scenarios,pending,,,Foundation,case_study
CASE-087,Case Study: Sedentary Office Worker,"A realistic educational scenario integrating lifestyle, behavior change, and practical planning for case study: sedentary office worker.",Case Studies and Scenarios,Family and Lifestyle Scenarios,pending,,,Foundation,case_study
CASE-088,Case Study: Healthy Eating on a Budget,"A realistic educational scenario integrating lifestyle, behavior change, and practical planning for case study: healthy eating on a budget.",Case Studies and Scenarios,Family and Lifestyle Scenarios,pending,,,Foundation,case_study
CASE-089,Case Study: High Screen Time Household,"A realistic educational scenario integrating lifestyle, behavior change, and practical planning for case study: high screen time household.",Case Studies and Scenarios,Family and Lifestyle Scenarios,pending,,,Foundation,case_study
CASE-090,Case Study: Building Healthier Family Routines,"A realistic educational scenario integrating lifestyle, behavior change, and practical planning for case study: building healthier family routines.",Case Studies and Scenarios,Family and Lifestyle Scenarios,pending,,,Foundation,case_study
CASE-091,Case Study: Stabilize Sleep First,"A realistic SOM framework scenario integrating multiple domains, prioritization, evidence, and sustainable action for case study: stabilize sleep first.",Case Studies and Scenarios,Integrated SOM Scenarios,pending,,,Foundation,case_study
CASE-092,Case Study: Stabilize Blood Sugar First,"A realistic SOM framework scenario integrating multiple domains, prioritization, evidence, and sustainable action for case study: stabilize blood sugar first.",Case Studies and Scenarios,Integrated SOM Scenarios,pending,,,Foundation,case_study
CASE-093,Case Study: Stabilize Stress First,"A realistic SOM framework scenario integrating multiple domains, prioritization, evidence, and sustainable action for case study: stabilize stress first.",Case Studies and Scenarios,Integrated SOM Scenarios,pending,,,Foundation,case_study
CASE-094,Case Study: Optimize Body Composition,"A realistic SOM framework scenario integrating multiple domains, prioritization, evidence, and sustainable action for case study: optimize body composition.",Case Studies and Scenarios,Integrated SOM Scenarios,pending,,,Foundation,case_study
CASE-095,Case Study: Optimize Aerobic Fitness,"A realistic SOM framework scenario integrating multiple domains, prioritization, evidence, and sustainable action for case study: optimize aerobic fitness.",Case Studies and Scenarios,Integrated SOM Scenarios,pending,,,Foundation,case_study
CASE-096,Case Study: Optimize Strength,"A realistic SOM framework scenario integrating multiple domains, prioritization, evidence, and sustainable action for case study: optimize strength.",Case Studies and Scenarios,Integrated SOM Scenarios,pending,,,Foundation,case_study
CASE-097,Case Study: Maximize Healthy Aging,"A realistic SOM framework scenario integrating multiple domains, prioritization, evidence, and sustainable action for case study: maximize healthy aging.",Case Studies and Scenarios,Integrated SOM Scenarios,pending,,,Foundation,case_study
CASE-098,Case Study: Multi-Domain Health Prioritization,"A realistic SOM framework scenario integrating multiple domains, prioritization, evidence, and sustainable action for case study: multi-domain health prioritization.",Case Studies and Scenarios,Integrated SOM Scenarios,pending,,,Foundation,case_study
CASE-099,Case Study: Building a 30-Day Health Roadmap,"A realistic SOM framework scenario integrating multiple domains, prioritization, evidence, and sustainable action for case study: building a 30-day health roadmap.",Case Studies and Scenarios,Integrated SOM Scenarios,pending,,,Foundation,case_study
CASE-100,Case Study: Building a 12-Month SOM Plan,"A realistic SOM framework scenario integrating multiple domains, prioritization, evidence, and sustainable action for case study: building a 12-month som plan.",Case Studies and Scenarios,Integrated SOM Scenarios,pending,,,Foundation,case_study
